StudentID,StudentName,Grade,CourseID,CourseName,SectionID,Period,Slots,TeacherID,TeacherName,RoomID,RoomName
100052,,11,H1206,AP English Language & Composition,H1206.1,2,A3;C1;D4,19,,,
100052,,11,I1212,AP Macroeconomics,I1212.3,3,B3;D1;E5,34,,,
100052,,11,I1213,AP Microeconomics,I1213.3,3,B3;D1;E5,34,,,
100052,,11,C0904,Band Level I,C0904.1,4,B1;C4;E2,3,,,
100052,,11,E1101,Physical Education and Health 11,E1101.4,5,A1;B4;D2,27,,,
100052,,11,A1105,Physics 11,A1105.5,6,A4;C2;D5,41,,,
100052,,11,G1203,Español & Literatura 11,G1203.1,7,A2;B5;D3,36,,,
100052,,11,I1204,AP Calculus AB,I1204.2,8,B2;C5;E4,44,,,
100052,,11,ADVHS01,Advisory HS,ADVHS01.13,9,E3,24,,,
26009,,12,OI1305,Calculus,OI1305.2,1,A5;C3;E1,35,,,
26009,,12,E1201,Physical Education and Health 12,E1201.6,2,A3;C1;D4,30,,,
26009,,12,A1204,Environmental Science,A1204.3,3,B3;D1;E5,13,,,
26009,,12,I1212,AP Macroeconomics,I1212.1,4,B1;C4;E2,34,,,
26009,,12,I1213,AP Microeconomics,I1213.1,4,B1;C4;E2,34,,,
26009,,12,J1203,Tech. and Innovation for Social Change,J1203.5,5,A1;B4;D2,22,,,
26009,,12,G1201,Español & Literatura 12,G1201.6,6,A4;C2;D5,36,,,
26009,,12,OC1310,Painting II,OC1310.2,7,A2;B5;D3,46,,,
26009,,12,OH1501,Journalism Higher Level,OH1501.2,8,B2;C5;E4,43,,,
26009,,12,ADVHS01,Advisory HS,ADVHS01.20,9,E3,33,,,
26012,,12,H1201B,AP English Literature and Composition,H1201B.2,0,,23,,,
26012,,12,OI1305,Calculus,OI1305.2,1,A5;C3;E1,35,,,
26012,,12,E1201,Physical Education and Health 12,E1201.5,3,B3;D1;E5,30,,,
26012,,12,J1203,Tech. and Innovation for Social Change,J1203.1,4,B1;C4;E2,20,,,
26012,,12,OZ1207,Anatomy and Physiology,OZ1207.1,6,A4;C2;D5,13,,,
26012,,12,G1201,Español & Literatura 12,G1201.3,7,A2;B5;D3,6,,,
26012,,12,L1303,Pensar nuestro tiempo,L1303.1,8,B2;C5;E4,24,,,
26012,,12,ADVHS01,Advisory HS,ADVHS01.27,9,E3,41,,,
26023,,12,OI1303,Financial Math,OI1303.2,1,A5;C3;E1,4,,,
26023,,12,E1201,Physical Education and Health 12,E1201.6,2,A3;C1;D4,30,,,
26023,,12,G1201,Español & Literatura 12,G1201.2,3,B3;D1;E5,6,,,
26023,,12,J1203,Tech. and Innovation for Social Change,J1203.1,4,B1;C4;E2,20,,,
26023,,12,OA1318,AP Environmental Science,OA1318.1,5,A1;B4;D2,13,,,
26023,,12,OH1501,Journalism Higher Level,OH1501.1,6,A4;C2;D5,43,,,
26023,,12,L1304,Life Purpose,L1304.4,7,A2;B5;D3,33,,,
26023,,12,OI1305,Calculus,OI1305.1,8,B2;C5;E4,35,,,
26023,,12,ADVHS01,Advisory HS,ADVHS01.27,9,E3,41,,,
26024,,12,E1201,Physical Education and Health 12,E1201.3,1,A5;C3;E1,30,,,
26024,,12,L1302,Introduction to Law,L1302.2,2,A3;C1;D4,24,,,
26024,,12,OA1322,AP Physics 2,OA1322.2,3,B3;D1;E5,31,,,
26024,,12,OI1305,Calculus,OI1305.4,4,B1;C4;E2,44,,,
26024,,12,OH1306,Art of Fiction Higher Level,OH1306.1,5,A1;B4;D2,23,,,
26024,,12,OI1303,Financial Math,OI1303.1,6,A4;C2;D5,4,,,
26024,,12,G1201,Español & Literatura 12,G1201.3,7,A2;B5;D3,6,,,
26024,,12,J1203,Tech. and Innovation for Social Change,J1203.3,8,B2;C5;E4,22,,,
26024,,12,ADVHS01,Advisory HS,ADVHS01.28,9,E3,42,,,
26040,,12,OI1303,Financial Math,OI1303.2,1,A5;C3;E1,4,,,
26040,,12,E1201,Physical Education and Health 12,E1201.6,2,A3;C1;D4,30,,,
26040,,12,OI1305,Calculus,OI1305.5,3,B3;D1;E5,44,,,
26040,,12,I1212,AP Macroeconomics,I1212.1,4,B1;C4;E2,34,,,
26040,,12,I1213,AP Microeconomics,I1213.1,4,B1;C4;E2,34,,,
26040,,12,G1201,Español & Literatura 12,G1201.4,5,A1;B4;D2,6,,,
26040,,12,OH1501,Journalism Higher Level,OH1501.1,6,A4;C2;D5,43,,,
26040,,12,A1204,Environmental Science,A1204.1,7,A2;B5;D3,13,,,
26040,,12,J1203,Tech. and Innovation for Social Change,J1203.3,8,B2;C5;E4,22,,,
26040,,12,ADVHS01,Advisory HS,ADVHS01.1,9,E3,3,,,
26041,,12,OI1305,Calculus,OI1305.2,1,A5;C3;E1,35,,,
26041,,12,OC1310,Painting II,OC1310.3,2,A3;C1;D4,46,,,
26041,,12,E1201,Physical Education and Health 12,E1201.5,3,B3;D1;E5,30,,,
26041,,12,A1204,Environmental Science,A1204.2,4,B1;C4;E2,13,,,
26041,,12,G1201,Español & Literatura 12,G1201.4,5,A1;B4;D2,6,,,
26041,,12,OH1501,Journalism Higher Level,OH1501.1,6,A4;C2;D5,43,,,
26041,,12,L1304,Life Purpose,L1304.4,7,A2;B5;D3,33,,,
26041,,12,J1203,Tech. and Innovation for Social Change,J1203.3,8,B2;C5;E4,22,,,
26041,,12,ADVHS01,Advisory HS,ADVHS01.28,9,E3,42,,,
26106,,12,L1301,AP Psychology,L1301.1,1,A5;C3;E1,33,,,
26106,,12,OA1322,AP Physics 2,OA1322.1,2,A3;C1;D4,31,,,
26106,,12,G1201,Español & Literatura 12,G1201.2,3,B3;D1;E5,6,,,
26106,,12,J1203,Tech. and Innovation for Social Change,J1203.1,4,B1;C4;E2,20,,,
26106,,12,OH1306,Art of Fiction Higher Level,OH1306.1,5,A1;B4;D2,23,,,
26106,,12,OI1305,Calculus,OI1305.3,6,A4;C2;D5,35,,,
26106,,12,I1212,AP Macroeconomics,I1212.2,8,B2;C5;E4,34,,,
26106,,12,I1213,AP Microeconomics,I1213.2,8,B2;C5;E4,34,,,
26106,,12,ADVHS01,Advisory HS,ADVHS01.10,9,E3,21,,,
26154,,12,L1304,Life Purpose,L1304.1,1,A5;C3;E1,24,,,
26154,,12,E1201,Physical Education and Health 12,E1201.6,2,A3;C1;D4,30,,,
26154,,12,OH1306,Art of Fiction Higher Level,OH1306.3,3,B3;D1;E5,23,,,
26154,,12,OI1305,Calculus,OI1305.4,4,B1;C4;E2,44,,,
26154,,12,J1203,Tech. and Innovation for Social Change,J1203.5,5,A1;B4;D2,22,,,
26154,,12,OI1303,Financial Math,OI1303.1,6,A4;C2;D5,4,,,
26154,,12,A1204,Environmental Science,A1204.1,7,A2;B5;D3,13,,,
26154,,12,G1201,Español & Literatura 12,G1201.1,8,B2;C5;E4,6,,,
26154,,12,ADVHS01,Advisory HS,ADVHS01.29,9,E3,43,,,
27001,,12,OB1520,AP Statistics,OB1520.2,1,A5;C3;E1,37,,,
27001,,12,G1201,Español & Literatura 12,G1201.5,2,A3;C1;D4,25,,,
27001,,12,OI1305,Calculus,OI1305.5,3,B3;D1;E5,44,,,
27001,,12,E1201,Physical Education and Health 12,E1201.4,4,B1;C4;E2,30,,,
27001,,12,OA1318,AP Environmental Science,OA1318.1,5,A1;B4;D2,13,,,
27001,,12,L1304,Life Purpose,L1304.3,6,A4;C2;D5,33,,,
27001,,12,OB1532,AP Research,OB1532.1,7,A2;B5;D3,10,,,
27001,,12,OH1306,Art of Fiction Higher Level,OH1306.2,8,B2;C5;E4,23,,,
27001,,12,ADVHS01,Advisory HS,ADVHS01.3,9,E3,5,,,
27002,,12,L1304,Life Purpose,L1304.1,1,A5;C3;E1,24,,,
27002,,12,G1202,AP Spanish Literature and Culture,G1202.1,2,A3;C1;D4,6,,,
27002,,12,OH1306,Art of Fiction Higher Level,OH1306.3,3,B3;D1;E5,23,,,
27002,,12,A1204,Environmental Science,A1204.2,4,B1;C4;E2,13,,,
27002,,12,E1201,Physical Education and Health 12,E1201.1,5,A1;B4;D2,30,,,
27002,,12,I1208,AP Calculus BC,I1208.1,6,A4;C2;D5,44,,,
27002,,12,OB1532,AP Research,OB1532.1,7,A2;B5;D3,10,,,
27002,,12,ADVHS01,Advisory HS,ADVHS01.31,9,E3,44,,,
27003,,12,OI1305,Calculus,OI1305.2,1,A5;C3;E1,35,,,
27003,,12,G1201,Español & Literatura 12,G1201.5,2,A3;C1;D4,25,,,
27003,,12,A1204,Environmental Science,A1204.3,3,B3;D1;E5,13,,,
27003,,12,E1201,Physical Education and Health 12,E1201.1,5,A1;B4;D2,30,,,
27003,,12,L1304,Life Purpose,L1304.3,6,A4;C2;D5,33,,,
27003,,12,J1203,Tech. and Innovation for Social Change,J1203.2,7,A2;B5;D3,20,,,
27003,,12,OH1306,Art of Fiction Higher Level,OH1306.2,8,B2;C5;E4,23,,,
27003,,12,ADVHS01,Advisory HS,ADVHS01.29,9,E3,43,,,
27005,,12,OI1303,Financial Math,OI1303.2,1,A5;C3;E1,4,,,
27005,,12,G1201,Español & Literatura 12,G1201.5,2,A3;C1;D4,25,,,
27005,,12,OA1322,AP Physics 2,OA1322.2,3,B3;D1;E5,31,,,
27005,,12,E1201,Physical Education and Health 12,E1201.4,4,B1;C4;E2,30,,,
27005,,12,L1304,Life Purpose,L1304.2,5,A1;B4;D2,24,,,
27005,,12,I1208,AP Calculus BC,I1208.1,6,A4;C2;D5,44,,,
27005,,12,OB1532,AP Research,OB1532.1,7,A2;B5;D3,10,,,
27005,,12,OH1501,Journalism Higher Level,OH1501.2,8,B2;C5;E4,43,,,
27005,,12,ADVHS01,Advisory HS,ADVHS01.30,9,E3,15,,,
27006,,12,L1304,Life Purpose,L1304.1,1,A5;C3;E1,24,,,
27006,,12,L1302,Introduction to Law,L1302.2,2,A3;C1;D4,24,,,
27006,,12,G1201,Español & Literatura 12,G1201.2,3,B3;D1;E5,6,,,
27006,,12,OA1317,AP Chemistry,OA1317.1,4,B1;C4;E2,38,,,
27006,,12,E1201,Physical Education and Health 12,E1201.1,5,A1;B4;D2,30,,,
27006,,12,I1208,AP Calculus BC,I1208.1,6,A4;C2;D5,44,,,
27006,,12,J1203,Tech. and Innovation for Social Change,J1203.2,7,A2;B5;D3,20,,,
27006,,12,OH1501,Journalism Higher Level,OH1501.2,8,B2;C5;E4,43,,,
27006,,12,ADVHS01,Advisory HS,ADVHS01.31,9,E3,44,,,
27007,,11,L1301,AP Psychology,L1301.2,2,A3;C1;D4,33,,,
27007,,11,OI1305,Calculus,OI1305.5,3,B3;D1;E5,44,,,
27007,,11,A1105,Physics 11,A1105.3,4,B1;C4;E2,41,,,
27007,,11,E1101,Physical Education and Health 11,E1101.4,5,A1;B4;D2,27,,,
27007,,11,L1302,Introduction to Law,L1302.1,6,A4;C2;D5,24,,,
27007,,11,OH1305,Art of Fiction Intermediate Level,OH1305.3,7,A2;B5;D3,40,,,
27007,,11,G1203,Español & Literatura 11,G1203.4,8,B2;C5;E4,36,,,
27007,,11,ADVHS01,Advisory HS,ADVHS01.6,9,E3,8,,,
27008,,11,OC1305,Painting I,OC1305.3,1,A5;C3;E1,5,,,
27008,,11,OH1305,Art of Fiction Intermediate Level,OH1305.2,2,A3;C1;D4,40,,,
27008,,11,VHS0052,"Spanish Film, Art, and Literature",VHS0052.1,3,B3;D1;E5,25,,,
27008,,11,I1212,AP Macroeconomics,I1212.1,4,B1;C4;E2,34,,,
27008,,11,I1213,AP Microeconomics,I1213.1,4,B1;C4;E2,34,,,
27008,,11,OI1003,Algebra II,OI1003.2,5,A1;B4;D2,8,,,
27008,,11,OZ1207,Anatomy and Physiology,OZ1207.1,6,A4;C2;D5,13,,,
27008,,11,A1105,Physics 11,A1105.2,7,A2;B5;D3,31,,,
27008,,11,E1101,Physical Education and Health 11,E1101.2,8,B2;C5;E4,27,,,
27008,,11,ADVHS01,Advisory HS,ADVHS01.14,9,E3,25,,,
27009,,11,L1301,AP Psychology,L1301.2,2,A3;C1;D4,33,,,
27009,,11,I1211,AP Precalculus,I1211.2,4,B1;C4;E2,4,,,
27009,,11,E1101,Physical Education and Health 11,E1101.4,5,A1;B4;D2,27,,,
27009,,11,OH1305,Art of Fiction Intermediate Level,OH1305.1,6,A4;C2;D5,23,,,
27009,,11,G1203,Español & Literatura 11,G1203.1,7,A2;B5;D3,36,,,
27009,,11,OA1319,AP Physics 1,OA1319.2,8,B2;C5;E4,31,,,
27009,,11,ADVHS01,Advisory HS,ADVHS01.30,9,E3,15,,,
27010,,12,OI1305,Calculus,OI1305.2,1,A5;C3;E1,35,,,
27010,,12,OC1310,Painting II,OC1310.3,2,A3;C1;D4,46,,,
27010,,12,I1212,AP Macroeconomics,I1212.3,3,B3;D1;E5,34,,,
27010,,12,I1213,AP Microeconomics,I1213.3,3,B3;D1;E5,34,,,
27010,,12,A1204,Environmental Science,A1204.2,4,B1;C4;E2,13,,,
27010,,12,J1203,Tech. and Innovation for Social Change,J1203.5,5,A1;B4;D2,22,,,
27010,,12,E1201,Physical Education and Health 12,E1201.2,6,A4;C2;D5,30,,,
27010,,12,G1201,Español & Literatura 12,G1201.3,7,A2;B5;D3,6,,,
27010,,12,OH1501,Journalism Higher Level,OH1501.2,8,B2;C5;E4,43,,,
27010,,12,ADVHS01,Advisory HS,ADVHS01.15,9,E3,26,,,
27012,,12,OI1305,Calculus,OI1305.2,1,A5;C3;E1,35,,,
27012,,12,A1204,Environmental Science,A1204.3,3,B3;D1;E5,13,,,
27012,,12,E1201,Physical Education and Health 12,E1201.4,4,B1;C4;E2,30,,,
27012,,12,G1201,Español & Literatura 12,G1201.4,5,A1;B4;D2,6,,,
27012,,12,OH1501,Journalism Higher Level,OH1501.1,6,A4;C2;D5,43,,,
27012,,12,L1304,Life Purpose,L1304.4,7,A2;B5;D3,33,,,
27012,,12,J1203,Tech. and Innovation for Social Change,J1203.3,8,B2;C5;E4,22,,,
27012,,12,ADVHS01,Advisory HS,ADVHS01.32,9,E3,45,,,
27014,,12,E1201,Physical Education and Health 12,E1201.3,1,A5;C3;E1,30,,,
27014,,12,G1202,AP Spanish Literature and Culture,G1202.1,2,A3;C1;D4,6,,,
27014,,12,OB1520,AP Statistics,OB1520.1,3,B3;D1;E5,37,,,
27014,,12,J1203,Tech. and Innovation for Social Change,J1203.5,5,A1;B4;D2,22,,,
27014,,12,L1304,Life Purpose,L1304.3,6,A4;C2;D5,33,,,
27014,,12,OH1501,Journalism Higher Level,OH1501.2,8,B2;C5;E4,43,,,
27014,,12,ADVHS01,Advisory HS,ADVHS01.33,9,E3,46,,,
27015,,12,G1201,Español & Literatura 12,G1201.5,2,A3;C1;D4,25,,,
27015,,12,OI1305,Calculus,OI1305.5,3,B3;D1;E5,44,,,
27015,,12,J1203,Tech. and Innovation for Social Change,J1203.1,4,B1;C4;E2,20,,,
27015,,12,E1201,Physical Education and Health 12,E1201.1,5,A1;B4;D2,30,,,
27015,,12,OA1304,AP Biology,OA1304.1,6,A4;C2;D5,7,,,
27015,,12,L1304,Life Purpose,L1304.4,7,A2;B5;D3,33,,,
27015,,12,OH1501,Journalism Higher Level,OH1501.2,8,B2;C5;E4,43,,,
27015,,12,ADVHS01,Advisory HS,ADVHS01.34,9,E3,47,,,
27017,,12,E1201,Physical Education and Health 12,E1201.6,2,A3;C1;D4,30,,,
27017,,12,G1201,Español & Literatura 12,G1201.2,3,B3;D1;E5,6,,,
27017,,12,OI1305,Calculus,OI1305.4,4,B1;C4;E2,44,,,
27017,,12,L1304,Life Purpose,L1304.2,5,A1;B4;D2,24,,,
27017,,12,OH1501,Journalism Higher Level,OH1501.1,6,A4;C2;D5,43,,,
27017,,12,A1204,Environmental Science,A1204.1,7,A2;B5;D3,13,,,
27017,,12,J1203,Tech. and Innovation for Social Change,J1203.3,8,B2;C5;E4,22,,,
27017,,12,ADVHS01,Advisory HS,ADVHS01.35,9,E3,48,,,
27018,,12,OB1520,AP Statistics,OB1520.2,1,A5;C3;E1,37,,,
27018,,12,G1202,AP Spanish Literature and Culture,G1202.1,2,A3;C1;D4,6,,,
27018,,12,OA1322,AP Physics 2,OA1322.2,3,B3;D1;E5,31,,,
27018,,12,E1201,Physical Education and Health 12,E1201.4,4,B1;C4;E2,30,,,
27018,,12,OH1306,Art of Fiction Higher Level,OH1306.1,5,A1;B4;D2,23,,,
27018,,12,L1304,Life Purpose,L1304.3,6,A4;C2;D5,33,,,
27018,,12,J1203,Tech. and Innovation for Social Change,J1203.2,7,A2;B5;D3,20,,,
27018,,12,ADVHS01,Advisory HS,ADVHS01.36,9,E3,49,,,
27019,,12,J1203,Tech. and Innovation for Social Change,J1203.4,1,A5;C3;E1,22,,,
27019,,12,E1201,Physical Education and Health 12,E1201.6,2,A3;C1;D4,30,,,
27019,,12,OI1305,Calculus,OI1305.5,3,B3;D1;E5,44,,,
27019,,12,G1201,Español & Literatura 12,G1201.4,5,A1;B4;D2,6,,,
27019,,12,L1302,Introduction to Law,L1302.1,6,A4;C2;D5,24,,,
27019,,12,A1204,Environmental Science,A1204.1,7,A2;B5;D3,13,,,
27019,,12,OH1501,Journalism Higher Level,OH1501.2,8,B2;C5;E4,43,,,
27019,,12,ADVHS01,Advisory HS,ADVHS01.3,9,E3,5,,,
27020,,12,L1301,AP Psychology,L1301.1,1,A5;C3;E1,33,,,
27020,,12,E1201,Physical Education and Health 12,E1201.6,2,A3;C1;D4,30,,,
27020,,12,OH1306,Art of Fiction Higher Level,OH1306.3,3,B3;D1;E5,23,,,
27020,,12,OA1317,AP Chemistry,OA1317.1,4,B1;C4;E2,38,,,
27020,,12,J1203,Tech. and Innovation for Social Change,J1203.5,5,A1;B4;D2,22,,,
27020,,12,OI1305,Calculus,OI1305.3,6,A4;C2;D5,35,,,
27020,,12,OC1305,Painting I,OC1305.1,7,A2;B5;D3,5,,,
27020,,12,G1201,Español & Literatura 12,G1201.1,8,B2;C5;E4,6,,,
27020,,12,ADVHS01,Advisory HS,ADVHS01.30,9,E3,15,,,
27022,,12,OA1322,AP Physics 2,OA1322.1,2,A3;C1;D4,31,,,
27022,,12,J1203,Tech. and Innovation for Social Change,J1203.5,5,A1;B4;D2,22,,,
27022,,12,E1201,Physical Education and Health 12,E1201.2,6,A4;C2;D5,30,,,
27022,,12,L1304,Life Purpose,L1304.4,7,A2;B5;D3,33,,,
27022,,12,G1201,Español & Literatura 12,G1201.1,8,B2;C5;E4,6,,,
27022,,12,ADVHS01,Advisory HS,ADVHS01.20,9,E3,33,,,
27023,,12,H1201B,AP English Literature and Composition,H1201B.2,0,,23,,,
27023,,12,OA1322,AP Physics 2,OA1322.1,2,A3;C1;D4,31,,,
27023,,12,G1201,Español & Literatura 12,G1201.2,3,B3;D1;E5,6,,,
27023,,12,OC1314,AP Drawing,OC1314.1,4,B1;C4;E2,46,,,
27023,,12,E1201,Physical Education and Health 12,E1201.1,5,A1;B4;D2,30,,,
27023,,12,I1208,AP Calculus BC,I1208.1,6,A4;C2;D5,44,,,
27023,,12,OB1532,AP Research,OB1532.1,7,A2;B5;D3,10,,,
27023,,12,L1303,Pensar nuestro tiempo,L1303.1,8,B2;C5;E4,24,,,
27023,,12,ADVHS01,Advisory HS,ADVHS01.31,9,E3,44,,,
27024,,11,OA1319,AP Physics 1,OA1319.1,1,A5;C3;E1,31,,,
27024,,11,OH1305,Art of Fiction Intermediate Level,OH1305.2,2,A3;C1;D4,40,,,
27024,,11,OI1305,Calculus,OI1305.4,4,B1;C4;E2,44,,,
27024,,11,G1203,Español & Literatura 11,G1203.2,5,A1;B4;D2,36,,,
27024,,11,L1304,Life Purpose,L1304.3,6,A4;C2;D5,33,,,
27024,,11,E1101,Physical Education and Health 11,E1101.2,8,B2;C5;E4,27,,,
27024,,11,ADVHS01,Advisory HS,ADVHS01.31,9,E3,44,,,
27025,,12,OI1303,Financial Math,OI1303.2,1,A5;C3;E1,4,,,
27025,,12,G1202,AP Spanish Literature and Culture,G1202.1,2,A3;C1;D4,6,,,
27025,,12,E1201,Physical Education and Health 12,E1201.5,3,B3;D1;E5,30,,,
27025,,12,J1203,Tech. and Innovation for Social Change,J1203.5,5,A1;B4;D2,22,,,
27025,,12,OH1501,Journalism Higher Level,OH1501.1,6,A4;C2;D5,43,,,
27025,,12,A1204,Environmental Science,A1204.1,7,A2;B5;D3,13,,,
27025,,12,I1212,AP Macroeconomics,I1212.2,8,B2;C5;E4,34,,,
27025,,12,I1213,AP Microeconomics,I1213.2,8,B2;C5;E4,34,,,
27025,,12,ADVHS01,Advisory HS,ADVHS01.21,9,E3,34,,,
27026,,12,L1304,Life Purpose,L1304.1,1,A5;C3;E1,24,,,
27026,,12,OJ1203,Entrepreneurship Business Technology,OJ1203.1,2,A3;C1;D4,22,,,
27026,,12,E1201,Physical Education and Health 12,E1201.5,3,B3;D1;E5,30,,,
27026,,12,A1204,Environmental Science,A1204.2,4,B1;C4;E2,13,,,
27026,,12,OH1306,Art of Fiction Higher Level,OH1306.1,5,A1;B4;D2,23,,,
27026,,12,OI1305,Calculus,OI1305.3,6,A4;C2;D5,35,,,
27026,,12,J1203,Tech. and Innovation for Social Change,J1203.2,7,A2;B5;D3,20,,,
27026,,12,G1201,Español & Literatura 12,G1201.1,8,B2;C5;E4,6,,,
27026,,12,ADVHS01,Advisory HS,ADVHS01.32,9,E3,45,,,
27027,,12,L1302,Introduction to Law,L1302.2,2,A3;C1;D4,24,,,
27027,,12,A1204,Environmental Science,A1204.3,3,B3;D1;E5,13,,,
27027,,12,J1203,Tech. and Innovation for Social Change,J1203.1,4,B1;C4;E2,20,,,
27027,,12,E1201,Physical Education and Health 12,E1201.1,5,A1;B4;D2,30,,,
27027,,12,OH1501,Journalism Higher Level,OH1501.1,6,A4;C2;D5,43,,,
27027,,12,G1201,Español & Literatura 12,G1201.3,7,A2;B5;D3,6,,,
27027,,12,OI1305,Calculus,OI1305.1,8,B2;C5;E4,35,,,
27027,,12,ADVHS01,Advisory HS,ADVHS01.33,9,E3,46,,,
27028,,12,E1201,Physical Education and Health 12,E1201.5,3,B3;D1;E5,30,,,
27028,,12,A1204,Environmental Science,A1204.2,4,B1;C4;E2,13,,,
27028,,12,G1201,Español & Literatura 12,G1201.4,5,A1;B4;D2,6,,,
27028,,12,OH1501,Journalism Higher Level,OH1501.1,6,A4;C2;D5,43,,,
27028,,12,OB1532,AP Research,OB1532.1,7,A2;B5;D3,10,,,
27028,,12,L1303,Pensar nuestro tiempo,L1303.1,8,B2;C5;E4,24,,,
27028,,12,ADVHS01,Advisory HS,ADVHS01.4,9,E3,6,,,
27029,,12,OI1303,Financial Math,OI1303.2,1,A5;C3;E1,4,,,
27029,,12,E1201,Physical Education and Health 12,E1201.6,2,A3;C1;D4,30,,,
27029,,12,A1204,Environmental Science,A1204.3,3,B3;D1;E5,13,,,
27029,,12,J1203,Tech. and Innovation for Social Change,J1203.1,4,B1;C4;E2,20,,,
27029,,12,L1304,Life Purpose,L1304.2,5,A1;B4;D2,24,,,
27029,,12,I1208,AP Calculus BC,I1208.1,6,A4;C2;D5,44,,,
27029,,12,G1201,Español & Literatura 12,G1201.3,7,A2;B5;D3,6,,,
27029,,12,OH1501,Journalism Higher Level,OH1501.2,8,B2;C5;E4,43,,,
27029,,12,ADVHS01,Advisory HS,ADVHS01.32,9,E3,45,,,
27030,,12,J1203,Tech. and Innovation for Social Change,J1203.4,1,A5;C3;E1,22,,,
27030,,12,OA1322,AP Physics 2,OA1322.1,2,A3;C1;D4,31,,,
27030,,12,E1201,Physical Education and Health 12,E1201.5,3,B3;D1;E5,30,,,
27030,,12,G1201,Español & Literatura 12,G1201.4,5,A1;B4;D2,6,,,
27030,,12,OI1305,Calculus,OI1305.3,6,A4;C2;D5,35,,,
27030,,12,L1304,Life Purpose,L1304.4,7,A2;B5;D3,33,,,
27030,,12,OH1306,Art of Fiction Higher Level,OH1306.2,8,B2;C5;E4,23,,,
27030,,12,ADVHS01,Advisory HS,ADVHS01.5,9,E3,7,,,
27032,,12,J1203,Tech. and Innovation for Social Change,J1203.4,1,A5;C3;E1,22,,,
27032,,12,OC1310,Painting II,OC1310.3,2,A3;C1;D4,46,,,
27032,,12,E1201,Physical Education and Health 12,E1201.5,3,B3;D1;E5,30,,,
27032,,12,OA1317,AP Chemistry,OA1317.1,4,B1;C4;E2,38,,,
27032,,12,OH1306,Art of Fiction Higher Level,OH1306.1,5,A1;B4;D2,23,,,
27032,,12,L1304,Life Purpose,L1304.3,6,A4;C2;D5,33,,,
27032,,12,G1201,Español & Literatura 12,G1201.3,7,A2;B5;D3,6,,,
27032,,12,OI1305,Calculus,OI1305.1,8,B2;C5;E4,35,,,
27032,,12,ADVHS01,Advisory HS,ADVHS01.21,9,E3,34,,,
27035,,12,L1304,Life Purpose,L1304.1,1,A5;C3;E1,24,,,
27035,,12,OA1322,AP Physics 2,OA1322.1,2,A3;C1;D4,31,,,
27035,,12,OH1306,Art of Fiction Higher Level,OH1306.3,3,B3;D1;E5,23,,,
27035,,12,E1201,Physical Education and Health 12,E1201.4,4,B1;C4;E2,30,,,
27035,,12,G1201,Español & Literatura 12,G1201.4,5,A1;B4;D2,6,,,
27035,,12,OI1303,Financial Math,OI1303.1,6,A4;C2;D5,4,,,
27035,,12,OB1532,AP Research,OB1532.1,7,A2;B5;D3,10,,,
27035,,12,OI1305,Calculus,OI1305.1,8,B2;C5;E4,35,,,
27035,,12,ADVHS01,Advisory HS,ADVHS01.33,9,E3,46,,,
27036,,12,OI1303,Financial Math,OI1303.2,1,A5;C3;E1,4,,,
27036,,12,E1201,Physical Education and Health 12,E1201.6,2,A3;C1;D4,30,,,
27036,,12,G1201,Español & Literatura 12,G1201.2,3,B3;D1;E5,6,,,
27036,,12,A1204,Environmental Science,A1204.2,4,B1;C4;E2,13,,,
27036,,12,J1203,Tech. and Innovation for Social Change,J1203.5,5,A1;B4;D2,22,,,
27036,,12,L1302,Introduction to Law,L1302.1,6,A4;C2;D5,24,,,
27036,,12,I1204,AP Calculus AB,I1204.1,7,A2;B5;D3,44,,,
27036,,12,OH1501,Journalism Higher Level,OH1501.2,8,B2;C5;E4,43,,,
27036,,12,ADVHS01,Advisory HS,ADVHS01.34,9,E3,47,,,
27038,,12,J1203,Tech. and Innovation for Social Change,J1203.4,1,A5;C3;E1,22,,,
27038,,12,G1201,Español & Literatura 12,G1201.5,2,A3;C1;D4,25,,,
27038,,12,E1201,Physical Education and Health 12,E1201.5,3,B3;D1;E5,30,,,
27038,,12,OI1305,Calculus,OI1305.4,4,B1;C4;E2,44,,,
27038,,12,L1302,Introduction to Law,L1302.1,6,A4;C2;D5,24,,,
27038,,12,A1204,Environmental Science,A1204.1,7,A2;B5;D3,13,,,
27038,,12,OH1306,Art of Fiction Higher Level,OH1306.2,8,B2;C5;E4,23,,,
27038,,12,ADVHS01,Advisory HS,ADVHS01.34,9,E3,47,,,
27040,,12,OI1305,Calculus,OI1305.2,1,A5;C3;E1,35,,,
27040,,12,OC1310,Painting II,OC1310.3,2,A3;C1;D4,46,,,
27040,,12,E1201,Physical Education and Health 12,E1201.5,3,B3;D1;E5,30,,,
27040,,12,A1204,Environmental Science,A1204.2,4,B1;C4;E2,13,,,
27040,,12,L1304,Life Purpose,L1304.2,5,A1;B4;D2,24,,,
27040,,12,OH1501,Journalism Higher Level,OH1501.1,6,A4;C2;D5,43,,,
27040,,12,G1201,Español & Literatura 12,G1201.3,7,A2;B5;D3,6,,,
27040,,12,J1203,Tech. and Innovation for Social Change,J1203.3,8,B2;C5;E4,22,,,
27040,,12,ADVHS01,Advisory HS,ADVHS01.35,9,E3,48,,,
27041,,11,L1301,AP Psychology,L1301.1,1,A5;C3;E1,33,,,
27041,,11,G1203,Español & Literatura 11,G1203.3,2,A3;C1;D4,36,,,
27041,,11,E1101,Physical Education and Health 11,E1101.6,4,B1;C4;E2,27,,,
27041,,11,OH1305,Art of Fiction Intermediate Level,OH1305.1,6,A4;C2;D5,23,,,
27041,,11,I1204,AP Calculus AB,I1204.1,7,A2;B5;D3,44,,,
27041,,11,OA1319,AP Physics 1,OA1319.2,8,B2;C5;E4,31,,,
27041,,11,ADVHS01,Advisory HS,ADVHS01.32,9,E3,45,,,
27042,,12,G1201,Español & Literatura 12,G1201.5,2,A3;C1;D4,25,,,
27042,,12,E1201,Physical Education and Health 12,E1201.5,3,B3;D1;E5,30,,,
27042,,12,OI1305,Calculus,OI1305.4,4,B1;C4;E2,44,,,
27042,,12,OH1501,Journalism Higher Level,OH1501.1,6,A4;C2;D5,43,,,
27042,,12,L1304,Life Purpose,L1304.4,7,A2;B5;D3,33,,,
27042,,12,J1203,Tech. and Innovation for Social Change,J1203.3,8,B2;C5;E4,22,,,
27042,,12,ADVHS01,Advisory HS,ADVHS01.16,9,E3,28,,,
27043,,12,L1304,Life Purpose,L1304.1,1,A5;C3;E1,24,,,
27043,,12,I1212,AP Macroeconomics,I1212.4,2,A3;C1;D4,34,,,
27043,,12,I1213,AP Microeconomics,I1213.4,2,A3;C1;D4,34,,,
27043,,12,OB1520,AP Statistics,OB1520.1,3,B3;D1;E5,37,,,
27043,,12,A1204,Environmental Science,A1204.2,4,B1;C4;E2,13,,,
27043,,12,E1201,Physical Education and Health 12,E1201.1,5,A1;B4;D2,30,,,
27043,,12,G1201,Español & Literatura 12,G1201.6,6,A4;C2;D5,36,,,
27043,,12,OB1532,AP Research,OB1532.1,7,A2;B5;D3,10,,,
27043,,12,OH1501,Journalism Higher Level,OH1501.2,8,B2;C5;E4,43,,,
27043,,12,ADVHS01,Advisory HS,ADVHS01.11,9,E3,22,,,
27044,,12,J1203,Tech. and Innovation for Social Change,J1203.4,1,A5;C3;E1,22,,,
27044,,12,E1201,Physical Education and Health 12,E1201.6,2,A3;C1;D4,30,,,
27044,,12,OA1322,AP Physics 2,OA1322.2,3,B3;D1;E5,31,,,
27044,,12,OI1305,Calculus,OI1305.4,4,B1;C4;E2,44,,,
27044,,12,OH1306,Art of Fiction Higher Level,OH1306.1,5,A1;B4;D2,23,,,
27044,,12,OI1303,Financial Math,OI1303.1,6,A4;C2;D5,4,,,
27044,,12,G1201,Español & Literatura 12,G1201.3,7,A2;B5;D3,6,,,
27044,,12,L1303,Pensar nuestro tiempo,L1303.1,8,B2;C5;E4,24,,,
27044,,12,ADVHS01,Advisory HS,ADVHS01.35,9,E3,48,,,
27046,,12,OI1303,Financial Math,OI1303.2,1,A5;C3;E1,4,,,
27046,,12,OA1322,AP Physics 2,OA1322.1,2,A3;C1;D4,31,,,
27046,,12,E1201,Physical Education and Health 12,E1201.5,3,B3;D1;E5,30,,,
27046,,12,L1301,AP Psychology,L1301.3,4,B1;C4;E2,33,,,
27046,,12,J1203,Tech. and Innovation for Social Change,J1203.5,5,A1;B4;D2,22,,,
27046,,12,OH1501,Journalism Higher Level,OH1501.1,6,A4;C2;D5,43,,,
27046,,12,OC1310,Painting II,OC1310.2,7,A2;B5;D3,46,,,
27046,,12,G1201,Español & Literatura 12,G1201.1,8,B2;C5;E4,6,,,
27046,,12,ADVHS01,Advisory HS,ADVHS01.36,9,E3,49,,,
27048,,12,E1201,Physical Education and Health 12,E1201.3,1,A5;C3;E1,30,,,
27048,,12,G1201,Español & Literatura 12,G1201.2,3,B3;D1;E5,6,,,
27048,,12,J1203,Tech. and Innovation for Social Change,J1203.5,5,A1;B4;D2,22,,,
27048,,12,OI1305,Calculus,OI1305.3,6,A4;C2;D5,35,,,
27048,,12,L1304,Life Purpose,L1304.4,7,A2;B5;D3,33,,,
27048,,12,OH1306,Art of Fiction Higher Level,OH1306.2,8,B2;C5;E4,23,,,
27048,,12,ADVHS01,Advisory HS,ADVHS01.24,9,E3,37,,,
27049,,12,E1201,Physical Education and Health 12,E1201.3,1,A5;C3;E1,30,,,
27049,,12,OA1322,AP Physics 2,OA1322.1,2,A3;C1;D4,31,,,
27049,,12,OH1306,Art of Fiction Higher Level,OH1306.3,3,B3;D1;E5,23,,,
27049,,12,I1212,AP Macroeconomics,I1212.1,4,B1;C4;E2,34,,,
27049,,12,I1213,AP Microeconomics,I1213.1,4,B1;C4;E2,34,,,
27049,,12,G1201,Español & Literatura 12,G1201.6,6,A4;C2;D5,36,,,
27049,,12,J1203,Tech. and Innovation for Social Change,J1203.2,7,A2;B5;D3,20,,,
27049,,12,I1204,AP Calculus AB,I1204.2,8,B2;C5;E4,44,,,
27049,,12,ADVHS01,Advisory HS,ADVHS01.36,9,E3,49,,,
27050,,12,E1201,Physical Education and Health 12,E1201.3,1,A5;C3;E1,30,,,
27050,,12,G1201,Español & Literatura 12,G1201.5,2,A3;C1;D4,25,,,
27050,,12,A1204,Environmental Science,A1204.3,3,B3;D1;E5,13,,,
27050,,12,OI1305,Calculus,OI1305.4,4,B1;C4;E2,44,,,
27050,,12,OH1306,Art of Fiction Higher Level,OH1306.1,5,A1;B4;D2,23,,,
27050,,12,OI1303,Financial Math,OI1303.1,6,A4;C2;D5,4,,,
27050,,12,L1304,Life Purpose,L1304.4,7,A2;B5;D3,33,,,
27050,,12,J1203,Tech. and Innovation for Social Change,J1203.3,8,B2;C5;E4,22,,,
27050,,12,ADVHS01,Advisory HS,ADVHS01.17,9,E3,29,,,
27051,,12,L1304,Life Purpose,L1304.1,1,A5;C3;E1,24,,,
27051,,12,E1201,Physical Education and Health 12,E1201.6,2,A3;C1;D4,30,,,
27051,,12,OH1306,Art of Fiction Higher Level,OH1306.3,3,B3;D1;E5,23,,,
27051,,12,J1203,Tech. and Innovation for Social Change,J1203.5,5,A1;B4;D2,22,,,
27051,,12,G1201,Español & Literatura 12,G1201.6,6,A4;C2;D5,36,,,
27051,,12,A1204,Environmental Science,A1204.1,7,A2;B5;D3,13,,,
27051,,12,OI1305,Calculus,OI1305.1,8,B2;C5;E4,35,,,
27051,,12,ADVHS01,Advisory HS,ADVHS01.6,9,E3,8,,,
27052,,12,E1201,Physical Education and Health 12,E1201.3,1,A5;C3;E1,30,,,
27052,,12,OC1310,Painting II,OC1310.3,2,A3;C1;D4,46,,,
27052,,12,I1212,AP Macroeconomics,I1212.3,3,B3;D1;E5,34,,,
27052,,12,I1213,AP Microeconomics,I1213.3,3,B3;D1;E5,34,,,
27052,,12,A1204,Environmental Science,A1204.2,4,B1;C4;E2,13,,,
27052,,12,G1201,Español & Literatura 12,G1201.4,5,A1;B4;D2,6,,,
27052,,12,OI1305,Calculus,OI1305.3,6,A4;C2;D5,35,,,
27052,,12,J1203,Tech. and Innovation for Social Change,J1203.2,7,A2;B5;D3,20,,,
27052,,12,OH1306,Art of Fiction Higher Level,OH1306.2,8,B2;C5;E4,23,,,
27052,,12,ADVHS01,Advisory HS,ADVHS01.22,9,E3,35,,,
27053,,12,E1201,Physical Education and Health 12,E1201.3,1,A5;C3;E1,30,,,
27053,,12,I1212,AP Macroeconomics,I1212.4,2,A3;C1;D4,34,,,
27053,,12,I1213,AP Microeconomics,I1213.4,2,A3;C1;D4,34,,,
27053,,12,A1204,Environmental Science,A1204.3,3,B3;D1;E5,13,,,
27053,,12,J1203,Tech. and Innovation for Social Change,J1203.1,4,B1;C4;E2,20,,,
27053,,12,G1201,Español & Literatura 12,G1201.4,5,A1;B4;D2,6,,,
27053,,12,OI1303,Financial Math,OI1303.1,6,A4;C2;D5,4,,,
27053,,12,OH1306,Art of Fiction Higher Level,OH1306.2,8,B2;C5;E4,23,,,
27053,,12,ADVHS01,Advisory HS,ADVHS01.4,9,E3,6,,,
27054,,12,E1201,Physical Education and Health 12,E1201.3,1,A5;C3;E1,30,,,
27054,,12,L1301,AP Psychology,L1301.2,2,A3;C1;D4,33,,,
27054,,12,OH1306,Art of Fiction Higher Level,OH1306.3,3,B3;D1;E5,23,,,
27054,,12,J1203,Tech. and Innovation for Social Change,J1203.1,4,B1;C4;E2,20,,,
27054,,12,OI1305,Calculus,OI1305.3,6,A4;C2;D5,35,,,
27054,,12,A1204,Environmental Science,A1204.1,7,A2;B5;D3,13,,,
27054,,12,G1201,Español & Literatura 12,G1201.1,8,B2;C5;E4,6,,,
27054,,12,ADVHS01,Advisory HS,ADVHS01.4,9,E3,6,,,
27055,,12,E1201,Physical Education and Health 12,E1201.3,1,A5;C3;E1,30,,,
27055,,12,OB1520,AP Statistics,OB1520.1,3,B3;D1;E5,37,,,
27055,,12,A1204,Environmental Science,A1204.2,4,B1;C4;E2,13,,,
27055,,12,OH1306,Art of Fiction Higher Level,OH1306.1,5,A1;B4;D2,23,,,
27055,,12,G1201,Español & Literatura 12,G1201.6,6,A4;C2;D5,36,,,
27055,,12,OB1532,AP Research,OB1532.1,7,A2;B5;D3,10,,,
27055,,12,I1212,AP Macroeconomics,I1212.2,8,B2;C5;E4,34,,,
27055,,12,I1213,AP Microeconomics,I1213.2,8,B2;C5;E4,34,,,
27055,,12,ADVHS01,Advisory HS,ADVHS01.5,9,E3,7,,,
27057,,11,OA1319,AP Physics 1,OA1319.1,1,A5;C3;E1,31,,,
27057,,11,OH1305,Art of Fiction Intermediate Level,OH1305.2,2,A3;C1;D4,40,,,
27057,,11,OB1520,AP Statistics,OB1520.1,3,B3;D1;E5,37,,,
27057,,11,L1304,Life Purpose,L1304.2,5,A1;B4;D2,24,,,
27057,,11,OI1003,Algebra II,OI1003.3,6,A4;C2;D5,8,,,
27057,,11,G1203,Español & Literatura 11,G1203.1,7,A2;B5;D3,36,,,
27057,,11,E1101,Physical Education and Health 11,E1101.2,8,B2;C5;E4,27,,,
27057,,11,ADVHS01,Advisory HS,ADVHS01.7,9,E3,13,,,
27058,,11,OC1305,Painting I,OC1305.3,1,A5;C3;E1,5,,,
27058,,11,H1206,AP English Language & Composition,H1206.1,2,A3;C1;D4,19,,,
27058,,11,VHS0052,"Spanish Film, Art, and Literature",VHS0052.1,3,B3;D1;E5,25,,,
27058,,11,E1101,Physical Education and Health 11,E1101.6,4,B1;C4;E2,27,,,
27058,,11,OI1003,Algebra II,OI1003.2,5,A1;B4;D2,8,,,
27058,,11,L1302,Introduction to Law,L1302.1,6,A4;C2;D5,24,,,
27058,,11,A1105,Physics 11,A1105.2,7,A2;B5;D3,31,,,
27058,,11,ADVHS01,Advisory HS,ADVHS01.33,9,E3,46,,,
27059,,12,OI1303,Financial Math,OI1303.2,1,A5;C3;E1,4,,,
27059,,12,L1301,AP Psychology,L1301.2,2,A3;C1;D4,33,,,
27059,,12,G1201,Español & Literatura 12,G1201.2,3,B3;D1;E5,6,,,
27059,,12,J1203,Tech. and Innovation for Social Change,J1203.1,4,B1;C4;E2,20,,,
27059,,12,OA1318,AP Environmental Science,OA1318.1,5,A1;B4;D2,13,,,
27059,,12,I1208,AP Calculus BC,I1208.1,6,A4;C2;D5,44,,,
27059,,12,OH1306,Art of Fiction Higher Level,OH1306.2,8,B2;C5;E4,23,,,
27059,,12,ADVHS01,Advisory HS,ADVHS01.6,9,E3,8,,,
27060,,12,E1201,Physical Education and Health 12,E1201.3,1,A5;C3;E1,30,,,
27060,,12,OI1305,Calculus,OI1305.5,3,B3;D1;E5,44,,,
27060,,12,J1203,Tech. and Innovation for Social Change,J1203.1,4,B1;C4;E2,20,,,
27060,,12,OA1318,AP Environmental Science,OA1318.1,5,A1;B4;D2,13,,,
27060,,12,L1302,Introduction to Law,L1302.1,6,A4;C2;D5,24,,,
27060,,12,G1201,Español & Literatura 12,G1201.3,7,A2;B5;D3,6,,,
27060,,12,OH1501,Journalism Higher Level,OH1501.2,8,B2;C5;E4,43,,,
27060,,12,ADVHS01,Advisory HS,ADVHS01.7,9,E3,13,,,
27061,,12,OI1303,Financial Math,OI1303.2,1,A5;C3;E1,4,,,
27061,,12,G1201,Español & Literatura 12,G1201.5,2,A3;C1;D4,25,,,
27061,,12,A1204,Environmental Science,A1204.3,3,B3;D1;E5,13,,,
27061,,12,E1201,Physical Education and Health 12,E1201.1,5,A1;B4;D2,30,,,
27061,,12,OH1501,Journalism Higher Level,OH1501.1,6,A4;C2;D5,43,,,
27061,,12,J1203,Tech. and Innovation for Social Change,J1203.2,7,A2;B5;D3,20,,,
27061,,12,L1303,Pensar nuestro tiempo,L1303.1,8,B2;C5;E4,24,,,
27061,,12,ADVHS01,Advisory HS,ADVHS01.8,9,E3,19,,,
27063,,12,OB1520,AP Statistics,OB1520.2,1,A5;C3;E1,37,,,
27063,,12,G1201,Español & Literatura 12,G1201.5,2,A3;C1;D4,25,,,
27063,,12,OH1306,Art of Fiction Higher Level,OH1306.3,3,B3;D1;E5,23,,,
27063,,12,E1201,Physical Education and Health 12,E1201.4,4,B1;C4;E2,30,,,
27063,,12,OA1318,AP Environmental Science,OA1318.1,5,A1;B4;D2,13,,,
27063,,12,L1304,Life Purpose,L1304.3,6,A4;C2;D5,33,,,
27063,,12,OB1532,AP Research,OB1532.1,7,A2;B5;D3,10,,,
27063,,12,OI1305,Calculus,OI1305.1,8,B2;C5;E4,35,,,
27063,,12,ADVHS01,Advisory HS,ADVHS01.7,9,E3,13,,,
27066,,12,E1201,Physical Education and Health 12,E1201.3,1,A5;C3;E1,30,,,
27066,,12,G1201,Español & Literatura 12,G1201.5,2,A3;C1;D4,25,,,
27066,,12,A1204,Environmental Science,A1204.3,3,B3;D1;E5,13,,,
27066,,12,OH1306,Art of Fiction Higher Level,OH1306.1,5,A1;B4;D2,23,,,
27066,,12,OI1305,Calculus,OI1305.3,6,A4;C2;D5,35,,,
27066,,12,J1203,Tech. and Innovation for Social Change,J1203.2,7,A2;B5;D3,20,,,
27066,,12,L1303,Pensar nuestro tiempo,L1303.1,8,B2;C5;E4,24,,,
27066,,12,ADVHS01,Advisory HS,ADVHS01.5,9,E3,7,,,
27067,,12,J1203,Tech. and Innovation for Social Change,J1203.4,1,A5;C3;E1,22,,,
27067,,12,G1202,AP Spanish Literature and Culture,G1202.1,2,A3;C1;D4,6,,,
27067,,12,OI1305,Calculus,OI1305.5,3,B3;D1;E5,44,,,
27067,,12,A1204,Environmental Science,A1204.2,4,B1;C4;E2,13,,,
27067,,12,E1201,Physical Education and Health 12,E1201.1,5,A1;B4;D2,30,,,
27067,,12,L1302,Introduction to Law,L1302.1,6,A4;C2;D5,24,,,
27067,,12,OC1310,Painting II,OC1310.2,7,A2;B5;D3,46,,,
27067,,12,OH1306,Art of Fiction Higher Level,OH1306.2,8,B2;C5;E4,23,,,
27067,,12,ADVHS01,Advisory HS,ADVHS01.6,9,E3,8,,,
27068,,12,L1304,Life Purpose,L1304.1,1,A5;C3;E1,24,,,
27068,,12,OA1322,AP Physics 2,OA1322.1,2,A3;C1;D4,31,,,
27068,,12,E1201,Physical Education and Health 12,E1201.5,3,B3;D1;E5,30,,,
27068,,12,OA1304,AP Biology,OA1304.1,6,A4;C2;D5,7,,,
27068,,12,OB1532,AP Research,OB1532.1,7,A2;B5;D3,10,,,
27068,,12,G1201,Español & Literatura 12,G1201.1,8,B2;C5;E4,6,,,
27068,,12,ADVHS01,Advisory HS,ADVHS01.18,9,E3,31,,,
27071,,12,OI1305,Calculus,OI1305.2,1,A5;C3;E1,35,,,
27071,,12,E1201,Physical Education and Health 12,E1201.6,2,A3;C1;D4,30,,,
27071,,12,G1201,Español & Literatura 12,G1201.2,3,B3;D1;E5,6,,,
27071,,12,J1203,Tech. and Innovation for Social Change,J1203.1,4,B1;C4;E2,20,,,
27071,,12,OA1318,AP Environmental Science,OA1318.1,5,A1;B4;D2,13,,,
27071,,12,OH1501,Journalism Higher Level,OH1501.1,6,A4;C2;D5,43,,,
27071,,12,L1303,Pensar nuestro tiempo,L1303.1,8,B2;C5;E4,24,,,
27071,,12,ADVHS01,Advisory HS,ADVHS01.7,9,E3,13,,,
27073,,12,H1201B,AP English Literature and Composition,H1201B.1,2,A3;C1;D4,23,,,
27073,,12,I1212,AP Macroeconomics,I1212.3,3,B3;D1;E5,34,,,
27073,,12,I1213,AP Microeconomics,I1213.3,3,B3;D1;E5,34,,,
27073,,12,OA1317,AP Chemistry,OA1317.1,4,B1;C4;E2,38,,,
27073,,12,E1201,Physical Education and Health 12,E1201.2,6,A4;C2;D5,30,,,
27073,,12,OB1532,AP Research,OB1532.1,7,A2;B5;D3,10,,,
27073,,12,G1201,Español & Literatura 12,G1201.1,8,B2;C5;E4,6,,,
27073,,12,ADVHS01,Advisory HS,ADVHS01.26,9,E3,40,,,
27074,,12,J1203,Tech. and Innovation for Social Change,J1203.4,1,A5;C3;E1,22,,,
27074,,12,G1201,Español & Literatura 12,G1201.5,2,A3;C1;D4,25,,,
27074,,12,A1204,Environmental Science,A1204.3,3,B3;D1;E5,13,,,
27074,,12,E1201,Physical Education and Health 12,E1201.4,4,B1;C4;E2,30,,,
27074,,12,OH1306,Art of Fiction Higher Level,OH1306.1,5,A1;B4;D2,23,,,
27074,,12,OI1303,Financial Math,OI1303.1,6,A4;C2;D5,4,,,
27074,,12,I1204,AP Calculus AB,I1204.1,7,A2;B5;D3,44,,,
27074,,12,L1303,Pensar nuestro tiempo,L1303.1,8,B2;C5;E4,24,,,
27074,,12,ADVHS01,Advisory HS,ADVHS01.8,9,E3,19,,,
27076,,12,L1304,Life Purpose,L1304.1,1,A5;C3;E1,24,,,
27076,,12,OI1305,Calculus,OI1305.5,3,B3;D1;E5,44,,,
27076,,12,A1204,Environmental Science,A1204.2,4,B1;C4;E2,13,,,
27076,,12,E1201,Physical Education and Health 12,E1201.1,5,A1;B4;D2,30,,,
27076,,12,OH1501,Journalism Higher Level,OH1501.1,6,A4;C2;D5,43,,,
27076,,12,J1203,Tech. and Innovation for Social Change,J1203.2,7,A2;B5;D3,20,,,
27076,,12,G1201,Español & Literatura 12,G1201.1,8,B2;C5;E4,6,,,
27076,,12,ADVHS01,Advisory HS,ADVHS01.2,9,E3,4,,,
27077,,12,E1201,Physical Education and Health 12,E1201.6,2,A3;C1;D4,30,,,
27077,,12,G1201,Español & Literatura 12,G1201.2,3,B3;D1;E5,6,,,
27077,,12,A1204,Environmental Science,A1204.2,4,B1;C4;E2,13,,,
27077,,12,OH1306,Art of Fiction Higher Level,OH1306.1,5,A1;B4;D2,23,,,
27077,,12,L1304,Life Purpose,L1304.3,6,A4;C2;D5,33,,,
27077,,12,OB1532,AP Research,OB1532.1,7,A2;B5;D3,10,,,
27077,,12,OI1305,Calculus,OI1305.1,8,B2;C5;E4,35,,,
27077,,12,ADVHS01,Advisory HS,ADVHS01.9,9,E3,20,,,
27078,,12,E1201,Physical Education and Health 12,E1201.3,1,A5;C3;E1,30,,,
27078,,12,G1201,Español & Literatura 12,G1201.2,3,B3;D1;E5,6,,,
27078,,12,OI1305,Calculus,OI1305.4,4,B1;C4;E2,44,,,
27078,,12,OA1318,AP Environmental Science,OA1318.1,5,A1;B4;D2,13,,,
27078,,12,L1304,Life Purpose,L1304.3,6,A4;C2;D5,33,,,
27078,,12,J1203,Tech. and Innovation for Social Change,J1203.2,7,A2;B5;D3,20,,,
27078,,12,OH1501,Journalism Higher Level,OH1501.2,8,B2;C5;E4,43,,,
27078,,12,ADVHS01,Advisory HS,ADVHS01.8,9,E3,19,,,
27079,,12,OB1520,AP Statistics,OB1520.2,1,A5;C3;E1,37,,,
27079,,12,OA1322,AP Physics 2,OA1322.1,2,A3;C1;D4,31,,,
27079,,12,G1201,Español & Literatura 12,G1201.2,3,B3;D1;E5,6,,,
27079,,12,I1212,AP Macroeconomics,I1212.1,4,B1;C4;E2,34,,,
27079,,12,I1213,AP Microeconomics,I1213.1,4,B1;C4;E2,34,,,
27079,,12,E1201,Physical Education and Health 12,E1201.1,5,A1;B4;D2,30,,,
27079,,12,OI1303,Financial Math,OI1303.1,6,A4;C2;D5,4,,,
27079,,12,J1203,Tech. and Innovation for Social Change,J1203.2,7,A2;B5;D3,20,,,
27079,,12,OH1501,Journalism Higher Level,OH1501.2,8,B2;C5;E4,43,,,
27079,,12,ADVHS01,Advisory HS,ADVHS01.23,9,E3,36,,,
27080,,12,G1201,Español & Literatura 12,G1201.5,2,A3;C1;D4,25,,,
27080,,12,E1201,Physical Education and Health 12,E1201.4,4,B1;C4;E2,30,,,
27080,,12,L1304,Life Purpose,L1304.2,5,A1;B4;D2,24,,,
27080,,12,OH1501,Journalism Higher Level,OH1501.1,6,A4;C2;D5,43,,,
27080,,12,J1203,Tech. and Innovation for Social Change,J1203.2,7,A2;B5;D3,20,,,
27080,,12,OI1305,Calculus,OI1305.1,8,B2;C5;E4,35,,,
27080,,12,ADVHS01,Advisory HS,ADVHS01.19,9,E3,32,,,
27081,,12,J1203,Tech. and Innovation for Social Change,J1203.4,1,A5;C3;E1,22,,,
27081,,12,OA1322,AP Physics 2,OA1322.1,2,A3;C1;D4,31,,,
27081,,12,OB1520,AP Statistics,OB1520.1,3,B3;D1;E5,37,,,
27081,,12,E1201,Physical Education and Health 12,E1201.4,4,B1;C4;E2,30,,,
27081,,12,OH1306,Art of Fiction Higher Level,OH1306.1,5,A1;B4;D2,23,,,
27081,,12,I1208,AP Calculus BC,I1208.1,6,A4;C2;D5,44,,,
27081,,12,G1201,Español & Literatura 12,G1201.3,7,A2;B5;D3,6,,,
27081,,12,I1212,AP Macroeconomics,I1212.2,8,B2;C5;E4,34,,,
27081,,12,I1213,AP Microeconomics,I1213.2,8,B2;C5;E4,34,,,
27081,,12,ADVHS01,Advisory HS,ADVHS01.24,9,E3,37,,,
27083,,12,J1203,Tech. and Innovation for Social Change,J1203.4,1,A5;C3;E1,22,,,
27083,,12,OA1322,AP Physics 2,OA1322.2,3,B3;D1;E5,31,,,
27083,,12,E1201,Physical Education and Health 12,E1201.4,4,B1;C4;E2,30,,,
27083,,12,OH1306,Art of Fiction Higher Level,OH1306.1,5,A1;B4;D2,23,,,
27083,,12,OI1305,Calculus,OI1305.3,6,A4;C2;D5,35,,,
27083,,12,G1201,Español & Literatura 12,G1201.3,7,A2;B5;D3,6,,,
27083,,12,L1303,Pensar nuestro tiempo,L1303.1,8,B2;C5;E4,24,,,
27083,,12,ADVHS01,Advisory HS,ADVHS01.9,9,E3,20,,,
27085,,12,E1201,Physical Education and Health 12,E1201.3,1,A5;C3;E1,30,,,
27085,,12,G1202,AP Spanish Literature and Culture,G1202.1,2,A3;C1;D4,6,,,
27085,,12,OA1322,AP Physics 2,OA1322.2,3,B3;D1;E5,31,,,
27085,,12,J1203,Tech. and Innovation for Social Change,J1203.5,5,A1;B4;D2,22,,,
27085,,12,OI1303,Financial Math,OI1303.1,6,A4;C2;D5,4,,,
27085,,12,L1304,Life Purpose,L1304.4,7,A2;B5;D3,33,,,
27085,,12,OH1306,Art of Fiction Higher Level,OH1306.2,8,B2;C5;E4,23,,,
27085,,12,ADVHS01,Advisory HS,ADVHS01.1,9,E3,3,,,
27086,,12,E1201,Physical Education and Health 12,E1201.3,1,A5;C3;E1,30,,,
27086,,12,G1201,Español & Literatura 12,G1201.5,2,A3;C1;D4,25,,,
27086,,12,OH1306,Art of Fiction Higher Level,OH1306.3,3,B3;D1;E5,23,,,
27086,,12,J1203,Tech. and Innovation for Social Change,J1203.1,4,B1;C4;E2,20,,,
27086,,12,OI1303,Financial Math,OI1303.1,6,A4;C2;D5,4,,,
27086,,12,A1204,Environmental Science,A1204.1,7,A2;B5;D3,13,,,
27086,,12,I1212,AP Macroeconomics,I1212.2,8,B2;C5;E4,34,,,
27086,,12,I1213,AP Microeconomics,I1213.2,8,B2;C5;E4,34,,,
27086,,12,ADVHS01,Advisory HS,ADVHS01.16,9,E3,28,,,
27088,,11,L1304,Life Purpose,L1304.1,1,A5;C3;E1,24,,,
27088,,11,G1203,Español & Literatura 11,G1203.3,2,A3;C1;D4,36,,,
27088,,11,E1101,Physical Education and Health 11,E1101.3,3,B3;D1;E5,27,,,
27088,,11,OI1003,Algebra II,OI1003.2,5,A1;B4;D2,8,,,
27088,,11,A1105,Physics 11,A1105.5,6,A4;C2;D5,41,,,
27088,,11,OH1305,Art of Fiction Intermediate Level,OH1305.3,7,A2;B5;D3,40,,,
27088,,11,ADVHS01,Advisory HS,ADVHS01.34,9,E3,47,,,
27089,,12,J1203,Tech. and Innovation for Social Change,J1203.4,1,A5;C3;E1,22,,,
27089,,12,G1201,Español & Literatura 12,G1201.5,2,A3;C1;D4,25,,,
27089,,12,OA1322,AP Physics 2,OA1322.2,3,B3;D1;E5,31,,,
27089,,12,E1201,Physical Education and Health 12,E1201.4,4,B1;C4;E2,30,,,
27089,,12,OH1306,Art of Fiction Higher Level,OH1306.1,5,A1;B4;D2,23,,,
27089,,12,OI1303,Financial Math,OI1303.1,6,A4;C2;D5,4,,,
27089,,12,L1304,Life Purpose,L1304.4,7,A2;B5;D3,33,,,
27089,,12,I1204,AP Calculus AB,I1204.2,8,B2;C5;E4,44,,,
27089,,12,ADVHS01,Advisory HS,ADVHS01.9,9,E3,20,,,
27090,,12,J1203,Tech. and Innovation for Social Change,J1203.4,1,A5;C3;E1,22,,,
27090,,12,E1201,Physical Education and Health 12,E1201.5,3,B3;D1;E5,30,,,
27090,,12,OA1317,AP Chemistry,OA1317.1,4,B1;C4;E2,38,,,
27090,,12,L1304,Life Purpose,L1304.2,5,A1;B4;D2,24,,,
27090,,12,OI1303,Financial Math,OI1303.1,6,A4;C2;D5,4,,,
27090,,12,G1201,Español & Literatura 12,G1201.3,7,A2;B5;D3,6,,,
27090,,12,OH1501,Journalism Higher Level,OH1501.2,8,B2;C5;E4,43,,,
27090,,12,ADVHS01,Advisory HS,ADVHS01.1,9,E3,3,,,
27091,,12,OI1305,Calculus,OI1305.2,1,A5;C3;E1,35,,,
27091,,12,I1212,AP Macroeconomics,I1212.4,2,A3;C1;D4,34,,,
27091,,12,I1213,AP Microeconomics,I1213.4,2,A3;C1;D4,34,,,
27091,,12,OH1306,Art of Fiction Higher Level,OH1306.3,3,B3;D1;E5,23,,,
27091,,12,OA1317,AP Chemistry,OA1317.1,4,B1;C4;E2,38,,,
27091,,12,E1201,Physical Education and Health 12,E1201.1,5,A1;B4;D2,30,,,
27091,,12,G1201,Español & Literatura 12,G1201.6,6,A4;C2;D5,36,,,
27091,,12,J1203,Tech. and Innovation for Social Change,J1203.3,8,B2;C5;E4,22,,,
27091,,12,ADVHS01,Advisory HS,ADVHS01.25,9,E3,38,,,
27092,,12,OI1305,Calculus,OI1305.2,1,A5;C3;E1,35,,,
27092,,12,A1204,Environmental Science,A1204.3,3,B3;D1;E5,13,,,
27092,,12,E1201,Physical Education and Health 12,E1201.4,4,B1;C4;E2,30,,,
27092,,12,J1203,Tech. and Innovation for Social Change,J1203.5,5,A1;B4;D2,22,,,
27092,,12,G1201,Español & Literatura 12,G1201.6,6,A4;C2;D5,36,,,
27092,,12,L1304,Life Purpose,L1304.4,7,A2;B5;D3,33,,,
27092,,12,OH1306,Art of Fiction Higher Level,OH1306.2,8,B2;C5;E4,23,,,
27092,,12,ADVHS01,Advisory HS,ADVHS01.10,9,E3,21,,,
27093,,12,OI1303,Financial Math,OI1303.2,1,A5;C3;E1,4,,,
27093,,12,E1201,Physical Education and Health 12,E1201.6,2,A3;C1;D4,30,,,
27093,,12,G1201,Español & Literatura 12,G1201.2,3,B3;D1;E5,6,,,
27093,,12,J1203,Tech. and Innovation for Social Change,J1203.1,4,B1;C4;E2,20,,,
27093,,12,L1304,Life Purpose,L1304.2,5,A1;B4;D2,24,,,
27093,,12,I1208,AP Calculus BC,I1208.1,6,A4;C2;D5,44,,,
27093,,12,A1204,Environmental Science,A1204.1,7,A2;B5;D3,13,,,
27093,,12,OH1501,Journalism Higher Level,OH1501.2,8,B2;C5;E4,43,,,
27093,,12,ADVHS01,Advisory HS,ADVHS01.1,9,E3,3,,,
27094,,11,OH1305,Art of Fiction Intermediate Level,OH1305.2,2,A3;C1;D4,40,,,
27094,,11,A1105,Physics 11,A1105.1,3,B3;D1;E5,7,,,
27094,,11,OI1003,Algebra II,OI1003.6,4,B1;C4;E2,8,,,
27094,,11,E1101,Physical Education and Health 11,E1101.4,5,A1;B4;D2,27,,,
27094,,11,OJ1204,Creative Design,OJ1204.1,6,A4;C2;D5,21,,,
27094,,11,L1304,Life Purpose,L1304.4,7,A2;B5;D3,33,,,
27094,,11,G1203,Español & Literatura 11,G1203.4,8,B2;C5;E4,36,,,
27094,,11,ADVHS01,Advisory HS,ADVHS01.35,9,E3,48,,,
27095,,12,OI1303,Financial Math,OI1303.2,1,A5;C3;E1,4,,,
27095,,12,G1201,Español & Literatura 12,G1201.5,2,A3;C1;D4,25,,,
27095,,12,OH1306,Art of Fiction Higher Level,OH1306.3,3,B3;D1;E5,23,,,
27095,,12,E1201,Physical Education and Health 12,E1201.4,4,B1;C4;E2,30,,,
27095,,12,J1203,Tech. and Innovation for Social Change,J1203.5,5,A1;B4;D2,22,,,
27095,,12,I1208,AP Calculus BC,I1208.1,6,A4;C2;D5,44,,,
27095,,12,A1204,Environmental Science,A1204.1,7,A2;B5;D3,13,,,
27095,,12,L1303,Pensar nuestro tiempo,L1303.1,8,B2;C5;E4,24,,,
27095,,12,ADVHS01,Advisory HS,ADVHS01.10,9,E3,21,,,
27096,,12,H1201B,AP English Literature and Composition,H1201B.1,2,A3;C1;D4,23,,,
27096,,12,E1201,Physical Education and Health 12,E1201.5,3,B3;D1;E5,30,,,
27096,,12,L1301,AP Psychology,L1301.3,4,B1;C4;E2,33,,,
27096,,12,G1201,Español & Literatura 12,G1201.4,5,A1;B4;D2,6,,,
27096,,12,OA1304,AP Biology,OA1304.1,6,A4;C2;D5,7,,,
27096,,12,OB1532,AP Research,OB1532.1,7,A2;B5;D3,10,,,
27096,,12,OI1305,Calculus,OI1305.1,8,B2;C5;E4,35,,,
27096,,12,ADVHS01,Advisory HS,ADVHS01.10,9,E3,21,,,
27097,,12,OI1303,Financial Math,OI1303.2,1,A5;C3;E1,4,,,
27097,,12,OA1322,AP Physics 2,OA1322.1,2,A3;C1;D4,31,,,
27097,,12,OB1520,AP Statistics,OB1520.1,3,B3;D1;E5,37,,,
27097,,12,E1201,Physical Education and Health 12,E1201.4,4,B1;C4;E2,30,,,
27097,,12,G1201,Español & Literatura 12,G1201.4,5,A1;B4;D2,6,,,
27097,,12,OH1501,Journalism Higher Level,OH1501.1,6,A4;C2;D5,43,,,
27097,,12,L1304,Life Purpose,L1304.4,7,A2;B5;D3,33,,,
27097,,12,J1203,Tech. and Innovation for Social Change,J1203.3,8,B2;C5;E4,22,,,
27097,,12,ADVHS01,Advisory HS,ADVHS01.11,9,E3,22,,,
27098,,12,L1304,Life Purpose,L1304.1,1,A5;C3;E1,24,,,
27098,,12,E1201,Physical Education and Health 12,E1201.6,2,A3;C1;D4,30,,,
27098,,12,OI1305,Calculus,OI1305.5,3,B3;D1;E5,44,,,
27098,,12,A1204,Environmental Science,A1204.2,4,B1;C4;E2,13,,,
27098,,12,G1201,Español & Literatura 12,G1201.4,5,A1;B4;D2,6,,,
27098,,12,OI1303,Financial Math,OI1303.1,6,A4;C2;D5,4,,,
27098,,12,J1203,Tech. and Innovation for Social Change,J1203.2,7,A2;B5;D3,20,,,
27098,,12,OH1306,Art of Fiction Higher Level,OH1306.2,8,B2;C5;E4,23,,,
27098,,12,ADVHS01,Advisory HS,ADVHS01.12,9,E3,23,,,
27100,,11,L1302,Introduction to Law,L1302.2,2,A3;C1;D4,24,,,
27100,,11,E1101,Physical Education and Health 11,E1101.3,3,B3;D1;E5,27,,,
27100,,11,L1301,AP Psychology,L1301.3,4,B1;C4;E2,33,,,
27100,,11,G1203,Español & Literatura 11,G1203.2,5,A1;B4;D2,36,,,
27100,,11,A1105,Physics 11,A1105.5,6,A4;C2;D5,41,,,
27100,,11,H1206,AP English Language & Composition,H1206.2,7,A2;B5;D3,19,,,
27100,,11,I1204,AP Calculus AB,I1204.2,8,B2;C5;E4,44,,,
27100,,11,ADVHS01,Advisory HS,ADVHS01.2,9,E3,4,,,
27101,,12,OB1520,AP Statistics,OB1520.2,1,A5;C3;E1,37,,,
27101,,12,OA1322,AP Physics 2,OA1322.2,3,B3;D1;E5,31,,,
27101,,12,E1201,Physical Education and Health 12,E1201.1,5,A1;B4;D2,30,,,
27101,,12,G1201,Español & Literatura 12,G1201.6,6,A4;C2;D5,36,,,
27101,,12,H1206,AP English Language & Composition,H1206.2,7,A2;B5;D3,19,,,
27101,,12,J1203,Tech. and Innovation for Social Change,J1203.3,8,B2;C5;E4,22,,,
27101,,12,ADVHS01,Advisory HS,ADVHS01.19,9,E3,32,,,
27103,,12,OI1303,Financial Math,OI1303.2,1,A5;C3;E1,4,,,
27103,,12,E1201,Physical Education and Health 12,E1201.6,2,A3;C1;D4,30,,,
27103,,12,OI1305,Calculus,OI1305.5,3,B3;D1;E5,44,,,
27103,,12,A1204,Environmental Science,A1204.2,4,B1;C4;E2,13,,,
27103,,12,G1201,Español & Literatura 12,G1201.4,5,A1;B4;D2,6,,,
27103,,12,OH1501,Journalism Higher Level,OH1501.1,6,A4;C2;D5,43,,,
27103,,12,OB1532,AP Research,OB1532.1,7,A2;B5;D3,10,,,
27103,,12,L1303,Pensar nuestro tiempo,L1303.1,8,B2;C5;E4,24,,,
27103,,12,ADVHS01,Advisory HS,ADVHS01.18,9,E3,31,,,
27104,,12,L1304,Life Purpose,L1304.1,1,A5;C3;E1,24,,,
27104,,12,OC1310,Painting II,OC1310.3,2,A3;C1;D4,46,,,
27104,,12,A1204,Environmental Science,A1204.3,3,B3;D1;E5,13,,,
27104,,12,E1201,Physical Education and Health 12,E1201.4,4,B1;C4;E2,30,,,
27104,,12,J1203,Tech. and Innovation for Social Change,J1203.5,5,A1;B4;D2,22,,,
27104,,12,OH1501,Journalism Higher Level,OH1501.1,6,A4;C2;D5,43,,,
27104,,12,G1201,Español & Literatura 12,G1201.3,7,A2;B5;D3,6,,,
27104,,12,I1204,AP Calculus AB,I1204.2,8,B2;C5;E4,44,,,
27104,,12,ADVHS01,Advisory HS,ADVHS01.11,9,E3,22,,,
27105,,12,L1304,Life Purpose,L1304.1,1,A5;C3;E1,24,,,
27105,,12,OI1305,Calculus,OI1305.5,3,B3;D1;E5,44,,,
27105,,12,J1203,Tech. and Innovation for Social Change,J1203.1,4,B1;C4;E2,20,,,
27105,,12,E1201,Physical Education and Health 12,E1201.1,5,A1;B4;D2,30,,,
27105,,12,OA1304,AP Biology,OA1304.1,6,A4;C2;D5,7,,,
27105,,12,G1201,Español & Literatura 12,G1201.3,7,A2;B5;D3,6,,,
27105,,12,OH1501,Journalism Higher Level,OH1501.2,8,B2;C5;E4,43,,,
27105,,12,ADVHS01,Advisory HS,ADVHS01.11,9,E3,22,,,
27106,,12,OI1303,Financial Math,OI1303.2,1,A5;C3;E1,4,,,
27106,,12,E1201,Physical Education and Health 12,E1201.6,2,A3;C1;D4,30,,,
27106,,12,OA1322,AP Physics 2,OA1322.2,3,B3;D1;E5,31,,,
27106,,12,OI1305,Calculus,OI1305.4,4,B1;C4;E2,44,,,
27106,,12,J1203,Tech. and Innovation for Social Change,J1203.5,5,A1;B4;D2,22,,,
27106,,12,OH1501,Journalism Higher Level,OH1501.1,6,A4;C2;D5,43,,,
27106,,12,G1201,Español & Literatura 12,G1201.3,7,A2;B5;D3,6,,,
27106,,12,L1303,Pensar nuestro tiempo,L1303.1,8,B2;C5;E4,24,,,
27106,,12,ADVHS01,Advisory HS,ADVHS01.13,9,E3,24,,,
27107,,12,E1201,Physical Education and Health 12,E1201.3,1,A5;C3;E1,30,,,
27107,,12,OC1310,Painting II,OC1310.3,2,A3;C1;D4,46,,,
27107,,12,OI1305,Calculus,OI1305.5,3,B3;D1;E5,44,,,
27107,,12,J1203,Tech. and Innovation for Social Change,J1203.1,4,B1;C4;E2,20,,,
27107,,12,G1201,Español & Literatura 12,G1201.4,5,A1;B4;D2,6,,,
27107,,12,OH1501,Journalism Higher Level,OH1501.1,6,A4;C2;D5,43,,,
27107,,12,A1204,Environmental Science,A1204.1,7,A2;B5;D3,13,,,
27107,,12,L1303,Pensar nuestro tiempo,L1303.1,8,B2;C5;E4,24,,,
27107,,12,ADVHS01,Advisory HS,ADVHS01.12,9,E3,23,,,
27108,,12,J1203,Tech. and Innovation for Social Change,J1203.4,1,A5;C3;E1,22,,,
27108,,12,I1212,AP Macroeconomics,I1212.4,2,A3;C1;D4,34,,,
27108,,12,I1213,AP Microeconomics,I1213.4,2,A3;C1;D4,34,,,
27108,,12,OA1322,AP Physics 2,OA1322.2,3,B3;D1;E5,31,,,
27108,,12,OA1317,AP Chemistry,OA1317.1,4,B1;C4;E2,38,,,
27108,,12,G1201,Español & Literatura 12,G1201.4,5,A1;B4;D2,6,,,
27108,,12,E1201,Physical Education and Health 12,E1201.2,6,A4;C2;D5,30,,,
27108,,12,I1204,AP Calculus AB,I1204.1,7,A2;B5;D3,44,,,
27108,,12,OH1306,Art of Fiction Higher Level,OH1306.2,8,B2;C5;E4,23,,,
27108,,12,ADVHS01,Advisory HS,ADVHS01.12,9,E3,23,,,
27109,,12,H1201B,AP English Literature and Composition,H1201B.2,0,,23,,,
27109,,12,OA1322,AP Physics 2,OA1322.1,2,A3;C1;D4,31,,,
27109,,12,G1201,Español & Literatura 12,G1201.2,3,B3;D1;E5,6,,,
27109,,12,OC1314,AP Drawing,OC1314.1,4,B1;C4;E2,46,,,
27109,,12,E1201,Physical Education and Health 12,E1201.1,5,A1;B4;D2,30,,,
27109,,12,I1208,AP Calculus BC,I1208.1,6,A4;C2;D5,44,,,
27109,,12,J1203,Tech. and Innovation for Social Change,J1203.2,7,A2;B5;D3,20,,,
27109,,12,L1303,Pensar nuestro tiempo,L1303.1,8,B2;C5;E4,24,,,
27109,,12,ADVHS01,Advisory HS,ADVHS01.13,9,E3,24,,,
27110,,12,OI1303,Financial Math,OI1303.2,1,A5;C3;E1,4,,,
27110,,12,G1201,Español & Literatura 12,G1201.2,3,B3;D1;E5,6,,,
27110,,12,J1203,Tech. and Innovation for Social Change,J1203.1,4,B1;C4;E2,20,,,
27110,,12,E1201,Physical Education and Health 12,E1201.1,5,A1;B4;D2,30,,,
27110,,12,L1302,Introduction to Law,L1302.1,6,A4;C2;D5,24,,,
27110,,12,A1204,Environmental Science,A1204.1,7,A2;B5;D3,13,,,
27110,,12,OI1305,Calculus,OI1305.1,8,B2;C5;E4,35,,,
27110,,12,ADVHS01,Advisory HS,ADVHS01.19,9,E3,32,,,
27111,,12,OI1303,Financial Math,OI1303.2,1,A5;C3;E1,4,,,
27111,,12,G1201,Español & Literatura 12,G1201.5,2,A3;C1;D4,25,,,
27111,,12,I1212,AP Macroeconomics,I1212.3,3,B3;D1;E5,34,,,
27111,,12,I1213,AP Microeconomics,I1213.3,3,B3;D1;E5,34,,,
27111,,12,E1201,Physical Education and Health 12,E1201.4,4,B1;C4;E2,30,,,
27111,,12,OA1318,AP Environmental Science,OA1318.1,5,A1;B4;D2,13,,,
27111,,12,OH1501,Journalism Higher Level,OH1501.1,6,A4;C2;D5,43,,,
27111,,12,J1203,Tech. and Innovation for Social Change,J1203.2,7,A2;B5;D3,20,,,
27111,,12,OI1305,Calculus,OI1305.1,8,B2;C5;E4,35,,,
27111,,12,ADVHS01,Advisory HS,ADVHS01.13,9,E3,24,,,
27112,,12,J1203,Tech. and Innovation for Social Change,J1203.4,1,A5;C3;E1,22,,,
27112,,12,OA1322,AP Physics 2,OA1322.1,2,A3;C1;D4,31,,,
27112,,12,OH1306,Art of Fiction Higher Level,OH1306.3,3,B3;D1;E5,23,,,
27112,,12,E1201,Physical Education and Health 12,E1201.1,5,A1;B4;D2,30,,,
27112,,12,OI1303,Financial Math,OI1303.1,6,A4;C2;D5,4,,,
27112,,12,G1201,Español & Literatura 12,G1201.3,7,A2;B5;D3,6,,,
27112,,12,L1303,Pensar nuestro tiempo,L1303.1,8,B2;C5;E4,24,,,
27112,,12,ADVHS01,Advisory HS,ADVHS01.14,9,E3,25,,,
27113,,12,L1301,AP Psychology,L1301.1,1,A5;C3;E1,33,,,
27113,,12,H1201B,AP English Literature and Composition,H1201B.1,2,A3;C1;D4,23,,,
27113,,12,E1201,Physical Education and Health 12,E1201.5,3,B3;D1;E5,30,,,
27113,,12,A1204,Environmental Science,A1204.2,4,B1;C4;E2,13,,,
27113,,12,OZ1313,AP Computer Science A,OZ1313.1,5,A1;B4;D2,50,,,
27113,,12,I1208,AP Calculus BC,I1208.1,6,A4;C2;D5,44,,,
27113,,12,OB1532,AP Research,OB1532.1,7,A2;B5;D3,10,,,
27113,,12,G1201,Español & Literatura 12,G1201.1,8,B2;C5;E4,6,,,
27113,,12,ADVHS01,Advisory HS,ADVHS01.15,9,E3,26,,,
27114,,12,J1203,Tech. and Innovation for Social Change,J1203.4,1,A5;C3;E1,22,,,
27114,,12,E1201,Physical Education and Health 12,E1201.6,2,A3;C1;D4,30,,,
27114,,12,I1212,AP Macroeconomics,I1212.3,3,B3;D1;E5,34,,,
27114,,12,I1213,AP Microeconomics,I1213.3,3,B3;D1;E5,34,,,
27114,,12,OA1317,AP Chemistry,OA1317.1,4,B1;C4;E2,38,,,
27114,,12,OI1303,Financial Math,OI1303.1,6,A4;C2;D5,4,,,
27114,,12,G1201,Español & Literatura 12,G1201.3,7,A2;B5;D3,6,,,
27114,,12,OH1306,Art of Fiction Higher Level,OH1306.2,8,B2;C5;E4,23,,,
27114,,12,ADVHS01,Advisory HS,ADVHS01.26,9,E3,40,,,
27116,,12,L1301,AP Psychology,L1301.2,2,A3;C1;D4,33,,,
27116,,12,A1204,Environmental Science,A1204.3,3,B3;D1;E5,13,,,
27116,,12,OC1314,AP Drawing,OC1314.1,4,B1;C4;E2,46,,,
27116,,12,E1201,Physical Education and Health 12,E1201.1,5,A1;B4;D2,30,,,
27116,,12,G1201,Español & Literatura 12,G1201.6,6,A4;C2;D5,36,,,
27116,,12,OB1532,AP Research,OB1532.1,7,A2;B5;D3,10,,,
27116,,12,OH1501,Journalism Higher Level,OH1501.2,8,B2;C5;E4,43,,,
27116,,12,ADVHS01,Advisory HS,ADVHS01.16,9,E3,28,,,
27118,,12,OI1305,Calculus,OI1305.2,1,A5;C3;E1,35,,,
27118,,12,H1201B,AP English Literature and Composition,H1201B.1,2,A3;C1;D4,23,,,
27118,,12,E1201,Physical Education and Health 12,E1201.5,3,B3;D1;E5,30,,,
27118,,12,L1301,AP Psychology,L1301.3,4,B1;C4;E2,33,,,
27118,,12,OC1305,Painting I,OC1305.4,5,A1;B4;D2,46,,,
27118,,12,G1201,Español & Literatura 12,G1201.6,6,A4;C2;D5,36,,,
27118,,12,A1204,Environmental Science,A1204.1,7,A2;B5;D3,13,,,
27118,,12,J1203,Tech. and Innovation for Social Change,J1203.3,8,B2;C5;E4,22,,,
27118,,12,ADVHS01,Advisory HS,ADVHS01.17,9,E3,29,,,
27119,,12,J1203,Tech. and Innovation for Social Change,J1203.4,1,A5;C3;E1,22,,,
27119,,12,G1202,AP Spanish Literature and Culture,G1202.1,2,A3;C1;D4,6,,,
27119,,12,OH1306,Art of Fiction Higher Level,OH1306.3,3,B3;D1;E5,23,,,
27119,,12,E1201,Physical Education and Health 12,E1201.1,5,A1;B4;D2,30,,,
27119,,12,I1208,AP Calculus BC,I1208.1,6,A4;C2;D5,44,,,
27119,,12,A1204,Environmental Science,A1204.1,7,A2;B5;D3,13,,,
27119,,12,L1303,Pensar nuestro tiempo,L1303.1,8,B2;C5;E4,24,,,
27119,,12,ADVHS01,Advisory HS,ADVHS01.22,9,E3,35,,,
27120,,12,E1201,Physical Education and Health 12,E1201.3,1,A5;C3;E1,30,,,
27120,,12,L1301,AP Psychology,L1301.2,2,A3;C1;D4,33,,,
27120,,12,G1201,Español & Literatura 12,G1201.2,3,B3;D1;E5,6,,,
27120,,12,OA1317,AP Chemistry,OA1317.1,4,B1;C4;E2,38,,,
27120,,12,I1208,AP Calculus BC,I1208.1,6,A4;C2;D5,44,,,
27120,,12,J1203,Tech. and Innovation for Social Change,J1203.2,7,A2;B5;D3,20,,,
27120,,12,OH1501,Journalism Higher Level,OH1501.2,8,B2;C5;E4,43,,,
27120,,12,ADVHS01,Advisory HS,ADVHS01.12,9,E3,23,,,
27123,,12,L1301,AP Psychology,L1301.1,1,A5;C3;E1,33,,,
27123,,12,E1201,Physical Education and Health 12,E1201.6,2,A3;C1;D4,30,,,
27123,,12,OH1306,Art of Fiction Higher Level,OH1306.3,3,B3;D1;E5,23,,,
27123,,12,OA1318,AP Environmental Science,OA1318.1,5,A1;B4;D2,13,,,
27123,,12,G1201,Español & Literatura 12,G1201.6,6,A4;C2;D5,36,,,
27123,,12,OB1532,AP Research,OB1532.1,7,A2;B5;D3,10,,,
27123,,12,OI1305,Calculus,OI1305.1,8,B2;C5;E4,35,,,
27123,,12,ADVHS01,Advisory HS,ADVHS01.18,9,E3,31,,,
27124,,12,H1201B,AP English Literature and Composition,H1201B.2,0,,23,,,
27124,,12,E1201,Physical Education and Health 12,E1201.3,1,A5;C3;E1,30,,,
27124,,12,G1202,AP Spanish Literature and Culture,G1202.1,2,A3;C1;D4,6,,,
27124,,12,OA1322,AP Physics 2,OA1322.2,3,B3;D1;E5,31,,,
27124,,12,L1304,Life Purpose,L1304.2,5,A1;B4;D2,24,,,
27124,,12,I1208,AP Calculus BC,I1208.1,6,A4;C2;D5,44,,,
27124,,12,OB1532,AP Research,OB1532.1,7,A2;B5;D3,10,,,
27124,,12,ADVHS01,Advisory HS,ADVHS01.20,9,E3,33,,,
27126,,12,E1201,Physical Education and Health 12,E1201.3,1,A5;C3;E1,30,,,
27126,,12,L1302,Introduction to Law,L1302.2,2,A3;C1;D4,24,,,
27126,,12,G1201,Español & Literatura 12,G1201.2,3,B3;D1;E5,6,,,
27126,,12,A1204,Environmental Science,A1204.2,4,B1;C4;E2,13,,,
27126,,12,J1203,Tech. and Innovation for Social Change,J1203.5,5,A1;B4;D2,22,,,
27126,,12,OI1303,Financial Math,OI1303.1,6,A4;C2;D5,4,,,
27126,,12,OC1310,Painting II,OC1310.2,7,A2;B5;D3,46,,,
27126,,12,OH1501,Journalism Higher Level,OH1501.2,8,B2;C5;E4,43,,,
27126,,12,ADVHS01,Advisory HS,ADVHS01.19,9,E3,32,,,
27127,,12,G1201,Español & Literatura 12,G1201.5,2,A3;C1;D4,25,,,
27127,,12,OA1322,AP Physics 2,OA1322.2,3,B3;D1;E5,31,,,
27127,,12,E1201,Physical Education and Health 12,E1201.4,4,B1;C4;E2,30,,,
27127,,12,OH1306,Art of Fiction Higher Level,OH1306.1,5,A1;B4;D2,23,,,
27127,,12,L1304,Life Purpose,L1304.3,6,A4;C2;D5,33,,,
27127,,12,OB1532,AP Research,OB1532.1,7,A2;B5;D3,10,,,
27127,,12,I1204,AP Calculus AB,I1204.2,8,B2;C5;E4,44,,,
27127,,12,ADVHS01,Advisory HS,ADVHS01.2,9,E3,4,,,
27129,,12,OA1322,AP Physics 2,OA1322.1,2,A3;C1;D4,31,,,
27129,,12,E1201,Physical Education and Health 12,E1201.5,3,B3;D1;E5,30,,,
27129,,12,J1203,Tech. and Innovation for Social Change,J1203.1,4,B1;C4;E2,20,,,
27129,,12,L1304,Life Purpose,L1304.2,5,A1;B4;D2,24,,,
27129,,12,G1201,Español & Literatura 12,G1201.6,6,A4;C2;D5,36,,,
27129,,12,I1204,AP Calculus AB,I1204.1,7,A2;B5;D3,44,,,
27129,,12,OH1306,Art of Fiction Higher Level,OH1306.2,8,B2;C5;E4,23,,,
27129,,12,ADVHS01,Advisory HS,ADVHS01.20,9,E3,33,,,
27130,,12,E1201,Physical Education and Health 12,E1201.6,2,A3;C1;D4,30,,,
27130,,12,A1204,Environmental Science,A1204.3,3,B3;D1;E5,13,,,
27130,,12,OI1305,Calculus,OI1305.4,4,B1;C4;E2,44,,,
27130,,12,G1201,Español & Literatura 12,G1201.4,5,A1;B4;D2,6,,,
27130,,12,OH1501,Journalism Higher Level,OH1501.1,6,A4;C2;D5,43,,,
27130,,12,L1304,Life Purpose,L1304.4,7,A2;B5;D3,33,,,
27130,,12,J1203,Tech. and Innovation for Social Change,J1203.3,8,B2;C5;E4,22,,,
27130,,12,ADVHS01,Advisory HS,ADVHS01.21,9,E3,34,,,
27131,,12,OB1520,AP Statistics,OB1520.2,1,A5;C3;E1,37,,,
27131,,12,OA1322,AP Physics 2,OA1322.1,2,A3;C1;D4,31,,,
27131,,12,G1201,Español & Literatura 12,G1201.2,3,B3;D1;E5,6,,,
27131,,12,E1201,Physical Education and Health 12,E1201.4,4,B1;C4;E2,30,,,
27131,,12,L1304,Life Purpose,L1304.2,5,A1;B4;D2,24,,,
27131,,12,OI1303,Financial Math,OI1303.1,6,A4;C2;D5,4,,,
27131,,12,J1203,Tech. and Innovation for Social Change,J1203.2,7,A2;B5;D3,20,,,
27131,,12,OH1306,Art of Fiction Higher Level,OH1306.2,8,B2;C5;E4,23,,,
27131,,12,ADVHS01,Advisory HS,ADVHS01.14,9,E3,25,,,
27132,,12,OI1303,Financial Math,OI1303.2,1,A5;C3;E1,4,,,
27132,,12,G1201,Español & Literatura 12,G1201.5,2,A3;C1;D4,25,,,
27132,,12,OA1322,AP Physics 2,OA1322.2,3,B3;D1;E5,31,,,
27132,,12,E1201,Physical Education and Health 12,E1201.4,4,B1;C4;E2,30,,,
27132,,12,J1203,Tech. and Innovation for Social Change,J1203.5,5,A1;B4;D2,22,,,
27132,,12,I1208,AP Calculus BC,I1208.1,6,A4;C2;D5,44,,,
27132,,12,L1304,Life Purpose,L1304.4,7,A2;B5;D3,33,,,
27132,,12,OH1501,Journalism Higher Level,OH1501.2,8,B2;C5;E4,43,,,
27132,,12,ADVHS01,Advisory HS,ADVHS01.15,9,E3,26,,,
27134,,12,H1201B,AP English Literature and Composition,H1201B.2,0,,23,,,
27134,,12,L1304,Life Purpose,L1304.1,1,A5;C3;E1,24,,,
27134,,12,OI1305,Calculus,OI1305.5,3,B3;D1;E5,44,,,
27134,,12,E1201,Physical Education and Health 12,E1201.1,5,A1;B4;D2,30,,,
27134,,12,OA1304,AP Biology,OA1304.1,6,A4;C2;D5,7,,,
27134,,12,OB1532,AP Research,OB1532.1,7,A2;B5;D3,10,,,
27134,,12,G1201,Español & Literatura 12,G1201.1,8,B2;C5;E4,6,,,
27134,,12,ADVHS01,Advisory HS,ADVHS01.22,9,E3,35,,,
27138,,12,OC1310,Painting II,OC1310.3,2,A3;C1;D4,46,,,
27138,,12,E1201,Physical Education and Health 12,E1201.5,3,B3;D1;E5,30,,,
27138,,12,J1203,Tech. and Innovation for Social Change,J1203.1,4,B1;C4;E2,20,,,
27138,,12,L1304,Life Purpose,L1304.2,5,A1;B4;D2,24,,,
27138,,12,OH1501,Journalism Higher Level,OH1501.1,6,A4;C2;D5,43,,,
27138,,12,G1201,Español & Literatura 12,G1201.3,7,A2;B5;D3,6,,,
27138,,12,OI1305,Calculus,OI1305.1,8,B2;C5;E4,35,,,
27138,,12,ADVHS01,Advisory HS,ADVHS01.17,9,E3,29,,,
27139,,12,OI1303,Financial Math,OI1303.2,1,A5;C3;E1,4,,,
27139,,12,G1202,AP Spanish Literature and Culture,G1202.1,2,A3;C1;D4,6,,,
27139,,12,A1204,Environmental Science,A1204.3,3,B3;D1;E5,13,,,
27139,,12,J1203,Tech. and Innovation for Social Change,J1203.1,4,B1;C4;E2,20,,,
27139,,12,L1304,Life Purpose,L1304.2,5,A1;B4;D2,24,,,
27139,,12,I1208,AP Calculus BC,I1208.1,6,A4;C2;D5,44,,,
27139,,12,OH1501,Journalism Higher Level,OH1501.2,8,B2;C5;E4,43,,,
27139,,12,ADVHS01,Advisory HS,ADVHS01.16,9,E3,28,,,
27140,,12,J1203,Tech. and Innovation for Social Change,J1203.4,1,A5;C3;E1,22,,,
27140,,12,G1201,Español & Literatura 12,G1201.5,2,A3;C1;D4,25,,,
27140,,12,E1201,Physical Education and Health 12,E1201.5,3,B3;D1;E5,30,,,
27140,,12,OI1305,Calculus,OI1305.4,4,B1;C4;E2,44,,,
27140,,12,OH1501,Journalism Higher Level,OH1501.1,6,A4;C2;D5,43,,,
27140,,12,A1204,Environmental Science,A1204.1,7,A2;B5;D3,13,,,
27140,,12,L1303,Pensar nuestro tiempo,L1303.1,8,B2;C5;E4,24,,,
27140,,12,ADVHS01,Advisory HS,ADVHS01.23,9,E3,36,,,
27141,,12,OI1303,Financial Math,OI1303.2,1,A5;C3;E1,4,,,
27141,,12,L1301,AP Psychology,L1301.2,2,A3;C1;D4,33,,,
27141,,12,E1201,Physical Education and Health 12,E1201.5,3,B3;D1;E5,30,,,
27141,,12,A1204,Environmental Science,A1204.2,4,B1;C4;E2,13,,,
27141,,12,G1201,Español & Literatura 12,G1201.6,6,A4;C2;D5,36,,,
27141,,12,J1203,Tech. and Innovation for Social Change,J1203.2,7,A2;B5;D3,20,,,
27141,,12,OH1501,Journalism Higher Level,OH1501.2,8,B2;C5;E4,43,,,
27141,,12,ADVHS01,Advisory HS,ADVHS01.24,9,E3,37,,,
27142,,12,H1201B,AP English Literature and Composition,H1201B.2,0,,23,,,
27142,,12,OB1520,AP Statistics,OB1520.2,1,A5;C3;E1,37,,,
27142,,12,G1202,AP Spanish Literature and Culture,G1202.1,2,A3;C1;D4,6,,,
27142,,12,A1204,Environmental Science,A1204.3,3,B3;D1;E5,13,,,
27142,,12,I1212,AP Macroeconomics,I1212.1,4,B1;C4;E2,34,,,
27142,,12,I1213,AP Microeconomics,I1213.1,4,B1;C4;E2,34,,,
27142,,12,L1304,Life Purpose,L1304.2,5,A1;B4;D2,24,,,
27142,,12,E1201,Physical Education and Health 12,E1201.2,6,A4;C2;D5,30,,,
27142,,12,J1203,Tech. and Innovation for Social Change,J1203.2,7,A2;B5;D3,20,,,
27142,,12,ADVHS01,Advisory HS,ADVHS01.14,9,E3,25,,,
27146,,12,J1203,Tech. and Innovation for Social Change,J1203.4,1,A5;C3;E1,22,,,
27146,,12,H1201B,AP English Literature and Composition,H1201B.1,2,A3;C1;D4,23,,,
27146,,12,OB1520,AP Statistics,OB1520.1,3,B3;D1;E5,37,,,
27146,,12,E1201,Physical Education and Health 12,E1201.4,4,B1;C4;E2,30,,,
27146,,12,OA1318,AP Environmental Science,OA1318.1,5,A1;B4;D2,13,,,
27146,,12,L1304,Life Purpose,L1304.3,6,A4;C2;D5,33,,,
27146,,12,G1201,Español & Literatura 12,G1201.3,7,A2;B5;D3,6,,,
27146,,12,I1204,AP Calculus AB,I1204.2,8,B2;C5;E4,44,,,
27146,,12,ADVHS01,Advisory HS,ADVHS01.2,9,E3,4,,,
27147,,12,E1201,Physical Education and Health 12,E1201.3,1,A5;C3;E1,30,,,
27147,,12,OA1322,AP Physics 2,OA1322.2,3,B3;D1;E5,31,,,
27147,,12,L1301,AP Psychology,L1301.3,4,B1;C4;E2,33,,,
27147,,12,OH1306,Art of Fiction Higher Level,OH1306.1,5,A1;B4;D2,23,,,
27147,,12,G1201,Español & Literatura 12,G1201.6,6,A4;C2;D5,36,,,
27147,,12,I1204,AP Calculus AB,I1204.1,7,A2;B5;D3,44,,,
27147,,12,J1203,Tech. and Innovation for Social Change,J1203.3,8,B2;C5;E4,22,,,
27147,,12,ADVHS01,Advisory HS,ADVHS01.25,9,E3,38,,,
27148,,12,OI1305,Calculus,OI1305.2,1,A5;C3;E1,35,,,
27148,,12,H1201B,AP English Literature and Composition,H1201B.1,2,A3;C1;D4,23,,,
27148,,12,A1204,Environmental Science,A1204.2,4,B1;C4;E2,13,,,
27148,,12,E1201,Physical Education and Health 12,E1201.1,5,A1;B4;D2,30,,,
27148,,12,L1304,Life Purpose,L1304.3,6,A4;C2;D5,33,,,
27148,,12,OB1532,AP Research,OB1532.1,7,A2;B5;D3,10,,,
27148,,12,ADVHS01,Advisory HS,ADVHS01.2,9,E3,4,,,
27151,,12,E1201,Physical Education and Health 12,E1201.3,1,A5;C3;E1,30,,,
27151,,12,G1201,Español & Literatura 12,G1201.2,3,B3;D1;E5,6,,,
27151,,12,OA1317,AP Chemistry,OA1317.1,4,B1;C4;E2,38,,,
27151,,12,OH1306,Art of Fiction Higher Level,OH1306.1,5,A1;B4;D2,23,,,
27151,,12,OI1303,Financial Math,OI1303.1,6,A4;C2;D5,4,,,
27151,,12,OB1532,AP Research,OB1532.1,7,A2;B5;D3,10,,,
27151,,12,L1303,Pensar nuestro tiempo,L1303.1,8,B2;C5;E4,24,,,
27151,,12,ADVHS01,Advisory HS,ADVHS01.23,9,E3,36,,,
27152,,11,E1101,Physical Education and Health 11,E1101.1,1,A5;C3;E1,27,,,
27152,,11,L1302,Introduction to Law,L1302.2,2,A3;C1;D4,24,,,
27152,,11,I1215,AP 3-D Art and Design,I1215.1,3,B3;D1;E5,5,,,
27152,,11,A1105,Physics 11,A1105.3,4,B1;C4;E2,41,,,
27152,,11,OH1401,Journalism Intermediate Level,OH1401.2,5,A1;B4;D2,43,,,
27152,,11,OI1003,Algebra II,OI1003.3,6,A4;C2;D5,8,,,
27152,,11,G1203,Español & Literatura 11,G1203.1,7,A2;B5;D3,36,,,
27152,,11,ADVHS01,Advisory HS,ADVHS01.36,9,E3,49,,,
27160,,12,E1201,Physical Education and Health 12,E1201.3,1,A5;C3;E1,30,,,
27160,,12,OA1322,AP Physics 2,OA1322.1,2,A3;C1;D4,31,,,
27160,,12,OH1306,Art of Fiction Higher Level,OH1306.3,3,B3;D1;E5,23,,,
27160,,12,J1203,Tech. and Innovation for Social Change,J1203.1,4,B1;C4;E2,20,,,
27160,,12,L1304,Life Purpose,L1304.2,5,A1;B4;D2,24,,,
27160,,12,G1201,Español & Literatura 12,G1201.6,6,A4;C2;D5,36,,,
27160,,12,OC1305,Painting I,OC1305.1,7,A2;B5;D3,5,,,
27160,,12,I1204,AP Calculus AB,I1204.2,8,B2;C5;E4,44,,,
27160,,12,ADVHS01,Advisory HS,ADVHS01.26,9,E3,40,,,
27162,,12,OI1305,Calculus,OI1305.2,1,A5;C3;E1,35,,,
27162,,12,OC1310,Painting II,OC1310.3,2,A3;C1;D4,46,,,
27162,,12,OA1322,AP Physics 2,OA1322.2,3,B3;D1;E5,31,,,
27162,,12,E1201,Physical Education and Health 12,E1201.4,4,B1;C4;E2,30,,,
27162,,12,G1201,Español & Literatura 12,G1201.4,5,A1;B4;D2,6,,,
27162,,12,L1304,Life Purpose,L1304.3,6,A4;C2;D5,33,,,
27162,,12,OB1532,AP Research,OB1532.1,7,A2;B5;D3,10,,,
27162,,12,OH1501,Journalism Higher Level,OH1501.2,8,B2;C5;E4,43,,,
27162,,12,ADVHS01,Advisory HS,ADVHS01.27,9,E3,41,,,
27163,,12,L1301,AP Psychology,L1301.1,1,A5;C3;E1,33,,,
27163,,12,E1201,Physical Education and Health 12,E1201.5,3,B3;D1;E5,30,,,
27163,,12,OA1317,AP Chemistry,OA1317.1,4,B1;C4;E2,38,,,
27163,,12,J1203,Tech. and Innovation for Social Change,J1203.5,5,A1;B4;D2,22,,,
27163,,12,OI1303,Financial Math,OI1303.1,6,A4;C2;D5,4,,,
27163,,12,G1201,Español & Literatura 12,G1201.3,7,A2;B5;D3,6,,,
27163,,12,OH1306,Art of Fiction Higher Level,OH1306.2,8,B2;C5;E4,23,,,
27163,,12,ADVHS01,Advisory HS,ADVHS01.28,9,E3,42,,,
27164,,12,E1201,Physical Education and Health 12,E1201.3,1,A5;C3;E1,30,,,
27164,,12,H1201B,AP English Literature and Composition,H1201B.1,2,A3;C1;D4,23,,,
27164,,12,A1204,Environmental Science,A1204.3,3,B3;D1;E5,13,,,
27164,,12,OI1305,Calculus,OI1305.4,4,B1;C4;E2,44,,,
27164,,12,G1201,Español & Literatura 12,G1201.4,5,A1;B4;D2,6,,,
27164,,12,L1304,Life Purpose,L1304.3,6,A4;C2;D5,33,,,
27164,,12,J1203,Tech. and Innovation for Social Change,J1203.3,8,B2;C5;E4,22,,,
27164,,12,ADVHS01,Advisory HS,ADVHS01.25,9,E3,38,,,
27169,,12,L1302,Introduction to Law,L1302.2,2,A3;C1;D4,24,,,
27169,,12,OH1306,Art of Fiction Higher Level,OH1306.3,3,B3;D1;E5,23,,,
27169,,12,E1201,Physical Education and Health 12,E1201.4,4,B1;C4;E2,30,,,
27169,,12,G1201,Español & Literatura 12,G1201.4,5,A1;B4;D2,6,,,
27169,,12,OI1303,Financial Math,OI1303.1,6,A4;C2;D5,4,,,
27169,,12,A1204,Environmental Science,A1204.1,7,A2;B5;D3,13,,,
27169,,12,J1203,Tech. and Innovation for Social Change,J1203.3,8,B2;C5;E4,22,,,
27169,,12,ADVHS01,Advisory HS,ADVHS01.13,9,E3,24,,,
27171,,12,L1304,Life Purpose,L1304.1,1,A5;C3;E1,24,,,
27171,,12,G1201,Español & Literatura 12,G1201.5,2,A3;C1;D4,25,,,
27171,,12,OH1306,Art of Fiction Higher Level,OH1306.3,3,B3;D1;E5,23,,,
27171,,12,OC1314,AP Drawing,OC1314.1,4,B1;C4;E2,46,,,
27171,,12,E1201,Physical Education and Health 12,E1201.1,5,A1;B4;D2,30,,,
27171,,12,OI1305,Calculus,OI1305.3,6,A4;C2;D5,35,,,
27171,,12,A1204,Environmental Science,A1204.1,7,A2;B5;D3,13,,,
27171,,12,J1203,Tech. and Innovation for Social Change,J1203.3,8,B2;C5;E4,22,,,
27171,,12,ADVHS01,Advisory HS,ADVHS01.29,9,E3,43,,,
27172,,12,E1201,Physical Education and Health 12,E1201.3,1,A5;C3;E1,30,,,
27172,,12,H1206,AP English Language & Composition,H1206.1,2,A3;C1;D4,19,,,
27172,,12,OA1322,AP Physics 2,OA1322.2,3,B3;D1;E5,31,,,
27172,,12,G1201,Español & Literatura 12,G1201.4,5,A1;B4;D2,6,,,
27172,,12,I1208,AP Calculus BC,I1208.1,6,A4;C2;D5,44,,,
27172,,12,OB1532,AP Research,OB1532.1,7,A2;B5;D3,10,,,
27172,,12,L1303,Pensar nuestro tiempo,L1303.1,8,B2;C5;E4,24,,,
27172,,12,ADVHS01,Advisory HS,ADVHS01.14,9,E3,25,,,
27174,,12,J1203,Tech. and Innovation for Social Change,J1203.4,1,A5;C3;E1,22,,,
27174,,12,G1202,AP Spanish Literature and Culture,G1202.1,2,A3;C1;D4,6,,,
27174,,12,E1201,Physical Education and Health 12,E1201.5,3,B3;D1;E5,30,,,
27174,,12,OI1305,Calculus,OI1305.4,4,B1;C4;E2,44,,,
27174,,12,OA1318,AP Environmental Science,OA1318.1,5,A1;B4;D2,13,,,
27174,,12,L1304,Life Purpose,L1304.3,6,A4;C2;D5,33,,,
27174,,12,OH1306,Art of Fiction Higher Level,OH1306.2,8,B2;C5;E4,23,,,
27174,,12,ADVHS01,Advisory HS,ADVHS01.15,9,E3,26,,,
27179,,12,OI1303,Financial Math,OI1303.2,1,A5;C3;E1,4,,,
27179,,12,L1302,Introduction to Law,L1302.2,2,A3;C1;D4,24,,,
27179,,12,A1204,Environmental Science,A1204.3,3,B3;D1;E5,13,,,
27179,,12,OH1306,Art of Fiction Higher Level,OH1306.1,5,A1;B4;D2,23,,,
27179,,12,E1201,Physical Education and Health 12,E1201.2,6,A4;C2;D5,30,,,
27179,,12,J1203,Tech. and Innovation for Social Change,J1203.2,7,A2;B5;D3,20,,,
27179,,12,G1201,Español & Literatura 12,G1201.1,8,B2;C5;E4,6,,,
27179,,12,ADVHS01,Advisory HS,ADVHS01.3,9,E3,5,,,
27180,,12,J1203,Tech. and Innovation for Social Change,J1203.4,1,A5;C3;E1,22,,,
27180,,12,E1201,Physical Education and Health 12,E1201.6,2,A3;C1;D4,30,,,
27180,,12,G1201,Español & Literatura 12,G1201.2,3,B3;D1;E5,6,,,
27180,,12,B1001,Social Sciences 10,B1001.1,4,B1;C4;E2,25,,,
27180,,12,L1304,Life Purpose,L1304.2,5,A1;B4;D2,24,,,
27180,,12,OI1305,Calculus,OI1305.3,6,A4;C2;D5,35,,,
27180,,12,OZ1207,Anatomy and Physiology,OZ1207.2,7,A2;B5;D3,49,,,
27180,,12,OH1306,Art of Fiction Higher Level,OH1306.2,8,B2;C5;E4,23,,,
27180,,12,ADVHS01,Advisory HS,ADVHS01.30,9,E3,15,,,
27183,,12,H1206,AP English Language & Composition,H1206.1,2,A3;C1;D4,19,,,
27183,,12,OB1520,AP Statistics,OB1520.1,3,B3;D1;E5,37,,,
27183,,12,I1212,AP Macroeconomics,I1212.1,4,B1;C4;E2,34,,,
27183,,12,I1213,AP Microeconomics,I1213.1,4,B1;C4;E2,34,,,
27183,,12,E1201,Physical Education and Health 12,E1201.1,5,A1;B4;D2,30,,,
27183,,12,L1304,Life Purpose,L1304.3,6,A4;C2;D5,33,,,
27183,,12,A1204,Environmental Science,A1204.1,7,A2;B5;D3,13,,,
27183,,12,J1203,Tech. and Innovation for Social Change,J1203.3,8,B2;C5;E4,22,,,
27183,,12,ADVHS01,Advisory HS,ADVHS01.17,9,E3,29,,,
28001,,11,L1301,AP Psychology,L1301.1,1,A5;C3;E1,33,,,
28001,,11,L1302,Introduction to Law,L1302.2,2,A3;C1;D4,24,,,
28001,,11,I1215,AP 3-D Art and Design,I1215.1,3,B3;D1;E5,5,,,
28001,,11,OH1401,Journalism Intermediate Level,OH1401.1,4,B1;C4;E2,43,,,
28001,,11,A1105,Physics 11,A1105.4,5,A1;B4;D2,41,,,
28001,,11,OI1003,Algebra II,OI1003.3,6,A4;C2;D5,8,,,
28001,,11,G1203,Español & Literatura 11,G1203.1,7,A2;B5;D3,36,,,
28001,,11,E1101,Physical Education and Health 11,E1101.2,8,B2;C5;E4,27,,,
28001,,11,ADVHS01,Advisory HS,ADVHS01.8,9,E3,19,,,
28002,,11,OA1319,AP Physics 1,OA1319.1,1,A5;C3;E1,31,,,
28002,,11,G1203,Español & Literatura 11,G1203.3,2,A3;C1;D4,36,,,
28002,,11,OI1305,Calculus,OI1305.5,3,B3;D1;E5,44,,,
28002,,11,E1101,Physical Education and Health 11,E1101.6,4,B1;C4;E2,27,,,
28002,,11,I1214,AP Seminar,I1214.1,5,A1;B4;D2,19,,,
28002,,11,L1304,Life Purpose,L1304.3,6,A4;C2;D5,33,,,
28002,,11,OZ1207,Anatomy and Physiology,OZ1207.2,7,A2;B5;D3,49,,,
28002,,11,ADVHS01,Advisory HS,ADVHS01.4,9,E3,6,,,
28003,,11,OA1319,AP Physics 1,OA1319.1,1,A5;C3;E1,31,,,
28003,,11,OJ1203,Entrepreneurship Business Technology,OJ1203.1,2,A3;C1;D4,22,,,
28003,,11,E1101,Physical Education and Health 11,E1101.6,4,B1;C4;E2,27,,,
28003,,11,VHS0052,"Spanish Film, Art, and Literature",VHS0052.2,5,A1;B4;D2,25,,,
28003,,11,OH1305,Art of Fiction Intermediate Level,OH1305.1,6,A4;C2;D5,23,,,
28003,,11,I1204,AP Calculus AB,I1204.1,7,A2;B5;D3,44,,,
28003,,11,I1212,AP Macroeconomics,I1212.2,8,B2;C5;E4,34,,,
28003,,11,I1213,AP Microeconomics,I1213.2,8,B2;C5;E4,34,,,
28003,,11,ADVHS01,Advisory HS,ADVHS01.15,9,E3,26,,,
28004,,11,OI1003,Algebra II,OI1003.4,1,A5;C3;E1,8,,,
28004,,11,G1203,Español & Literatura 11,G1203.3,2,A3;C1;D4,36,,,
28004,,11,A1105,Physics 11,A1105.1,3,B3;D1;E5,7,,,
28004,,11,E1101,Physical Education and Health 11,E1101.6,4,B1;C4;E2,27,,,
28004,,11,OH1401,Journalism Intermediate Level,OH1401.2,5,A1;B4;D2,43,,,
28004,,11,L1302,Introduction to Law,L1302.1,6,A4;C2;D5,24,,,
28004,,11,L1304,Life Purpose,L1304.4,7,A2;B5;D3,33,,,
28004,,11,OC1310,Painting II,OC1310.1,8,B2;C5;E4,46,,,
28004,,11,ADVHS01,Advisory HS,ADVHS01.9,9,E3,20,,,
28005,,11,L1302,Introduction to Law,L1302.2,2,A3;C1;D4,24,,,
28005,,11,A1105,Physics 11,A1105.1,3,B3;D1;E5,7,,,
28005,,11,E1101,Physical Education and Health 11,E1101.5,6,A4;C2;D5,27,,,
28005,,11,OH1305,Art of Fiction Intermediate Level,OH1305.3,7,A2;B5;D3,40,,,
28005,,11,I1204,AP Calculus AB,I1204.2,8,B2;C5;E4,44,,,
28005,,11,ADVHS01,Advisory HS,ADVHS01.22,9,E3,35,,,
28006,,10,OI1003,Algebra II,OI1003.4,1,A5;C3;E1,8,,,
28006,,10,E1001,Physical Education and Health 10,E1001.5,2,A3;C1;D4,12,,,
28006,,10,I1214,AP Seminar,I1214.3,4,B1;C4;E2,19,,,
28006,,10,B1001,Social Sciences 10,B1001.5,5,A1;B4;D2,26,,,
28006,,10,G1004,AP Spanish Language and Culture,G1004.6,6,A4;C2;D5,48,,,
28006,,10,A1006,Chemistry 10,A1006.2,7,A2;B5;D3,7,,,
28006,,10,B1006,Cultural Studies,B1006.2,8,B2;C5;E4,32,,,
28006,,10,ADVHS01,Advisory HS,ADVHS01.8,9,E3,19,,,
28007,,11,OI1003,Algebra II,OI1003.4,1,A5;C3;E1,8,,,
28007,,11,I1212,AP Macroeconomics,I1212.3,3,B3;D1;E5,34,,,
28007,,11,I1213,AP Microeconomics,I1213.3,3,B3;D1;E5,34,,,
28007,,11,A1105,Physics 11,A1105.3,4,B1;C4;E2,41,,,
28007,,11,E1101,Physical Education and Health 11,E1101.4,5,A1;B4;D2,27,,,
28007,,11,L1304,Life Purpose,L1304.3,6,A4;C2;D5,33,,,
28007,,11,OH1305,Art of Fiction Intermediate Level,OH1305.3,7,A2;B5;D3,40,,,
28007,,11,G1203,Español & Literatura 11,G1203.4,8,B2;C5;E4,36,,,
28007,,11,ADVHS01,Advisory HS,ADVHS01.9,9,E3,20,,,
28008,,11,C0907,Band Level III,C0907.1,1,A5;C3;E1,3,,,
28008,,11,I1212,AP Macroeconomics,I1212.4,2,A3;C1;D4,34,,,
28008,,11,I1213,AP Microeconomics,I1213.4,2,A3;C1;D4,34,,,
28008,,11,VHS0052,"Spanish Film, Art, and Literature",VHS0052.1,3,B3;D1;E5,25,,,
28008,,11,A1105,Physics 11,A1105.3,4,B1;C4;E2,41,,,
28008,,11,OI1003,Algebra II,OI1003.2,5,A1;B4;D2,8,,,
28008,,11,E1101,Physical Education and Health 11,E1101.5,6,A4;C2;D5,27,,,
28008,,11,H1206,AP English Language & Composition,H1206.2,7,A2;B5;D3,19,,,
28008,,11,ADVHS01,Advisory HS,ADVHS01.16,9,E3,28,,,
28009,,11,L1301,AP Psychology,L1301.1,1,A5;C3;E1,33,,,
28009,,11,L1302,Introduction to Law,L1302.2,2,A3;C1;D4,24,,,
28009,,11,E1101,Physical Education and Health 11,E1101.3,3,B3;D1;E5,27,,,
28009,,11,OH1401,Journalism Intermediate Level,OH1401.1,4,B1;C4;E2,43,,,
28009,,11,G1203,Español & Literatura 11,G1203.2,5,A1;B4;D2,36,,,
28009,,11,A1105,Physics 11,A1105.5,6,A4;C2;D5,41,,,
28009,,11,OI1003,Algebra II,OI1003.1,7,A2;B5;D3,4,,,
28009,,11,ADVHS01,Advisory HS,ADVHS01.1,9,E3,3,,,
28010,,11,L1301,AP Psychology,L1301.2,2,A3;C1;D4,33,,,
28010,,11,OH1401,Journalism Intermediate Level,OH1401.1,4,B1;C4;E2,43,,,
28010,,11,G1203,Español & Literatura 11,G1203.2,5,A1;B4;D2,36,,,
28010,,11,A1105,Physics 11,A1105.5,6,A4;C2;D5,41,,,
28010,,11,OI1003,Algebra II,OI1003.1,7,A2;B5;D3,4,,,
28010,,11,E1101,Physical Education and Health 11,E1101.2,8,B2;C5;E4,27,,,
28010,,11,ADVHS01,Advisory HS,ADVHS01.5,9,E3,7,,,
28011,,11,OB1520,AP Statistics,OB1520.2,1,A5;C3;E1,37,,,
28011,,11,G1203,Español & Literatura 11,G1203.3,2,A3;C1;D4,36,,,
28011,,11,E1101,Physical Education and Health 11,E1101.3,3,B3;D1;E5,27,,,
28011,,11,OI1003,Algebra II,OI1003.6,4,B1;C4;E2,8,,,
28011,,11,C0905,Band Level II,C0905.1,5,A1;B4;D2,3,,,
28011,,11,L1304,Life Purpose,L1304.3,6,A4;C2;D5,33,,,
28011,,11,OH1305,Art of Fiction Intermediate Level,OH1305.3,7,A2;B5;D3,40,,,
28011,,11,OA1319,AP Physics 1,OA1319.2,8,B2;C5;E4,31,,,
28011,,11,ADVHS01,Advisory HS,ADVHS01.10,9,E3,21,,,
28013,,11,G1203,Español & Literatura 11,G1203.3,2,A3;C1;D4,36,,,
28013,,11,A1105,Physics 11,A1105.1,3,B3;D1;E5,7,,,
28013,,11,L1301,AP Psychology,L1301.3,4,B1;C4;E2,33,,,
28013,,11,OH1401,Journalism Intermediate Level,OH1401.2,5,A1;B4;D2,43,,,
28013,,11,E1101,Physical Education and Health 11,E1101.5,6,A4;C2;D5,27,,,
28013,,11,C0904,Band Level I,C0904.2,7,A2;B5;D3,3,,,
28013,,11,OI1305,Calculus,OI1305.1,8,B2;C5;E4,35,,,
28013,,11,ADVHS01,Advisory HS,ADVHS01.6,9,E3,8,,,
28014,,11,E1101,Physical Education and Health 11,E1101.1,1,A5;C3;E1,27,,,
28014,,11,OJ1203,Entrepreneurship Business Technology,OJ1203.1,2,A3;C1;D4,22,,,
28014,,11,I1212,AP Macroeconomics,I1212.3,3,B3;D1;E5,34,,,
28014,,11,I1213,AP Microeconomics,I1213.3,3,B3;D1;E5,34,,,
28014,,11,VHS0052,"Spanish Film, Art, and Literature",VHS0052.2,5,A1;B4;D2,25,,,
28014,,11,A1105,Physics 11,A1105.5,6,A4;C2;D5,41,,,
28014,,11,OH1305,Art of Fiction Intermediate Level,OH1305.3,7,A2;B5;D3,40,,,
28014,,11,I1204,AP Calculus AB,I1204.2,8,B2;C5;E4,44,,,
28014,,11,ADVHS01,Advisory HS,ADVHS01.17,9,E3,29,,,
28015,,11,OB1520,AP Statistics,OB1520.2,1,A5;C3;E1,37,,,
28015,,11,G1203,Español & Literatura 11,G1203.3,2,A3;C1;D4,36,,,
28015,,11,E1101,Physical Education and Health 11,E1101.3,3,B3;D1;E5,27,,,
28015,,11,I1212,AP Macroeconomics,I1212.1,4,B1;C4;E2,34,,,
28015,,11,I1213,AP Microeconomics,I1213.1,4,B1;C4;E2,34,,,
28015,,11,OH1401,Journalism Intermediate Level,OH1401.2,5,A1;B4;D2,43,,,
28015,,11,A1105,Physics 11,A1105.2,7,A2;B5;D3,31,,,
28015,,11,I1204,AP Calculus AB,I1204.2,8,B2;C5;E4,44,,,
28015,,11,ADVHS01,Advisory HS,ADVHS01.24,9,E3,37,,,
28016,,11,OI1003,Algebra II,OI1003.5,2,A3;C1;D4,8,,,
28016,,11,E1101,Physical Education and Health 11,E1101.3,3,B3;D1;E5,27,,,
28016,,11,C0904,Band Level I,C0904.1,4,B1;C4;E2,3,,,
28016,,11,A1105,Physics 11,A1105.4,5,A1;B4;D2,41,,,
28016,,11,L1302,Introduction to Law,L1302.1,6,A4;C2;D5,24,,,
28016,,11,OH1305,Art of Fiction Intermediate Level,OH1305.3,7,A2;B5;D3,40,,,
28016,,11,G1203,Español & Literatura 11,G1203.4,8,B2;C5;E4,36,,,
28016,,11,ADVHS01,Advisory HS,ADVHS01.7,9,E3,13,,,
28017,,11,I1211,AP Precalculus,I1211.1,2,A3;C1;D4,4,,,
28017,,11,VHS0052,"Spanish Film, Art, and Literature",VHS0052.1,3,B3;D1;E5,25,,,
28017,,11,I1212,AP Macroeconomics,I1212.1,4,B1;C4;E2,34,,,
28017,,11,I1213,AP Microeconomics,I1213.1,4,B1;C4;E2,34,,,
28017,,11,A1105,Physics 11,A1105.4,5,A1;B4;D2,41,,,
28017,,11,OC1305,Painting I,OC1305.2,6,A4;C2;D5,5,,,
28017,,11,H1206,AP English Language & Composition,H1206.2,7,A2;B5;D3,19,,,
28017,,11,E1101,Physical Education and Health 11,E1101.2,8,B2;C5;E4,27,,,
28017,,11,ADVHS01,Advisory HS,ADVHS01.18,9,E3,31,,,
28020,,11,OA1319,AP Physics 1,OA1319.1,1,A5;C3;E1,31,,,
28020,,11,I1212,AP Macroeconomics,I1212.4,2,A3;C1;D4,34,,,
28020,,11,I1213,AP Microeconomics,I1213.4,2,A3;C1;D4,34,,,
28020,,11,OB1520,AP Statistics,OB1520.1,3,B3;D1;E5,37,,,
28020,,11,C0904,Band Level I,C0904.1,4,B1;C4;E2,3,,,
28020,,11,G1203,Español & Literatura 11,G1203.2,5,A1;B4;D2,36,,,
28020,,11,OH1305,Art of Fiction Intermediate Level,OH1305.1,6,A4;C2;D5,23,,,
28020,,11,I1204,AP Calculus AB,I1204.1,7,A2;B5;D3,44,,,
28020,,11,E1101,Physical Education and Health 11,E1101.2,8,B2;C5;E4,27,,,
28020,,11,ADVHS01,Advisory HS,ADVHS01.21,9,E3,34,,,
28022,,11,L1304,Life Purpose,L1304.1,1,A5;C3;E1,24,,,
28022,,11,OC1310,Painting II,OC1310.3,2,A3;C1;D4,46,,,
28022,,11,A1105,Physics 11,A1105.3,4,B1;C4;E2,41,,,
28022,,11,E1101,Physical Education and Health 11,E1101.4,5,A1;B4;D2,27,,,
28022,,11,OH1305,Art of Fiction Intermediate Level,OH1305.1,6,A4;C2;D5,23,,,
28022,,11,G1203,Español & Literatura 11,G1203.1,7,A2;B5;D3,36,,,
28022,,11,I1204,AP Calculus AB,I1204.2,8,B2;C5;E4,44,,,
28022,,11,ADVHS01,Advisory HS,ADVHS01.8,9,E3,19,,,
28023,,10,I1214,AP Seminar,I1214.2,1,A5;C3;E1,19,,,
28023,,10,B1001,Social Sciences 10,B1001.3,2,A3;C1;D4,26,,,
28023,,10,I1003,Geometry,I1003.6,3,B3;D1;E5,42,,,
28023,,10,OZ1323,AP Human Geography,OZ1323.3,4,B1;C4;E2,45,,,
28023,,10,G1004,AP Spanish Language and Culture,G1004.1,5,A1;B4;D2,47,,,
28023,,10,OI1003,Algebra II,OI1003.3,6,A4;C2;D5,8,,,
28023,,10,E1001,Physical Education and Health 10,E1001.3,7,A2;B5;D3,12,,,
28023,,10,A1006,Chemistry 10,A1006.3,8,B2;C5;E4,7,,,
28023,,10,ADVHS01,Advisory HS,ADVHS01.12,9,E3,23,,,
28024,,11,OC1305,Painting I,OC1305.3,1,A5;C3;E1,5,,,
28024,,11,OJ1203,Entrepreneurship Business Technology,OJ1203.1,2,A3;C1;D4,22,,,
28024,,11,OB1520,AP Statistics,OB1520.1,3,B3;D1;E5,37,,,
28024,,11,I1214,AP Seminar,I1214.3,4,B1;C4;E2,19,,,
28024,,11,VHS0052,"Spanish Film, Art, and Literature",VHS0052.2,5,A1;B4;D2,25,,,
28024,,11,E1101,Physical Education and Health 11,E1101.5,6,A4;C2;D5,27,,,
28024,,11,A1105,Physics 11,A1105.2,7,A2;B5;D3,31,,,
28024,,11,I1212,AP Macroeconomics,I1212.2,8,B2;C5;E4,34,,,
28024,,11,I1213,AP Microeconomics,I1213.2,8,B2;C5;E4,34,,,
28024,,11,ADVHS01,Advisory HS,ADVHS01.19,9,E3,32,,,
28025,,11,E1101,Physical Education and Health 11,E1101.1,1,A5;C3;E1,27,,,
28025,,11,OI1003,Algebra II,OI1003.5,2,A3;C1;D4,8,,,
28025,,11,OJ1203,Entrepreneurship Business Technology,OJ1203.2,3,B3;D1;E5,22,,,
28025,,11,C0904,Band Level I,C0904.1,4,B1;C4;E2,3,,,
28025,,11,VHS0052,"Spanish Film, Art, and Literature",VHS0052.2,5,A1;B4;D2,25,,,
28025,,11,OH1305,Art of Fiction Intermediate Level,OH1305.1,6,A4;C2;D5,23,,,
28025,,11,A1105,Physics 11,A1105.2,7,A2;B5;D3,31,,,
28025,,11,I1212,AP Macroeconomics,I1212.2,8,B2;C5;E4,34,,,
28025,,11,I1213,AP Microeconomics,I1213.2,8,B2;C5;E4,34,,,
28025,,11,ADVHS01,Advisory HS,ADVHS01.12,9,E3,23,,,
28026,,11,L1301,AP Psychology,L1301.2,2,A3;C1;D4,33,,,
28026,,11,A1105,Physics 11,A1105.1,3,B3;D1;E5,7,,,
28026,,11,E1101,Physical Education and Health 11,E1101.6,4,B1;C4;E2,27,,,
28026,,11,OH1401,Journalism Intermediate Level,OH1401.2,5,A1;B4;D2,43,,,
28026,,11,OI1003,Algebra II,OI1003.1,7,A2;B5;D3,4,,,
28026,,11,G1203,Español & Literatura 11,G1203.4,8,B2;C5;E4,36,,,
28026,,11,ADVHS01,Advisory HS,ADVHS01.4,9,E3,6,,,
28028,,11,E1101,Physical Education and Health 11,E1101.1,1,A5;C3;E1,27,,,
28028,,11,OH1305,Art of Fiction Intermediate Level,OH1305.2,2,A3;C1;D4,40,,,
28028,,11,I1212,AP Macroeconomics,I1212.3,3,B3;D1;E5,34,,,
28028,,11,I1213,AP Microeconomics,I1213.3,3,B3;D1;E5,34,,,
28028,,11,L1304,Life Purpose,L1304.2,5,A1;B4;D2,24,,,
28028,,11,G1203,Español & Literatura 11,G1203.1,7,A2;B5;D3,36,,,
28028,,11,OA1319,AP Physics 1,OA1319.2,8,B2;C5;E4,31,,,
28028,,11,ADVHS01,Advisory HS,ADVHS01.23,9,E3,36,,,
28029,,11,OI1003,Algebra II,OI1003.4,1,A5;C3;E1,8,,,
28029,,11,OH1305,Art of Fiction Intermediate Level,OH1305.2,2,A3;C1;D4,40,,,
28029,,11,OJ1203,Entrepreneurship Business Technology,OJ1203.2,3,B3;D1;E5,22,,,
28029,,11,E1101,Physical Education and Health 11,E1101.6,4,B1;C4;E2,27,,,
28029,,11,G1203,Español & Literatura 11,G1203.2,5,A1;B4;D2,36,,,
28029,,11,A1105,Physics 11,A1105.5,6,A4;C2;D5,41,,,
28029,,11,L1304,Life Purpose,L1304.4,7,A2;B5;D3,33,,,
28029,,11,ADVHS01,Advisory HS,ADVHS01.9,9,E3,20,,,
28030,,11,L1301,AP Psychology,L1301.2,2,A3;C1;D4,33,,,
28030,,11,OI1305,Calculus,OI1305.5,3,B3;D1;E5,44,,,
28030,,11,E1101,Physical Education and Health 11,E1101.6,4,B1;C4;E2,27,,,
28030,,11,VHS0052,"Spanish Film, Art, and Literature",VHS0052.2,5,A1;B4;D2,25,,,
28030,,11,OH1305,Art of Fiction Intermediate Level,OH1305.1,6,A4;C2;D5,23,,,
28030,,11,A1105,Physics 11,A1105.2,7,A2;B5;D3,31,,,
28030,,11,ADVHS01,Advisory HS,ADVHS01.21,9,E3,34,,,
28031,,11,E1101,Physical Education and Health 11,E1101.1,1,A5;C3;E1,27,,,
28031,,11,OH1305,Art of Fiction Intermediate Level,OH1305.2,2,A3;C1;D4,40,,,
28031,,11,VHS0052,"Spanish Film, Art, and Literature",VHS0052.1,3,B3;D1;E5,25,,,
28031,,11,I1212,AP Macroeconomics,I1212.1,4,B1;C4;E2,34,,,
28031,,11,I1213,AP Microeconomics,I1213.1,4,B1;C4;E2,34,,,
28031,,11,A1105,Physics 11,A1105.4,5,A1;B4;D2,41,,,
28031,,11,OZ1207,Anatomy and Physiology,OZ1207.1,6,A4;C2;D5,13,,,
28031,,11,OI1003,Algebra II,OI1003.1,7,A2;B5;D3,4,,,
28031,,11,OC1310,Painting II,OC1310.1,8,B2;C5;E4,46,,,
28031,,11,ADVHS01,Advisory HS,ADVHS01.2,9,E3,4,,,
28032,,10,I1003,Geometry,I1003.7,1,A5;C3;E1,42,,,
28032,,10,H1001,English 10,H1001.4,3,B3;D1;E5,15,,,
28032,,10,E1001,Physical Education and Health 10,E1001.2,4,B1;C4;E2,12,,,
28032,,10,B1001,Social Sciences 10,B1001.5,5,A1;B4;D2,26,,,
28032,,10,G1004,AP Spanish Language and Culture,G1004.6,6,A4;C2;D5,48,,,
28032,,10,OZ1323,AP Human Geography,OZ1323.5,7,A2;B5;D3,45,,,
28032,,10,A1006,Chemistry 10,A1006.3,8,B2;C5;E4,7,,,
28032,,10,ADVHS01,Advisory HS,ADVHS01.23,9,E3,36,,,
28034,,11,E1101,Physical Education and Health 11,E1101.1,1,A5;C3;E1,27,,,
28034,,11,I1212,AP Macroeconomics,I1212.4,2,A3;C1;D4,34,,,
28034,,11,I1213,AP Microeconomics,I1213.4,2,A3;C1;D4,34,,,
28034,,11,VHS0052,"Spanish Film, Art, and Literature",VHS0052.1,3,B3;D1;E5,25,,,
28034,,11,L1301,AP Psychology,L1301.3,4,B1;C4;E2,33,,,
28034,,11,I1214,AP Seminar,I1214.1,5,A1;B4;D2,19,,,
28034,,11,OI1305,Calculus,OI1305.3,6,A4;C2;D5,35,,,
28034,,11,A1105,Physics 11,A1105.2,7,A2;B5;D3,31,,,
28034,,11,ADVHS01,Advisory HS,ADVHS01.25,9,E3,38,,,
28035,,11,OI1003,Algebra II,OI1003.4,1,A5;C3;E1,8,,,
28035,,11,G1202,AP Spanish Literature and Culture,G1202.1,2,A3;C1;D4,6,,,
28035,,11,L1301,AP Psychology,L1301.3,4,B1;C4;E2,33,,,
28035,,11,A1105,Physics 11,A1105.4,5,A1;B4;D2,41,,,
28035,,11,L1302,Introduction to Law,L1302.1,6,A4;C2;D5,24,,,
28035,,11,H1206,AP English Language & Composition,H1206.2,7,A2;B5;D3,19,,,
28035,,11,E1101,Physical Education and Health 11,E1101.2,8,B2;C5;E4,27,,,
28035,,11,ADVHS01,Advisory HS,ADVHS01.11,9,E3,22,,,
28036,,11,L1304,Life Purpose,L1304.1,1,A5;C3;E1,24,,,
28036,,11,A1105,Physics 11,A1105.1,3,B3;D1;E5,7,,,
28036,,11,OH1401,Journalism Intermediate Level,OH1401.1,4,B1;C4;E2,43,,,
28036,,11,OI1003,Algebra II,OI1003.2,5,A1;B4;D2,8,,,
28036,,11,E1101,Physical Education and Health 11,E1101.5,6,A4;C2;D5,27,,,
28036,,11,G1203,Español & Literatura 11,G1203.1,7,A2;B5;D3,36,,,
28036,,11,I1212,AP Macroeconomics,I1212.2,8,B2;C5;E4,34,,,
28036,,11,I1213,AP Microeconomics,I1213.2,8,B2;C5;E4,34,,,
28036,,11,ADVHS01,Advisory HS,ADVHS01.22,9,E3,35,,,
28038,,11,E1101,Physical Education and Health 11,E1101.1,1,A5;C3;E1,27,,,
28038,,11,G1203,Español & Literatura 11,G1203.3,2,A3;C1;D4,36,,,
28038,,11,OH1401,Journalism Intermediate Level,OH1401.1,4,B1;C4;E2,43,,,
28038,,11,A1105,Physics 11,A1105.4,5,A1;B4;D2,41,,,
28038,,11,L1302,Introduction to Law,L1302.1,6,A4;C2;D5,24,,,
28038,,11,OC1305,Painting I,OC1305.1,7,A2;B5;D3,5,,,
28038,,11,OI1305,Calculus,OI1305.1,8,B2;C5;E4,35,,,
28038,,11,ADVHS01,Advisory HS,ADVHS01.23,9,E3,36,,,
28039,,11,L1301,AP Psychology,L1301.1,1,A5;C3;E1,33,,,
28039,,11,G1203,Español & Literatura 11,G1203.3,2,A3;C1;D4,36,,,
28039,,11,A1105,Physics 11,A1105.4,5,A1;B4;D2,41,,,
28039,,11,OI1305,Calculus,OI1305.3,6,A4;C2;D5,35,,,
28039,,11,OH1305,Art of Fiction Intermediate Level,OH1305.3,7,A2;B5;D3,40,,,
28039,,11,E1101,Physical Education and Health 11,E1101.2,8,B2;C5;E4,27,,,
28039,,11,ADVHS01,Advisory HS,ADVHS01.1,9,E3,3,,,
28040,,11,L1304,Life Purpose,L1304.1,1,A5;C3;E1,24,,,
28040,,11,OJ1203,Entrepreneurship Business Technology,OJ1203.1,2,A3;C1;D4,22,,,
28040,,11,E1101,Physical Education and Health 11,E1101.3,3,B3;D1;E5,27,,,
28040,,11,G1203,Español & Literatura 11,G1203.2,5,A1;B4;D2,36,,,
28040,,11,OH1305,Art of Fiction Intermediate Level,OH1305.1,6,A4;C2;D5,23,,,
28040,,11,I1204,AP Calculus AB,I1204.1,7,A2;B5;D3,44,,,
28040,,11,OA1319,AP Physics 1,OA1319.2,8,B2;C5;E4,31,,,
28040,,11,ADVHS01,Advisory HS,ADVHS01.10,9,E3,21,,,
28041,,11,OI1305,Calculus,OI1305.2,1,A5;C3;E1,35,,,
28041,,11,OJ1306,AP Computer Science Principles,OJ1306.1,2,A3;C1;D4,50,,,
28041,,11,I1212,AP Macroeconomics,I1212.3,3,B3;D1;E5,34,,,
28041,,11,I1213,AP Microeconomics,I1213.3,3,B3;D1;E5,34,,,
28041,,11,A1105,Physics 11,A1105.3,4,B1;C4;E2,41,,,
28041,,11,VHS0052,"Spanish Film, Art, and Literature",VHS0052.2,5,A1;B4;D2,25,,,
28041,,11,OC1305,Painting I,OC1305.2,6,A4;C2;D5,5,,,
28041,,11,OH1305,Art of Fiction Intermediate Level,OH1305.3,7,A2;B5;D3,40,,,
28041,,11,E1101,Physical Education and Health 11,E1101.2,8,B2;C5;E4,27,,,
28041,,11,ADVHS01,Advisory HS,ADVHS01.20,9,E3,33,,,
28042,,11,OA1319,AP Physics 1,OA1319.1,1,A5;C3;E1,31,,,
28042,,11,H1201B,AP English Literature and Composition,H1201B.1,2,A3;C1;D4,23,,,
28042,,11,L1301,AP Psychology,L1301.3,4,B1;C4;E2,33,,,
28042,,11,E1101,Physical Education and Health 11,E1101.4,5,A1;B4;D2,27,,,
28042,,11,OA1304,AP Biology,OA1304.1,6,A4;C2;D5,7,,,
28042,,11,G1203,Español & Literatura 11,G1203.1,7,A2;B5;D3,36,,,
28042,,11,I1204,AP Calculus AB,I1204.2,8,B2;C5;E4,44,,,
28042,,11,ADVHS01,Advisory HS,ADVHS01.11,9,E3,22,,,
28043,,11,OI1003,Algebra II,OI1003.4,1,A5;C3;E1,8,,,
28043,,11,G1203,Español & Literatura 11,G1203.3,2,A3;C1;D4,36,,,
28043,,11,E1101,Physical Education and Health 11,E1101.3,3,B3;D1;E5,27,,,
28043,,11,A1105,Physics 11,A1105.3,4,B1;C4;E2,41,,,
28043,,11,L1304,Life Purpose,L1304.2,5,A1;B4;D2,24,,,
28043,,11,OH1305,Art of Fiction Intermediate Level,OH1305.3,7,A2;B5;D3,40,,,
28043,,11,OC1310,Painting II,OC1310.1,8,B2;C5;E4,46,,,
28043,,11,ADVHS01,Advisory HS,ADVHS01.20,9,E3,33,,,
28044,,11,G1203,Español & Literatura 11,G1203.3,2,A3;C1;D4,36,,,
28044,,11,I1212,AP Macroeconomics,I1212.3,3,B3;D1;E5,34,,,
28044,,11,I1213,AP Microeconomics,I1213.3,3,B3;D1;E5,34,,,
28044,,11,OI1305,Calculus,OI1305.4,4,B1;C4;E2,44,,,
28044,,11,L1304,Life Purpose,L1304.2,5,A1;B4;D2,24,,,
28044,,11,E1101,Physical Education and Health 11,E1101.5,6,A4;C2;D5,27,,,
28044,,11,H1206,AP English Language & Composition,H1206.2,7,A2;B5;D3,19,,,
28044,,11,OA1319,AP Physics 1,OA1319.2,8,B2;C5;E4,31,,,
28044,,11,ADVHS01,Advisory HS,ADVHS01.21,9,E3,34,,,
28045,,11,L1301,AP Psychology,L1301.2,2,A3;C1;D4,33,,,
28045,,11,OH1401,Journalism Intermediate Level,OH1401.1,4,B1;C4;E2,43,,,
28045,,11,OI1003,Algebra II,OI1003.2,5,A1;B4;D2,8,,,
28045,,11,E1101,Physical Education and Health 11,E1101.5,6,A4;C2;D5,27,,,
28045,,11,A1105,Physics 11,A1105.2,7,A2;B5;D3,31,,,
28045,,11,G1203,Español & Literatura 11,G1203.4,8,B2;C5;E4,36,,,
28045,,11,ADVHS01,Advisory HS,ADVHS01.12,9,E3,23,,,
28046,,10,H1001,English 10,H1001.2,1,A5;C3;E1,43,,,
28046,,10,B1001,Social Sciences 10,B1001.3,2,A3;C1;D4,26,,,
28046,,10,OZ1323,AP Human Geography,OZ1323.3,4,B1;C4;E2,45,,,
28046,,10,A1006,Chemistry 10,A1006.6,5,A1;B4;D2,38,,,
28046,,10,G1004,AP Spanish Language and Culture,G1004.6,6,A4;C2;D5,48,,,
28046,,10,I1003,Geometry,I1003.2,7,A2;B5;D3,35,,,
28046,,10,E1001,Physical Education and Health 10,E1001.4,8,B2;C5;E4,12,,,
28046,,10,ADVHS01,Advisory HS,ADVHS01.9,9,E3,20,,,
28047,,11,OI1305,Calculus,OI1305.2,1,A5;C3;E1,35,,,
28047,,11,H1206,AP English Language & Composition,H1206.1,2,A3;C1;D4,19,,,
28047,,11,VHS0052,"Spanish Film, Art, and Literature",VHS0052.1,3,B3;D1;E5,25,,,
28047,,11,E1101,Physical Education and Health 11,E1101.4,5,A1;B4;D2,27,,,
28047,,11,A1105,Physics 11,A1105.5,6,A4;C2;D5,41,,,
28047,,11,OC1305,Painting I,OC1305.1,7,A2;B5;D3,5,,,
28047,,11,I1212,AP Macroeconomics,I1212.2,8,B2;C5;E4,34,,,
28047,,11,I1213,AP Microeconomics,I1213.2,8,B2;C5;E4,34,,,
28047,,11,ADVHS01,Advisory HS,ADVHS01.22,9,E3,35,,,
28048,,11,L1301,AP Psychology,L1301.1,1,A5;C3;E1,33,,,
28048,,11,OH1305,Art of Fiction Intermediate Level,OH1305.2,2,A3;C1;D4,40,,,
28048,,11,G1203,Español & Literatura 11,G1203.2,5,A1;B4;D2,36,,,
28048,,11,E1101,Physical Education and Health 11,E1101.5,6,A4;C2;D5,27,,,
28048,,11,I1204,AP Calculus AB,I1204.1,7,A2;B5;D3,44,,,
28048,,11,OA1319,AP Physics 1,OA1319.2,8,B2;C5;E4,31,,,
28048,,11,ADVHS01,Advisory HS,ADVHS01.13,9,E3,24,,,
28049,,11,E1101,Physical Education and Health 11,E1101.1,1,A5;C3;E1,27,,,
28049,,11,L1301,AP Psychology,L1301.2,2,A3;C1;D4,33,,,
28049,,11,A1105,Physics 11,A1105.1,3,B3;D1;E5,7,,,
28049,,11,OI1003,Algebra II,OI1003.6,4,B1;C4;E2,8,,,
28049,,11,OH1305,Art of Fiction Intermediate Level,OH1305.3,7,A2;B5;D3,40,,,
28049,,11,G1203,Español & Literatura 11,G1203.4,8,B2;C5;E4,36,,,
28049,,11,ADVHS01,Advisory HS,ADVHS01.14,9,E3,25,,,
28050,,11,C0907,Band Level III,C0907.1,1,A5;C3;E1,3,,,
28050,,11,H1201B,AP English Literature and Composition,H1201B.1,2,A3;C1;D4,23,,,
28050,,11,A1105,Physics 11,A1105.1,3,B3;D1;E5,7,,,
28050,,11,I1212,AP Macroeconomics,I1212.1,4,B1;C4;E2,34,,,
28050,,11,I1213,AP Microeconomics,I1213.1,4,B1;C4;E2,34,,,
28050,,11,E1101,Physical Education and Health 11,E1101.4,5,A1;B4;D2,27,,,
28050,,11,L1304,Life Purpose,L1304.3,6,A4;C2;D5,33,,,
28050,,11,I1204,AP Calculus AB,I1204.1,7,A2;B5;D3,44,,,
28050,,11,ADVHS01,Advisory HS,ADVHS01.23,9,E3,36,,,
28051,,11,L1301,AP Psychology,L1301.1,1,A5;C3;E1,33,,,
28051,,11,I1212,AP Macroeconomics,I1212.3,3,B3;D1;E5,34,,,
28051,,11,I1213,AP Microeconomics,I1213.3,3,B3;D1;E5,34,,,
28051,,11,A1105,Physics 11,A1105.3,4,B1;C4;E2,41,,,
28051,,11,E1101,Physical Education and Health 11,E1101.4,5,A1;B4;D2,27,,,
28051,,11,OI1305,Calculus,OI1305.3,6,A4;C2;D5,35,,,
28051,,11,OH1305,Art of Fiction Intermediate Level,OH1305.3,7,A2;B5;D3,40,,,
28051,,11,G1203,Español & Literatura 11,G1203.4,8,B2;C5;E4,36,,,
28051,,11,ADVHS01,Advisory HS,ADVHS01.26,9,E3,40,,,
28052,,11,OA1319,AP Physics 1,OA1319.1,1,A5;C3;E1,31,,,
28052,,11,OI1305,Calculus,OI1305.5,3,B3;D1;E5,44,,,
28052,,11,I1214,AP Seminar,I1214.3,4,B1;C4;E2,19,,,
28052,,11,VHS0052,"Spanish Film, Art, and Literature",VHS0052.2,5,A1;B4;D2,25,,,
28052,,11,E1101,Physical Education and Health 11,E1101.5,6,A4;C2;D5,27,,,
28052,,11,OC1305,Painting I,OC1305.1,7,A2;B5;D3,5,,,
28052,,11,L1303,Pensar nuestro tiempo,L1303.1,8,B2;C5;E4,24,,,
28052,,11,ADVHS01,Advisory HS,ADVHS01.5,9,E3,7,,,
28053,,11,OI1305,Calculus,OI1305.2,1,A5;C3;E1,35,,,
28053,,11,H1206,AP English Language & Composition,H1206.1,2,A3;C1;D4,19,,,
28053,,11,L1301,AP Psychology,L1301.3,4,B1;C4;E2,33,,,
28053,,11,A1105,Physics 11,A1105.4,5,A1;B4;D2,41,,,
28053,,11,OA1304,AP Biology,OA1304.1,6,A4;C2;D5,7,,,
28053,,11,G1203,Español & Literatura 11,G1203.1,7,A2;B5;D3,36,,,
28053,,11,E1101,Physical Education and Health 11,E1101.2,8,B2;C5;E4,27,,,
28053,,11,ADVHS01,Advisory HS,ADVHS01.15,9,E3,26,,,
28054,,11,OA1319,AP Physics 1,OA1319.1,1,A5;C3;E1,31,,,
28054,,11,OC1310,Painting II,OC1310.3,2,A3;C1;D4,46,,,
28054,,11,E1101,Physical Education and Health 11,E1101.6,4,B1;C4;E2,27,,,
28054,,11,VHS0052,"Spanish Film, Art, and Literature",VHS0052.2,5,A1;B4;D2,25,,,
28054,,11,OH1305,Art of Fiction Intermediate Level,OH1305.1,6,A4;C2;D5,23,,,
28054,,11,L1304,Life Purpose,L1304.4,7,A2;B5;D3,33,,,
28054,,11,I1204,AP Calculus AB,I1204.2,8,B2;C5;E4,44,,,
28054,,11,ADVHS01,Advisory HS,ADVHS01.16,9,E3,28,,,
28055,,11,L1301,AP Psychology,L1301.1,1,A5;C3;E1,33,,,
28055,,11,G1203,Español & Literatura 11,G1203.3,2,A3;C1;D4,36,,,
28055,,11,E1101,Physical Education and Health 11,E1101.3,3,B3;D1;E5,27,,,
28055,,11,OH1401,Journalism Intermediate Level,OH1401.2,5,A1;B4;D2,43,,,
28055,,11,OI1003,Algebra II,OI1003.3,6,A4;C2;D5,8,,,
28055,,11,A1105,Physics 11,A1105.2,7,A2;B5;D3,31,,,
28055,,11,OC1310,Painting II,OC1310.1,8,B2;C5;E4,46,,,
28055,,11,ADVHS01,Advisory HS,ADVHS01.17,9,E3,29,,,
28056,,11,OH1305,Art of Fiction Intermediate Level,OH1305.2,2,A3;C1;D4,40,,,
28056,,11,L1301,AP Psychology,L1301.3,4,B1;C4;E2,33,,,
28056,,11,E1101,Physical Education and Health 11,E1101.4,5,A1;B4;D2,27,,,
28056,,11,A1105,Physics 11,A1105.5,6,A4;C2;D5,41,,,
28056,,11,OI1003,Algebra II,OI1003.1,7,A2;B5;D3,4,,,
28056,,11,G1203,Español & Literatura 11,G1203.4,8,B2;C5;E4,36,,,
28056,,11,ADVHS01,Advisory HS,ADVHS01.18,9,E3,31,,,
28057,,11,E1101,Physical Education and Health 11,E1101.1,1,A5;C3;E1,27,,,
28057,,11,L1301,AP Psychology,L1301.2,2,A3;C1;D4,33,,,
28057,,11,A1105,Physics 11,A1105.1,3,B3;D1;E5,7,,,
28057,,11,OI1305,Calculus,OI1305.4,4,B1;C4;E2,44,,,
28057,,11,G1203,Español & Literatura 11,G1203.2,5,A1;B4;D2,36,,,
28057,,11,OA1304,AP Biology,OA1304.1,6,A4;C2;D5,7,,,
28057,,11,OH1305,Art of Fiction Intermediate Level,OH1305.3,7,A2;B5;D3,40,,,
28057,,11,C0904,Band Level I,C0904.4,8,B2;C5;E4,3,,,
28057,,11,ADVHS01,Advisory HS,ADVHS01.19,9,E3,32,,,
28058,,11,H1201B,AP English Literature and Composition,H1201B.2,0,,23,,,
28058,,11,OA1319,AP Physics 1,OA1319.1,1,A5;C3;E1,31,,,
28058,,11,L1302,Introduction to Law,L1302.2,2,A3;C1;D4,24,,,
28058,,11,OB1520,AP Statistics,OB1520.1,3,B3;D1;E5,37,,,
28058,,11,OA1317,AP Chemistry,OA1317.1,4,B1;C4;E2,38,,,
28058,,11,E1101,Physical Education and Health 11,E1101.5,6,A4;C2;D5,27,,,
28058,,11,OC1310,Painting II,OC1310.2,7,A2;B5;D3,46,,,
28058,,11,G1203,Español & Literatura 11,G1203.4,8,B2;C5;E4,36,,,
28058,,11,ADVHS01,Advisory HS,ADVHS01.24,9,E3,37,,,
28060,,11,OA1319,AP Physics 1,OA1319.1,1,A5;C3;E1,31,,,
28060,,11,OI1003,Algebra II,OI1003.5,2,A3;C1;D4,8,,,
28060,,11,I1212,AP Macroeconomics,I1212.3,3,B3;D1;E5,34,,,
28060,,11,I1213,AP Microeconomics,I1213.3,3,B3;D1;E5,34,,,
28060,,11,E1101,Physical Education and Health 11,E1101.6,4,B1;C4;E2,27,,,
28060,,11,VHS0052,"Spanish Film, Art, and Literature",VHS0052.2,5,A1;B4;D2,25,,,
28060,,11,OH1305,Art of Fiction Intermediate Level,OH1305.1,6,A4;C2;D5,23,,,
28060,,11,ADVHS01,Advisory HS,ADVHS01.12,9,E3,23,,,
28061,,11,L1301,AP Psychology,L1301.1,1,A5;C3;E1,33,,,
28061,,11,G1203,Español & Literatura 11,G1203.3,2,A3;C1;D4,36,,,
28061,,11,A1105,Physics 11,A1105.3,4,B1;C4;E2,41,,,
28061,,11,E1101,Physical Education and Health 11,E1101.4,5,A1;B4;D2,27,,,
28061,,11,OH1305,Art of Fiction Intermediate Level,OH1305.1,6,A4;C2;D5,23,,,
28061,,11,OI1003,Algebra II,OI1003.1,7,A2;B5;D3,4,,,
28061,,11,OC1310,Painting II,OC1310.1,8,B2;C5;E4,46,,,
28061,,11,ADVHS01,Advisory HS,ADVHS01.2,9,E3,4,,,
28062,,11,L1301,AP Psychology,L1301.1,1,A5;C3;E1,33,,,
28062,,11,H1201B,AP English Literature and Composition,H1201B.1,2,A3;C1;D4,23,,,
28062,,11,A1105,Physics 11,A1105.3,4,B1;C4;E2,41,,,
28062,,11,OI1305,Calculus,OI1305.3,6,A4;C2;D5,35,,,
28062,,11,G1203,Español & Literatura 11,G1203.1,7,A2;B5;D3,36,,,
28062,,11,E1101,Physical Education and Health 11,E1101.2,8,B2;C5;E4,27,,,
28062,,11,ADVHS01,Advisory HS,ADVHS01.25,9,E3,38,,,
28063,,11,OH1305,Art of Fiction Intermediate Level,OH1305.2,2,A3;C1;D4,40,,,
28063,,11,VHS0052,"Spanish Film, Art, and Literature",VHS0052.1,3,B3;D1;E5,25,,,
28063,,11,OA1317,AP Chemistry,OA1317.1,4,B1;C4;E2,38,,,
28063,,11,L1304,Life Purpose,L1304.2,5,A1;B4;D2,24,,,
28063,,11,E1101,Physical Education and Health 11,E1101.5,6,A4;C2;D5,27,,,
28063,,11,A1105,Physics 11,A1105.2,7,A2;B5;D3,31,,,
28063,,11,OI1305,Calculus,OI1305.1,8,B2;C5;E4,35,,,
28063,,11,ADVHS01,Advisory HS,ADVHS01.20,9,E3,33,,,
28064,,11,OA1319,AP Physics 1,OA1319.1,1,A5;C3;E1,31,,,
28064,,11,I1212,AP Macroeconomics,I1212.4,2,A3;C1;D4,34,,,
28064,,11,I1213,AP Microeconomics,I1213.4,2,A3;C1;D4,34,,,
28064,,11,OI1305,Calculus,OI1305.5,3,B3;D1;E5,44,,,
28064,,11,I1214,AP Seminar,I1214.3,4,B1;C4;E2,19,,,
28064,,11,VHS0052,"Spanish Film, Art, and Literature",VHS0052.2,5,A1;B4;D2,25,,,
28064,,11,OC1305,Painting I,OC1305.2,6,A4;C2;D5,5,,,
28064,,11,E1101,Physical Education and Health 11,E1101.2,8,B2;C5;E4,27,,,
28064,,11,ADVHS01,Advisory HS,ADVHS01.24,9,E3,37,,,
28065,,11,E1101,Physical Education and Health 11,E1101.1,1,A5;C3;E1,27,,,
28065,,11,I1212,AP Macroeconomics,I1212.4,2,A3;C1;D4,34,,,
28065,,11,I1213,AP Microeconomics,I1213.4,2,A3;C1;D4,34,,,
28065,,11,A1105,Physics 11,A1105.1,3,B3;D1;E5,7,,,
28065,,11,OI1003,Algebra II,OI1003.6,4,B1;C4;E2,8,,,
28065,,11,C0905,Band Level II,C0905.1,5,A1;B4;D2,3,,,
28065,,11,OH1305,Art of Fiction Intermediate Level,OH1305.1,6,A4;C2;D5,23,,,
28065,,11,G1203,Español & Literatura 11,G1203.4,8,B2;C5;E4,36,,,
28065,,11,ADVHS01,Advisory HS,ADVHS01.25,9,E3,38,,,
28066,,11,E1101,Physical Education and Health 11,E1101.1,1,A5;C3;E1,27,,,
28066,,11,OI1003,Algebra II,OI1003.5,2,A3;C1;D4,8,,,
28066,,11,OJ1203,Entrepreneurship Business Technology,OJ1203.2,3,B3;D1;E5,22,,,
28066,,11,OH1401,Journalism Intermediate Level,OH1401.1,4,B1;C4;E2,43,,,
28066,,11,L1304,Life Purpose,L1304.2,5,A1;B4;D2,24,,,
28066,,11,A1105,Physics 11,A1105.5,6,A4;C2;D5,41,,,
28066,,11,G1203,Español & Literatura 11,G1203.1,7,A2;B5;D3,36,,,
28066,,11,OC1310,Painting II,OC1310.1,8,B2;C5;E4,46,,,
28066,,11,ADVHS01,Advisory HS,ADVHS01.21,9,E3,34,,,
28070,,11,OC1307,Drawing I,OC1307.1,1,A5;C3;E1,46,,,
28070,,11,H1206,AP English Language & Composition,H1206.1,2,A3;C1;D4,19,,,
28070,,11,A1105,Physics 11,A1105.1,3,B3;D1;E5,7,,,
28070,,11,I1211,AP Precalculus,I1211.2,4,B1;C4;E2,4,,,
28070,,11,E1101,Physical Education and Health 11,E1101.4,5,A1;B4;D2,27,,,
28070,,11,G1203,Español & Literatura 11,G1203.1,7,A2;B5;D3,36,,,
28070,,11,I1212,AP Macroeconomics,I1212.2,8,B2;C5;E4,34,,,
28070,,11,I1213,AP Microeconomics,I1213.2,8,B2;C5;E4,34,,,
28070,,11,ADVHS01,Advisory HS,ADVHS01.26,9,E3,40,,,
28071,,11,H1201B,AP English Literature and Composition,H1201B.2,0,,23,,,
28071,,11,G1203,Español & Literatura 11,G1203.3,2,A3;C1;D4,36,,,
28071,,11,E1101,Physical Education and Health 11,E1101.6,4,B1;C4;E2,27,,,
28071,,11,L1304,Life Purpose,L1304.3,6,A4;C2;D5,33,,,
28071,,11,I1204,AP Calculus AB,I1204.1,7,A2;B5;D3,44,,,
28071,,11,OA1319,AP Physics 1,OA1319.2,8,B2;C5;E4,31,,,
28071,,11,ADVHS01,Advisory HS,ADVHS01.22,9,E3,35,,,
28072,,11,OI1003,Algebra II,OI1003.4,1,A5;C3;E1,8,,,
28072,,11,L1301,AP Psychology,L1301.2,2,A3;C1;D4,33,,,
28072,,11,E1101,Physical Education and Health 11,E1101.3,3,B3;D1;E5,27,,,
28072,,11,A1105,Physics 11,A1105.3,4,B1;C4;E2,41,,,
28072,,11,OH1401,Journalism Intermediate Level,OH1401.2,5,A1;B4;D2,43,,,
28072,,11,OA1304,AP Biology,OA1304.1,6,A4;C2;D5,7,,,
28072,,11,C0904,Band Level I,C0904.2,7,A2;B5;D3,3,,,
28072,,11,G1203,Español & Literatura 11,G1203.4,8,B2;C5;E4,36,,,
28072,,11,ADVHS01,Advisory HS,ADVHS01.23,9,E3,36,,,
28073,,11,H1206,AP English Language & Composition,H1206.1,2,A3;C1;D4,19,,,
28073,,11,L1301,AP Psychology,L1301.3,4,B1;C4;E2,33,,,
28073,,11,G1203,Español & Literatura 11,G1203.2,5,A1;B4;D2,36,,,
28073,,11,A1105,Physics 11,A1105.5,6,A4;C2;D5,41,,,
28073,,11,OI1003,Algebra II,OI1003.1,7,A2;B5;D3,4,,,
28073,,11,E1101,Physical Education and Health 11,E1101.2,8,B2;C5;E4,27,,,
28073,,11,ADVHS01,Advisory HS,ADVHS01.26,9,E3,40,,,
28074,,11,I1214,AP Seminar,I1214.2,1,A5;C3;E1,19,,,
28074,,11,OI1305,Calculus,OI1305.5,3,B3;D1;E5,44,,,
28074,,11,A1105,Physics 11,A1105.3,4,B1;C4;E2,41,,,
28074,,11,VHS0052,"Spanish Film, Art, and Literature",VHS0052.2,5,A1;B4;D2,25,,,
28074,,11,L1302,Introduction to Law,L1302.1,6,A4;C2;D5,24,,,
28074,,11,OC1305,Painting I,OC1305.1,7,A2;B5;D3,5,,,
28074,,11,I1212,AP Macroeconomics,I1212.2,8,B2;C5;E4,34,,,
28074,,11,I1213,AP Microeconomics,I1213.2,8,B2;C5;E4,34,,,
28074,,11,ADVHS01,Advisory HS,ADVHS01.27,9,E3,41,,,
28075,,11,L1301,AP Psychology,L1301.2,2,A3;C1;D4,33,,,
28075,,11,A1105,Physics 11,A1105.1,3,B3;D1;E5,7,,,
28075,,11,I1212,AP Macroeconomics,I1212.1,4,B1;C4;E2,34,,,
28075,,11,I1213,AP Microeconomics,I1213.1,4,B1;C4;E2,34,,,
28075,,11,G1203,Español & Literatura 11,G1203.2,5,A1;B4;D2,36,,,
28075,,11,OH1305,Art of Fiction Intermediate Level,OH1305.1,6,A4;C2;D5,23,,,
28075,,11,I1204,AP Calculus AB,I1204.1,7,A2;B5;D3,44,,,
28075,,11,E1101,Physical Education and Health 11,E1101.2,8,B2;C5;E4,27,,,
28075,,11,ADVHS01,Advisory HS,ADVHS01.28,9,E3,42,,,
28076,,11,H1201B,AP English Literature and Composition,H1201B.2,0,,23,,,
28076,,11,OA1319,AP Physics 1,OA1319.1,1,A5;C3;E1,31,,,
28076,,11,G1202,AP Spanish Literature and Culture,G1202.1,2,A3;C1;D4,6,,,
28076,,11,OI1305,Calculus,OI1305.5,3,B3;D1;E5,44,,,
28076,,11,OC1314,AP Drawing,OC1314.1,4,B1;C4;E2,46,,,
28076,,11,OC1305,Painting I,OC1305.4,5,A1;B4;D2,46,,,
28076,,11,L1302,Introduction to Law,L1302.1,6,A4;C2;D5,24,,,
28076,,11,E1101,Physical Education and Health 11,E1101.2,8,B2;C5;E4,27,,,
28076,,11,ADVHS01,Advisory HS,ADVHS01.24,9,E3,37,,,
28077,,10,E1001,Physical Education and Health 10,E1001.1,1,A5;C3;E1,12,,,
28077,,10,H1001,English 10,H1001.4,3,B3;D1;E5,15,,,
28077,,10,G1004,AP Spanish Language and Culture,G1004.7,4,B1;C4;E2,48,,,
28077,,10,B1001,Social Sciences 10,B1001.5,5,A1;B4;D2,26,,,
28077,,10,A1006,Chemistry 10,A1006.7,6,A4;C2;D5,38,,,
28077,,10,I1003,Geometry,I1003.2,7,A2;B5;D3,35,,,
28077,,10,B1006,Cultural Studies,B1006.2,8,B2;C5;E4,32,,,
28077,,10,ADVHS01,Advisory HS,ADVHS01.1,9,E3,3,,,
28079,,11,G1203,Español & Literatura 11,G1203.3,2,A3;C1;D4,36,,,
28079,,11,I1212,AP Macroeconomics,I1212.3,3,B3;D1;E5,34,,,
28079,,11,I1213,AP Microeconomics,I1213.3,3,B3;D1;E5,34,,,
28079,,11,E1101,Physical Education and Health 11,E1101.6,4,B1;C4;E2,27,,,
28079,,11,OH1401,Journalism Intermediate Level,OH1401.2,5,A1;B4;D2,43,,,
28079,,11,OJ1204,Creative Design,OJ1204.1,6,A4;C2;D5,21,,,
28079,,11,A1105,Physics 11,A1105.2,7,A2;B5;D3,31,,,
28079,,11,OI1305,Calculus,OI1305.1,8,B2;C5;E4,35,,,
28079,,11,ADVHS01,Advisory HS,ADVHS01.27,9,E3,41,,,
28081,,11,OI1003,Algebra II,OI1003.4,1,A5;C3;E1,8,,,
28081,,11,OH1305,Art of Fiction Intermediate Level,OH1305.2,2,A3;C1;D4,40,,,
28081,,11,A1105,Physics 11,A1105.1,3,B3;D1;E5,7,,,
28081,,11,VHS0052,"Spanish Film, Art, and Literature",VHS0052.2,5,A1;B4;D2,25,,,
28081,,11,E1101,Physical Education and Health 11,E1101.5,6,A4;C2;D5,27,,,
28081,,11,L1304,Life Purpose,L1304.4,7,A2;B5;D3,33,,,
28081,,11,I1212,AP Macroeconomics,I1212.2,8,B2;C5;E4,34,,,
28081,,11,I1213,AP Microeconomics,I1213.2,8,B2;C5;E4,34,,,
28081,,11,ADVHS01,Advisory HS,ADVHS01.1,9,E3,3,,,
28083,,11,OC1307,Drawing I,OC1307.1,1,A5;C3;E1,46,,,
28083,,11,OH1305,Art of Fiction Intermediate Level,OH1305.2,2,A3;C1;D4,40,,,
28083,,11,VHS0052,"Spanish Film, Art, and Literature",VHS0052.1,3,B3;D1;E5,25,,,
28083,,11,I1212,AP Macroeconomics,I1212.1,4,B1;C4;E2,34,,,
28083,,11,I1213,AP Microeconomics,I1213.1,4,B1;C4;E2,34,,,
28083,,11,E1101,Physical Education and Health 11,E1101.5,6,A4;C2;D5,27,,,
28083,,11,I1204,AP Calculus AB,I1204.1,7,A2;B5;D3,44,,,
28083,,11,OA1319,AP Physics 1,OA1319.2,8,B2;C5;E4,31,,,
28083,,11,ADVHS01,Advisory HS,ADVHS01.28,9,E3,42,,,
28084,,11,E1101,Physical Education and Health 11,E1101.1,1,A5;C3;E1,27,,,
28084,,11,H1206,AP English Language & Composition,H1206.1,2,A3;C1;D4,19,,,
28084,,11,I1212,AP Macroeconomics,I1212.3,3,B3;D1;E5,34,,,
28084,,11,I1213,AP Microeconomics,I1213.3,3,B3;D1;E5,34,,,
28084,,11,A1105,Physics 11,A1105.3,4,B1;C4;E2,41,,,
28084,,11,G1203,Español & Literatura 11,G1203.2,5,A1;B4;D2,36,,,
28084,,11,I1204,AP Calculus AB,I1204.2,8,B2;C5;E4,44,,,
28084,,11,ADVHS01,Advisory HS,ADVHS01.29,9,E3,43,,,
28088,,11,OI1305,Calculus,OI1305.2,1,A5;C3;E1,35,,,
28088,,11,OH1305,Art of Fiction Intermediate Level,OH1305.2,2,A3;C1;D4,40,,,
28088,,11,A1105,Physics 11,A1105.1,3,B3;D1;E5,7,,,
28088,,11,C0904,Band Level I,C0904.1,4,B1;C4;E2,3,,,
28088,,11,E1101,Physical Education and Health 11,E1101.5,6,A4;C2;D5,27,,,
28088,,11,L1304,Life Purpose,L1304.4,7,A2;B5;D3,33,,,
28088,,11,G1203,Español & Literatura 11,G1203.4,8,B2;C5;E4,36,,,
28088,,11,ADVHS01,Advisory HS,ADVHS01.27,9,E3,41,,,
28089,,11,E1101,Physical Education and Health 11,E1101.1,1,A5;C3;E1,27,,,
28089,,11,L1302,Introduction to Law,L1302.2,2,A3;C1;D4,24,,,
28089,,11,L1301,AP Psychology,L1301.3,4,B1;C4;E2,33,,,
28089,,11,OH1401,Journalism Intermediate Level,OH1401.2,5,A1;B4;D2,43,,,
28089,,11,OI1003,Algebra II,OI1003.3,6,A4;C2;D5,8,,,
28089,,11,A1105,Physics 11,A1105.2,7,A2;B5;D3,31,,,
28089,,11,G1203,Español & Literatura 11,G1203.4,8,B2;C5;E4,36,,,
28089,,11,ADVHS01,Advisory HS,ADVHS01.13,9,E3,24,,,
28090,,11,OA1319,AP Physics 1,OA1319.1,1,A5;C3;E1,31,,,
28090,,11,OH1305,Art of Fiction Intermediate Level,OH1305.2,2,A3;C1;D4,40,,,
28090,,11,VHS0052,"Spanish Film, Art, and Literature",VHS0052.1,3,B3;D1;E5,25,,,
28090,,11,L1301,AP Psychology,L1301.3,4,B1;C4;E2,33,,,
28090,,11,E1101,Physical Education and Health 11,E1101.4,5,A1;B4;D2,27,,,
28090,,11,OI1305,Calculus,OI1305.3,6,A4;C2;D5,35,,,
28090,,11,OC1305,Painting I,OC1305.1,7,A2;B5;D3,5,,,
28090,,11,I1212,AP Macroeconomics,I1212.2,8,B2;C5;E4,34,,,
28090,,11,I1213,AP Microeconomics,I1213.2,8,B2;C5;E4,34,,,
28090,,11,ADVHS01,Advisory HS,ADVHS01.29,9,E3,43,,,
28093,,11,OI1305,Calculus,OI1305.2,1,A5;C3;E1,35,,,
28093,,11,L1302,Introduction to Law,L1302.2,2,A3;C1;D4,24,,,
28093,,11,I1212,AP Macroeconomics,I1212.3,3,B3;D1;E5,34,,,
28093,,11,I1213,AP Microeconomics,I1213.3,3,B3;D1;E5,34,,,
28093,,11,E1101,Physical Education and Health 11,E1101.6,4,B1;C4;E2,27,,,
28093,,11,G1203,Español & Literatura 11,G1203.2,5,A1;B4;D2,36,,,
28093,,11,H1206,AP English Language & Composition,H1206.2,7,A2;B5;D3,19,,,
28093,,11,OA1319,AP Physics 1,OA1319.2,8,B2;C5;E4,31,,,
28093,,11,ADVHS01,Advisory HS,ADVHS01.3,9,E3,5,,,
28094,,11,L1304,Life Purpose,L1304.1,1,A5;C3;E1,24,,,
28094,,11,OI1003,Algebra II,OI1003.5,2,A3;C1;D4,8,,,
28094,,11,A1105,Physics 11,A1105.1,3,B3;D1;E5,7,,,
28094,,11,G1203,Español & Literatura 11,G1203.2,5,A1;B4;D2,36,,,
28094,,11,E1101,Physical Education and Health 11,E1101.5,6,A4;C2;D5,27,,,
28094,,11,OH1305,Art of Fiction Intermediate Level,OH1305.3,7,A2;B5;D3,40,,,
28094,,11,OC1310,Painting II,OC1310.1,8,B2;C5;E4,46,,,
28094,,11,ADVHS01,Advisory HS,ADVHS01.25,9,E3,38,,,
28095,,11,I1212,AP Macroeconomics,I1212.4,2,A3;C1;D4,34,,,
28095,,11,I1213,AP Microeconomics,I1213.4,2,A3;C1;D4,34,,,
28095,,11,A1105,Physics 11,A1105.1,3,B3;D1;E5,7,,,
28095,,11,E1101,Physical Education and Health 11,E1101.6,4,B1;C4;E2,27,,,
28095,,11,VHS0052,"Spanish Film, Art, and Literature",VHS0052.2,5,A1;B4;D2,25,,,
28095,,11,L1304,Life Purpose,L1304.3,6,A4;C2;D5,33,,,
28095,,11,OH1305,Art of Fiction Intermediate Level,OH1305.3,7,A2;B5;D3,40,,,
28095,,11,OI1305,Calculus,OI1305.1,8,B2;C5;E4,35,,,
28095,,11,ADVHS01,Advisory HS,ADVHS01.30,9,E3,15,,,
28097,,11,L1301,AP Psychology,L1301.1,1,A5;C3;E1,33,,,
28097,,11,H1206,AP English Language & Composition,H1206.1,2,A3;C1;D4,19,,,
28097,,11,OI1305,Calculus,OI1305.5,3,B3;D1;E5,44,,,
28097,,11,I1212,AP Macroeconomics,I1212.1,4,B1;C4;E2,34,,,
28097,,11,I1213,AP Microeconomics,I1213.1,4,B1;C4;E2,34,,,
28097,,11,A1105,Physics 11,A1105.4,5,A1;B4;D2,41,,,
28097,,11,E1101,Physical Education and Health 11,E1101.5,6,A4;C2;D5,27,,,
28097,,11,OC1305,Painting I,OC1305.1,7,A2;B5;D3,5,,,
28097,,11,G1203,Español & Literatura 11,G1203.4,8,B2;C5;E4,36,,,
28097,,11,ADVHS01,Advisory HS,ADVHS01.31,9,E3,44,,,
28098,,11,OA1319,AP Physics 1,OA1319.1,1,A5;C3;E1,31,,,
28098,,11,I1212,AP Macroeconomics,I1212.4,2,A3;C1;D4,34,,,
28098,,11,I1213,AP Microeconomics,I1213.4,2,A3;C1;D4,34,,,
28098,,11,E1101,Physical Education and Health 11,E1101.3,3,B3;D1;E5,27,,,
28098,,11,I1214,AP Seminar,I1214.3,4,B1;C4;E2,19,,,
28098,,11,VHS0052,"Spanish Film, Art, and Literature",VHS0052.2,5,A1;B4;D2,25,,,
28098,,11,OI1305,Calculus,OI1305.3,6,A4;C2;D5,35,,,
28098,,11,OC1305,Painting I,OC1305.1,7,A2;B5;D3,5,,,
28098,,11,ADVHS01,Advisory HS,ADVHS01.3,9,E3,5,,,
28100,,11,OC1305,Painting I,OC1305.3,1,A5;C3;E1,5,,,
28100,,11,H1206,AP English Language & Composition,H1206.1,2,A3;C1;D4,19,,,
28100,,11,A1105,Physics 11,A1105.1,3,B3;D1;E5,7,,,
28100,,11,L1301,AP Psychology,L1301.3,4,B1;C4;E2,33,,,
28100,,11,E1101,Physical Education and Health 11,E1101.4,5,A1;B4;D2,27,,,
28100,,11,L1302,Introduction to Law,L1302.1,6,A4;C2;D5,24,,,
28100,,11,G1203,Español & Literatura 11,G1203.1,7,A2;B5;D3,36,,,
28100,,11,OI1305,Calculus,OI1305.1,8,B2;C5;E4,35,,,
28100,,11,ADVHS01,Advisory HS,ADVHS01.14,9,E3,25,,,
28101,,11,L1301,AP Psychology,L1301.1,1,A5;C3;E1,33,,,
28101,,11,L1302,Introduction to Law,L1302.2,2,A3;C1;D4,24,,,
28101,,11,A1105,Physics 11,A1105.3,4,B1;C4;E2,41,,,
28101,,11,G1203,Español & Literatura 11,G1203.2,5,A1;B4;D2,36,,,
28101,,11,OI1305,Calculus,OI1305.3,6,A4;C2;D5,35,,,
28101,,11,OH1305,Art of Fiction Intermediate Level,OH1305.3,7,A2;B5;D3,40,,,
28101,,11,E1101,Physical Education and Health 11,E1101.2,8,B2;C5;E4,27,,,
28101,,11,ADVHS01,Advisory HS,ADVHS01.15,9,E3,26,,,
28102,,11,E1101,Physical Education and Health 11,E1101.1,1,A5;C3;E1,27,,,
28102,,11,OH1305,Art of Fiction Intermediate Level,OH1305.2,2,A3;C1;D4,40,,,
28102,,11,L1301,AP Psychology,L1301.3,4,B1;C4;E2,33,,,
28102,,11,OI1003,Algebra II,OI1003.2,5,A1;B4;D2,8,,,
28102,,11,L1302,Introduction to Law,L1302.1,6,A4;C2;D5,24,,,
28102,,11,A1105,Physics 11,A1105.2,7,A2;B5;D3,31,,,
28102,,11,G1203,Español & Literatura 11,G1203.4,8,B2;C5;E4,36,,,
28102,,11,ADVHS01,Advisory HS,ADVHS01.16,9,E3,28,,,
28103,,11,OC1307,Drawing I,OC1307.1,1,A5;C3;E1,46,,,
28103,,11,OJ1203,Entrepreneurship Business Technology,OJ1203.1,2,A3;C1;D4,22,,,
28103,,11,VHS0052,"Spanish Film, Art, and Literature",VHS0052.1,3,B3;D1;E5,25,,,
28103,,11,OI1305,Calculus,OI1305.4,4,B1;C4;E2,44,,,
28103,,11,A1105,Physics 11,A1105.4,5,A1;B4;D2,41,,,
28103,,11,E1101,Physical Education and Health 11,E1101.5,6,A4;C2;D5,27,,,
28103,,11,H1206,AP English Language & Composition,H1206.2,7,A2;B5;D3,19,,,
28103,,11,I1212,AP Macroeconomics,I1212.2,8,B2;C5;E4,34,,,
28103,,11,I1213,AP Microeconomics,I1213.2,8,B2;C5;E4,34,,,
28103,,11,ADVHS01,Advisory HS,ADVHS01.30,9,E3,15,,,
28104,,11,E1101,Physical Education and Health 11,E1101.1,1,A5;C3;E1,27,,,
28104,,11,I1212,AP Macroeconomics,I1212.4,2,A3;C1;D4,34,,,
28104,,11,I1213,AP Microeconomics,I1213.4,2,A3;C1;D4,34,,,
28104,,11,VHS0052,"Spanish Film, Art, and Literature",VHS0052.1,3,B3;D1;E5,25,,,
28104,,11,OI1305,Calculus,OI1305.4,4,B1;C4;E2,44,,,
28104,,11,A1105,Physics 11,A1105.4,5,A1;B4;D2,41,,,
28104,,11,OH1305,Art of Fiction Intermediate Level,OH1305.1,6,A4;C2;D5,23,,,
28104,,11,L1304,Life Purpose,L1304.4,7,A2;B5;D3,33,,,
28104,,11,OC1310,Painting II,OC1310.1,8,B2;C5;E4,46,,,
28104,,11,ADVHS01,Advisory HS,ADVHS01.32,9,E3,45,,,
28105,,11,OH1305,Art of Fiction Intermediate Level,OH1305.2,2,A3;C1;D4,40,,,
28105,,11,E1101,Physical Education and Health 11,E1101.3,3,B3;D1;E5,27,,,
28105,,11,L1301,AP Psychology,L1301.3,4,B1;C4;E2,33,,,
28105,,11,VHS0052,"Spanish Film, Art, and Literature",VHS0052.2,5,A1;B4;D2,25,,,
28105,,11,A1105,Physics 11,A1105.5,6,A4;C2;D5,41,,,
28105,,11,OI1003,Algebra II,OI1003.1,7,A2;B5;D3,4,,,
28105,,11,I1212,AP Macroeconomics,I1212.2,8,B2;C5;E4,34,,,
28105,,11,I1213,AP Microeconomics,I1213.2,8,B2;C5;E4,34,,,
28105,,11,ADVHS01,Advisory HS,ADVHS01.33,9,E3,46,,,
28106,,11,OA1319,AP Physics 1,OA1319.1,1,A5;C3;E1,31,,,
28106,,11,G1203,Español & Literatura 11,G1203.3,2,A3;C1;D4,36,,,
28106,,11,OB1520,AP Statistics,OB1520.1,3,B3;D1;E5,37,,,
28106,,11,I1212,AP Macroeconomics,I1212.1,4,B1;C4;E2,34,,,
28106,,11,I1213,AP Microeconomics,I1213.1,4,B1;C4;E2,34,,,
28106,,11,OC1305,Painting I,OC1305.4,5,A1;B4;D2,46,,,
28106,,11,OI1003,Algebra II,OI1003.3,6,A4;C2;D5,8,,,
28106,,11,OH1305,Art of Fiction Intermediate Level,OH1305.3,7,A2;B5;D3,40,,,
28106,,11,E1101,Physical Education and Health 11,E1101.2,8,B2;C5;E4,27,,,
28106,,11,ADVHS01,Advisory HS,ADVHS01.34,9,E3,47,,,
28107,,11,OI1305,Calculus,OI1305.2,1,A5;C3;E1,35,,,
28107,,11,H1201B,AP English Literature and Composition,H1201B.1,2,A3;C1;D4,23,,,
28107,,11,OJ1203,Entrepreneurship Business Technology,OJ1203.2,3,B3;D1;E5,22,,,
28107,,11,L1301,AP Psychology,L1301.3,4,B1;C4;E2,33,,,
28107,,11,A1105,Physics 11,A1105.4,5,A1;B4;D2,41,,,
28107,,11,G1203,Español & Literatura 11,G1203.1,7,A2;B5;D3,36,,,
28107,,11,E1101,Physical Education and Health 11,E1101.2,8,B2;C5;E4,27,,,
28107,,11,ADVHS01,Advisory HS,ADVHS01.26,9,E3,40,,,
28108,,11,E1101,Physical Education and Health 11,E1101.1,1,A5;C3;E1,27,,,
28108,,11,I1211,AP Precalculus,I1211.1,2,A3;C1;D4,4,,,
28108,,11,OJ1203,Entrepreneurship Business Technology,OJ1203.2,3,B3;D1;E5,22,,,
28108,,11,A1105,Physics 11,A1105.3,4,B1;C4;E2,41,,,
28108,,11,L1304,Life Purpose,L1304.2,5,A1;B4;D2,24,,,
28108,,11,OH1305,Art of Fiction Intermediate Level,OH1305.1,6,A4;C2;D5,23,,,
28108,,11,G1203,Español & Literatura 11,G1203.1,7,A2;B5;D3,36,,,
28108,,11,ADVHS01,Advisory HS,ADVHS01.6,9,E3,8,,,
28109,,11,L1304,Life Purpose,L1304.1,1,A5;C3;E1,24,,,
28109,,11,OH1305,Art of Fiction Intermediate Level,OH1305.2,2,A3;C1;D4,40,,,
28109,,11,E1101,Physical Education and Health 11,E1101.3,3,B3;D1;E5,27,,,
28109,,11,G1203,Español & Literatura 11,G1203.2,5,A1;B4;D2,36,,,
28109,,11,A1105,Physics 11,A1105.2,7,A2;B5;D3,31,,,
28109,,11,OI1305,Calculus,OI1305.1,8,B2;C5;E4,35,,,
28109,,11,ADVHS01,Advisory HS,ADVHS01.7,9,E3,13,,,
28110,,11,OB1520,AP Statistics,OB1520.2,1,A5;C3;E1,37,,,
28110,,11,OI1003,Algebra II,OI1003.5,2,A3;C1;D4,8,,,
28110,,11,I1212,AP Macroeconomics,I1212.3,3,B3;D1;E5,34,,,
28110,,11,I1213,AP Microeconomics,I1213.3,3,B3;D1;E5,34,,,
28110,,11,A1105,Physics 11,A1105.3,4,B1;C4;E2,41,,,
28110,,11,E1101,Physical Education and Health 11,E1101.4,5,A1;B4;D2,27,,,
28110,,11,OH1305,Art of Fiction Intermediate Level,OH1305.1,6,A4;C2;D5,23,,,
28110,,11,G1203,Español & Literatura 11,G1203.1,7,A2;B5;D3,36,,,
28110,,11,C0904,Band Level I,C0904.4,8,B2;C5;E4,3,,,
28110,,11,ADVHS01,Advisory HS,ADVHS01.35,9,E3,48,,,
28111,,11,H1201B,AP English Literature and Composition,H1201B.2,0,,23,,,
28111,,11,L1304,Life Purpose,L1304.1,1,A5;C3;E1,24,,,
28111,,11,I1212,AP Macroeconomics,I1212.4,2,A3;C1;D4,34,,,
28111,,11,I1213,AP Microeconomics,I1213.4,2,A3;C1;D4,34,,,
28111,,11,E1101,Physical Education and Health 11,E1101.3,3,B3;D1;E5,27,,,
28111,,11,G1203,Español & Literatura 11,G1203.2,5,A1;B4;D2,36,,,
28111,,11,I1204,AP Calculus AB,I1204.1,7,A2;B5;D3,44,,,
28111,,11,OA1319,AP Physics 1,OA1319.2,8,B2;C5;E4,31,,,
28111,,11,ADVHS01,Advisory HS,ADVHS01.31,9,E3,44,,,
28112,,11,OA1319,AP Physics 1,OA1319.1,1,A5;C3;E1,31,,,
28112,,11,OJ1203,Entrepreneurship Business Technology,OJ1203.1,2,A3;C1;D4,22,,,
28112,,11,E1101,Physical Education and Health 11,E1101.3,3,B3;D1;E5,27,,,
28112,,11,I1212,AP Macroeconomics,I1212.1,4,B1;C4;E2,34,,,
28112,,11,I1213,AP Microeconomics,I1213.1,4,B1;C4;E2,34,,,
28112,,11,VHS0052,"Spanish Film, Art, and Literature",VHS0052.2,5,A1;B4;D2,25,,,
28112,,11,OC1305,Painting I,OC1305.2,6,A4;C2;D5,5,,,
28112,,11,OH1305,Art of Fiction Intermediate Level,OH1305.3,7,A2;B5;D3,40,,,
28112,,11,I1204,AP Calculus AB,I1204.2,8,B2;C5;E4,44,,,
28112,,11,ADVHS01,Advisory HS,ADVHS01.32,9,E3,45,,,
28113,,11,L1301,AP Psychology,L1301.1,1,A5;C3;E1,33,,,
28113,,11,OH1305,Art of Fiction Intermediate Level,OH1305.2,2,A3;C1;D4,40,,,
28113,,11,I1212,AP Macroeconomics,I1212.3,3,B3;D1;E5,34,,,
28113,,11,I1213,AP Microeconomics,I1213.3,3,B3;D1;E5,34,,,
28113,,11,E1101,Physical Education and Health 11,E1101.6,4,B1;C4;E2,27,,,
28113,,11,C0905,Band Level II,C0905.1,5,A1;B4;D2,3,,,
28113,,11,OI1305,Calculus,OI1305.3,6,A4;C2;D5,35,,,
28113,,11,A1105,Physics 11,A1105.2,7,A2;B5;D3,31,,,
28113,,11,G1203,Español & Literatura 11,G1203.4,8,B2;C5;E4,36,,,
28113,,11,ADVHS01,Advisory HS,ADVHS01.36,9,E3,49,,,
28115,,11,L1301,AP Psychology,L1301.1,1,A5;C3;E1,33,,,
28115,,11,G1203,Español & Literatura 11,G1203.3,2,A3;C1;D4,36,,,
28115,,11,E1101,Physical Education and Health 11,E1101.3,3,B3;D1;E5,27,,,
28115,,11,OH1401,Journalism Intermediate Level,OH1401.1,4,B1;C4;E2,43,,,
28115,,11,OI1003,Algebra II,OI1003.2,5,A1;B4;D2,8,,,
28115,,11,A1105,Physics 11,A1105.2,7,A2;B5;D3,31,,,
28115,,11,ADVHS01,Advisory HS,ADVHS01.27,9,E3,41,,,
28116,,11,E1101,Physical Education and Health 11,E1101.1,1,A5;C3;E1,27,,,
28116,,11,OJ1203,Entrepreneurship Business Technology,OJ1203.1,2,A3;C1;D4,22,,,
28116,,11,A1105,Physics 11,A1105.1,3,B3;D1;E5,7,,,
28116,,11,OI1305,Calculus,OI1305.4,4,B1;C4;E2,44,,,
28116,,11,OH1401,Journalism Intermediate Level,OH1401.2,5,A1;B4;D2,43,,,
28116,,11,L1304,Life Purpose,L1304.3,6,A4;C2;D5,33,,,
28116,,11,OC1310,Painting II,OC1310.2,7,A2;B5;D3,46,,,
28116,,11,G1203,Español & Literatura 11,G1203.4,8,B2;C5;E4,36,,,
28116,,11,ADVHS01,Advisory HS,ADVHS01.28,9,E3,42,,,
28117,,11,H1201B,AP English Literature and Composition,H1201B.1,2,A3;C1;D4,23,,,
28117,,11,I1215,AP 3-D Art and Design,I1215.1,3,B3;D1;E5,5,,,
28117,,11,L1301,AP Psychology,L1301.3,4,B1;C4;E2,33,,,
28117,,11,OI1003,Algebra II,OI1003.2,5,A1;B4;D2,8,,,
28117,,11,E1101,Physical Education and Health 11,E1101.5,6,A4;C2;D5,27,,,
28117,,11,G1203,Español & Literatura 11,G1203.1,7,A2;B5;D3,36,,,
28117,,11,OA1319,AP Physics 1,OA1319.2,8,B2;C5;E4,31,,,
28117,,11,ADVHS01,Advisory HS,ADVHS01.29,9,E3,43,,,
28118,,11,L1301,AP Psychology,L1301.2,2,A3;C1;D4,33,,,
28118,,11,E1101,Physical Education and Health 11,E1101.3,3,B3;D1;E5,27,,,
28118,,11,I1212,AP Macroeconomics,I1212.1,4,B1;C4;E2,34,,,
28118,,11,I1213,AP Microeconomics,I1213.1,4,B1;C4;E2,34,,,
28118,,11,G1203,Español & Literatura 11,G1203.2,5,A1;B4;D2,36,,,
28118,,11,A1105,Physics 11,A1105.5,6,A4;C2;D5,41,,,
28118,,11,H1206,AP English Language & Composition,H1206.2,7,A2;B5;D3,19,,,
28118,,11,I1204,AP Calculus AB,I1204.2,8,B2;C5;E4,44,,,
28118,,11,ADVHS01,Advisory HS,ADVHS01.4,9,E3,6,,,
28120,,12,L1304,Life Purpose,L1304.1,1,A5;C3;E1,24,,,
28120,,12,OA1322,AP Physics 2,OA1322.1,2,A3;C1;D4,31,,,
28120,,12,OH1306,Art of Fiction Higher Level,OH1306.3,3,B3;D1;E5,23,,,
28120,,12,E1201,Physical Education and Health 12,E1201.4,4,B1;C4;E2,30,,,
28120,,12,G1201,Español & Literatura 12,G1201.4,5,A1;B4;D2,6,,,
28120,,12,OI1303,Financial Math,OI1303.1,6,A4;C2;D5,4,,,
28120,,12,I1204,AP Calculus AB,I1204.1,7,A2;B5;D3,44,,,
28120,,12,J1203,Tech. and Innovation for Social Change,J1203.3,8,B2;C5;E4,22,,,
28120,,12,ADVHS01,Advisory HS,ADVHS01.18,9,E3,31,,,
28121,,11,OB1520,AP Statistics,OB1520.2,1,A5;C3;E1,37,,,
28121,,11,H1206,AP English Language & Composition,H1206.1,2,A3;C1;D4,19,,,
28121,,11,VHS0052,"Spanish Film, Art, and Literature",VHS0052.1,3,B3;D1;E5,25,,,
28121,,11,E1101,Physical Education and Health 11,E1101.6,4,B1;C4;E2,27,,,
28121,,11,OC1305,Painting I,OC1305.4,5,A1;B4;D2,46,,,
28121,,11,A1105,Physics 11,A1105.5,6,A4;C2;D5,41,,,
28121,,11,I1212,AP Macroeconomics,I1212.2,8,B2;C5;E4,34,,,
28121,,11,I1213,AP Microeconomics,I1213.2,8,B2;C5;E4,34,,,
28121,,11,ADVHS01,Advisory HS,ADVHS01.33,9,E3,46,,,
28135,,11,E1101,Physical Education and Health 11,E1101.1,1,A5;C3;E1,27,,,
28135,,11,L1301,AP Psychology,L1301.2,2,A3;C1;D4,33,,,
28135,,11,OH1401,Journalism Intermediate Level,OH1401.1,4,B1;C4;E2,43,,,
28135,,11,G1203,Español & Literatura 11,G1203.2,5,A1;B4;D2,36,,,
28135,,11,OI1305,Calculus,OI1305.3,6,A4;C2;D5,35,,,
28135,,11,A1105,Physics 11,A1105.2,7,A2;B5;D3,31,,,
28135,,11,C0904,Band Level I,C0904.4,8,B2;C5;E4,3,,,
28135,,11,ADVHS01,Advisory HS,ADVHS01.3,9,E3,5,,,
28136,,11,L1301,AP Psychology,L1301.1,1,A5;C3;E1,33,,,
28136,,11,G1202,AP Spanish Literature and Culture,G1202.1,2,A3;C1;D4,6,,,
28136,,11,E1101,Physical Education and Health 11,E1101.3,3,B3;D1;E5,27,,,
28136,,11,OI1305,Calculus,OI1305.4,4,B1;C4;E2,44,,,
28136,,11,A1105,Physics 11,A1105.4,5,A1;B4;D2,41,,,
28136,,11,L1302,Introduction to Law,L1302.1,6,A4;C2;D5,24,,,
28136,,11,H1206,AP English Language & Composition,H1206.2,7,A2;B5;D3,19,,,
28136,,11,C0904,Band Level I,C0904.4,8,B2;C5;E4,3,,,
28136,,11,ADVHS01,Advisory HS,ADVHS01.17,9,E3,29,,,
28137,,11,E1101,Physical Education and Health 11,E1101.1,1,A5;C3;E1,27,,,
28137,,11,L1301,AP Psychology,L1301.2,2,A3;C1;D4,33,,,
28137,,11,I1215,AP 3-D Art and Design,I1215.1,3,B3;D1;E5,5,,,
28137,,11,A1105,Physics 11,A1105.3,4,B1;C4;E2,41,,,
28137,,11,OH1401,Journalism Intermediate Level,OH1401.2,5,A1;B4;D2,43,,,
28137,,11,OI1003,Algebra II,OI1003.3,6,A4;C2;D5,8,,,
28137,,11,G1203,Español & Literatura 11,G1203.1,7,A2;B5;D3,36,,,
28137,,11,ADVHS01,Advisory HS,ADVHS01.28,9,E3,42,,,
28139,,11,G1203,Español & Literatura 11,G1203.3,2,A3;C1;D4,36,,,
28139,,11,OJ1203,Entrepreneurship Business Technology,OJ1203.2,3,B3;D1;E5,22,,,
28139,,11,A1105,Physics 11,A1105.3,4,B1;C4;E2,41,,,
28139,,11,OH1401,Journalism Intermediate Level,OH1401.2,5,A1;B4;D2,43,,,
28139,,11,OI1003,Algebra II,OI1003.3,6,A4;C2;D5,8,,,
28139,,11,L1304,Life Purpose,L1304.4,7,A2;B5;D3,33,,,
28139,,11,E1101,Physical Education and Health 11,E1101.2,8,B2;C5;E4,27,,,
28139,,11,ADVHS01,Advisory HS,ADVHS01.30,9,E3,15,,,
28140,,11,OI1003,Algebra II,OI1003.5,2,A3;C1;D4,8,,,
28140,,11,E1101,Physical Education and Health 11,E1101.3,3,B3;D1;E5,27,,,
28140,,11,A1105,Physics 11,A1105.3,4,B1;C4;E2,41,,,
28140,,11,L1304,Life Purpose,L1304.2,5,A1;B4;D2,24,,,
28140,,11,OH1305,Art of Fiction Intermediate Level,OH1305.1,6,A4;C2;D5,23,,,
28140,,11,C0904,Band Level I,C0904.2,7,A2;B5;D3,3,,,
28140,,11,G1203,Español & Literatura 11,G1203.4,8,B2;C5;E4,36,,,
28140,,11,ADVHS01,Advisory HS,ADVHS01.31,9,E3,44,,,
28142,,11,I1212,AP Macroeconomics,I1212.4,2,A3;C1;D4,34,,,
28142,,11,I1213,AP Microeconomics,I1213.4,2,A3;C1;D4,34,,,
28142,,11,VHS0052,"Spanish Film, Art, and Literature",VHS0052.1,3,B3;D1;E5,25,,,
28142,,11,E1101,Physical Education and Health 11,E1101.6,4,B1;C4;E2,27,,,
28142,,11,A1105,Physics 11,A1105.4,5,A1;B4;D2,41,,,
28142,,11,OH1305,Art of Fiction Intermediate Level,OH1305.3,7,A2;B5;D3,40,,,
28142,,11,OI1305,Calculus,OI1305.1,8,B2;C5;E4,35,,,
28142,,11,ADVHS01,Advisory HS,ADVHS01.11,9,E3,22,,,
28144,,10,B1001,Social Sciences 10,B1001.7,1,A5;C3;E1,26,,,
28144,,10,I1211,AP Precalculus,I1211.1,2,A3;C1;D4,4,,,
28144,,10,VHS0052,"Spanish Film, Art, and Literature",VHS0052.1,3,B3;D1;E5,25,,,
28144,,10,E1001,Physical Education and Health 10,E1001.2,4,B1;C4;E2,12,,,
28144,,10,H1001,English 10,H1001.1,6,A4;C2;D5,29,,,
28144,,10,A1006,Chemistry 10,A1006.2,7,A2;B5;D3,7,,,
28144,,10,B1006,Cultural Studies,B1006.2,8,B2;C5;E4,32,,,
28144,,10,ADVHS01,Advisory HS,ADVHS01.10,9,E3,21,,,
28146,,11,OC1305,Painting I,OC1305.3,1,A5;C3;E1,5,,,
28146,,11,G1202,AP Spanish Literature and Culture,G1202.1,2,A3;C1;D4,6,,,
28146,,11,L1301,AP Psychology,L1301.3,4,B1;C4;E2,33,,,
28146,,11,E1101,Physical Education and Health 11,E1101.4,5,A1;B4;D2,27,,,
28146,,11,OA1304,AP Biology,OA1304.1,6,A4;C2;D5,7,,,
28146,,11,I1204,AP Calculus AB,I1204.1,7,A2;B5;D3,44,,,
28146,,11,OA1319,AP Physics 1,OA1319.2,8,B2;C5;E4,31,,,
28146,,11,ADVHS01,Advisory HS,ADVHS01.8,9,E3,19,,,
28147,,11,L1301,AP Psychology,L1301.1,1,A5;C3;E1,33,,,
28147,,11,OI1003,Algebra II,OI1003.5,2,A3;C1;D4,8,,,
28147,,11,I1215,AP 3-D Art and Design,I1215.1,3,B3;D1;E5,5,,,
28147,,11,OH1401,Journalism Intermediate Level,OH1401.1,4,B1;C4;E2,43,,,
28147,,11,A1105,Physics 11,A1105.4,5,A1;B4;D2,41,,,
28147,,11,E1101,Physical Education and Health 11,E1101.5,6,A4;C2;D5,27,,,
28147,,11,G1203,Español & Literatura 11,G1203.1,7,A2;B5;D3,36,,,
28147,,11,OC1310,Painting II,OC1310.1,8,B2;C5;E4,46,,,
28147,,11,ADVHS01,Advisory HS,ADVHS01.32,9,E3,45,,,
28157,,11,OA1319,AP Physics 1,OA1319.1,1,A5;C3;E1,31,,,
28157,,11,G1203,Español & Literatura 11,G1203.3,2,A3;C1;D4,36,,,
28157,,11,E1101,Physical Education and Health 11,E1101.6,4,B1;C4;E2,27,,,
28157,,11,I1214,AP Seminar,I1214.1,5,A1;B4;D2,19,,,
28157,,11,L1304,Life Purpose,L1304.3,6,A4;C2;D5,33,,,
28157,,11,I1204,AP Calculus AB,I1204.2,8,B2;C5;E4,44,,,
28157,,11,ADVHS01,Advisory HS,ADVHS01.33,9,E3,46,,,
28158,,11,E1101,Physical Education and Health 11,E1101.1,1,A5;C3;E1,27,,,
28158,,11,G1203,Español & Literatura 11,G1203.3,2,A3;C1;D4,36,,,
28158,,11,OB1520,AP Statistics,OB1520.1,3,B3;D1;E5,37,,,
28158,,11,I1212,AP Macroeconomics,I1212.1,4,B1;C4;E2,34,,,
28158,,11,I1213,AP Microeconomics,I1213.1,4,B1;C4;E2,34,,,
28158,,11,OH1305,Art of Fiction Intermediate Level,OH1305.1,6,A4;C2;D5,23,,,
28158,,11,I1204,AP Calculus AB,I1204.1,7,A2;B5;D3,44,,,
28158,,11,OA1319,AP Physics 1,OA1319.2,8,B2;C5;E4,31,,,
28158,,11,ADVHS01,Advisory HS,ADVHS01.5,9,E3,7,,,
28159,,11,L1304,Life Purpose,L1304.1,1,A5;C3;E1,24,,,
28159,,11,I1212,AP Macroeconomics,I1212.4,2,A3;C1;D4,34,,,
28159,,11,I1213,AP Microeconomics,I1213.4,2,A3;C1;D4,34,,,
28159,,11,E1101,Physical Education and Health 11,E1101.3,3,B3;D1;E5,27,,,
28159,,11,OH1401,Journalism Intermediate Level,OH1401.1,4,B1;C4;E2,43,,,
28159,,11,G1203,Español & Literatura 11,G1203.2,5,A1;B4;D2,36,,,
28159,,11,I1204,AP Calculus AB,I1204.1,7,A2;B5;D3,44,,,
28159,,11,OA1319,AP Physics 1,OA1319.2,8,B2;C5;E4,31,,,
28159,,11,ADVHS01,Advisory HS,ADVHS01.10,9,E3,21,,,
28160,,10,H1001,English 10,H1001.2,1,A5;C3;E1,43,,,
28160,,10,E1001,Physical Education and Health 10,E1001.6,3,B3;D1;E5,12,,,
28160,,10,A1006,Chemistry 10,A1006.1,4,B1;C4;E2,7,,,
28160,,10,G1004,AP Spanish Language and Culture,G1004.1,5,A1;B4;D2,47,,,
28160,,10,B1001,Social Sciences 10,B1001.6,6,A4;C2;D5,26,,,
28160,,10,I1003,Geometry,I1003.2,7,A2;B5;D3,35,,,
28160,,10,B1006,Cultural Studies,B1006.2,8,B2;C5;E4,32,,,
28160,,10,ADVHS01,Advisory HS,ADVHS01.11,9,E3,22,,,
28161,,11,OI1305,Calculus,OI1305.2,1,A5;C3;E1,35,,,
28161,,11,OJ1203,Entrepreneurship Business Technology,OJ1203.1,2,A3;C1;D4,22,,,
28161,,11,I1212,AP Macroeconomics,I1212.3,3,B3;D1;E5,34,,,
28161,,11,I1213,AP Microeconomics,I1213.3,3,B3;D1;E5,34,,,
28161,,11,E1101,Physical Education and Health 11,E1101.6,4,B1;C4;E2,27,,,
28161,,11,VHS0052,"Spanish Film, Art, and Literature",VHS0052.2,5,A1;B4;D2,25,,,
28161,,11,OH1305,Art of Fiction Intermediate Level,OH1305.1,6,A4;C2;D5,23,,,
28161,,11,OC1305,Painting I,OC1305.1,7,A2;B5;D3,5,,,
28161,,11,OA1319,AP Physics 1,OA1319.2,8,B2;C5;E4,31,,,
28161,,11,ADVHS01,Advisory HS,ADVHS01.34,9,E3,47,,,
28162,,11,OB1520,AP Statistics,OB1520.2,1,A5;C3;E1,37,,,
28162,,11,I1212,AP Macroeconomics,I1212.4,2,A3;C1;D4,34,,,
28162,,11,I1213,AP Microeconomics,I1213.4,2,A3;C1;D4,34,,,
28162,,11,OH1401,Journalism Intermediate Level,OH1401.1,4,B1;C4;E2,43,,,
28162,,11,A1105,Physics 11,A1105.4,5,A1;B4;D2,41,,,
28162,,11,OI1003,Algebra II,OI1003.3,6,A4;C2;D5,8,,,
28162,,11,G1203,Español & Literatura 11,G1203.1,7,A2;B5;D3,36,,,
28162,,11,E1101,Physical Education and Health 11,E1101.2,8,B2;C5;E4,27,,,
28162,,11,ADVHS01,Advisory HS,ADVHS01.6,9,E3,8,,,
28163,,11,L1304,Life Purpose,L1304.1,1,A5;C3;E1,24,,,
28163,,11,G1203,Español & Literatura 11,G1203.3,2,A3;C1;D4,36,,,
28163,,11,E1101,Physical Education and Health 11,E1101.3,3,B3;D1;E5,27,,,
28163,,11,OI1003,Algebra II,OI1003.6,4,B1;C4;E2,8,,,
28163,,11,OH1401,Journalism Intermediate Level,OH1401.2,5,A1;B4;D2,43,,,
28163,,11,A1105,Physics 11,A1105.5,6,A4;C2;D5,41,,,
28163,,11,I1212,AP Macroeconomics,I1212.2,8,B2;C5;E4,34,,,
28163,,11,I1213,AP Microeconomics,I1213.2,8,B2;C5;E4,34,,,
28163,,11,ADVHS01,Advisory HS,ADVHS01.7,9,E3,13,,,
28164,,11,I1214,AP Seminar,I1214.2,1,A5;C3;E1,19,,,
28164,,11,L1301,AP Psychology,L1301.2,2,A3;C1;D4,33,,,
28164,,11,I1212,AP Macroeconomics,I1212.3,3,B3;D1;E5,34,,,
28164,,11,I1213,AP Microeconomics,I1213.3,3,B3;D1;E5,34,,,
28164,,11,OI1003,Algebra II,OI1003.6,4,B1;C4;E2,8,,,
28164,,11,A1105,Physics 11,A1105.4,5,A1;B4;D2,41,,,
28164,,11,E1101,Physical Education and Health 11,E1101.5,6,A4;C2;D5,27,,,
28164,,11,OC1310,Painting II,OC1310.2,7,A2;B5;D3,46,,,
28164,,11,G1203,Español & Literatura 11,G1203.4,8,B2;C5;E4,36,,,
28164,,11,ADVHS01,Advisory HS,ADVHS01.3,9,E3,5,,,
28165,,11,OI1003,Algebra II,OI1003.4,1,A5;C3;E1,8,,,
28165,,11,L1301,AP Psychology,L1301.2,2,A3;C1;D4,33,,,
28165,,11,I1215,AP 3-D Art and Design,I1215.1,3,B3;D1;E5,5,,,
28165,,11,OH1401,Journalism Intermediate Level,OH1401.1,4,B1;C4;E2,43,,,
28165,,11,G1203,Español & Literatura 11,G1203.2,5,A1;B4;D2,36,,,
28165,,11,E1101,Physical Education and Health 11,E1101.5,6,A4;C2;D5,27,,,
28165,,11,A1105,Physics 11,A1105.2,7,A2;B5;D3,31,,,
28165,,11,ADVHS01,Advisory HS,ADVHS01.29,9,E3,43,,,
28166,,11,OC1307,Drawing I,OC1307.1,1,A5;C3;E1,46,,,
28166,,11,I1212,AP Macroeconomics,I1212.4,2,A3;C1;D4,34,,,
28166,,11,I1213,AP Microeconomics,I1213.4,2,A3;C1;D4,34,,,
28166,,11,VHS0052,"Spanish Film, Art, and Literature",VHS0052.1,3,B3;D1;E5,25,,,
28166,,11,E1101,Physical Education and Health 11,E1101.6,4,B1;C4;E2,27,,,
28166,,11,I1214,AP Seminar,I1214.1,5,A1;B4;D2,19,,,
28166,,11,A1105,Physics 11,A1105.2,7,A2;B5;D3,31,,,
28166,,11,I1204,AP Calculus AB,I1204.2,8,B2;C5;E4,44,,,
28166,,11,ADVHS01,Advisory HS,ADVHS01.35,9,E3,48,,,
28168,,11,I1214,AP Seminar,I1214.2,1,A5;C3;E1,19,,,
28168,,11,I1212,AP Macroeconomics,I1212.4,2,A3;C1;D4,34,,,
28168,,11,I1213,AP Microeconomics,I1213.4,2,A3;C1;D4,34,,,
28168,,11,OI1003,Algebra II,OI1003.6,4,B1;C4;E2,8,,,
28168,,11,E1101,Physical Education and Health 11,E1101.4,5,A1;B4;D2,27,,,
28168,,11,OA1319,AP Physics 1,OA1319.2,8,B2;C5;E4,31,,,
28168,,11,ADVHS01,Advisory HS,ADVHS01.34,9,E3,47,,,
28169,,11,L1304,Life Purpose,L1304.1,1,A5;C3;E1,24,,,
28169,,11,G1202,AP Spanish Literature and Culture,G1202.1,2,A3;C1;D4,6,,,
28169,,11,OI1003,Algebra II,OI1003.6,4,B1;C4;E2,8,,,
28169,,11,E1101,Physical Education and Health 11,E1101.4,5,A1;B4;D2,27,,,
28169,,11,A1105,Physics 11,A1105.5,6,A4;C2;D5,41,,,
28169,,11,OH1305,Art of Fiction Intermediate Level,OH1305.3,7,A2;B5;D3,40,,,
28169,,11,ADVHS01,Advisory HS,ADVHS01.35,9,E3,48,,,
28170,,11,OI1003,Algebra II,OI1003.4,1,A5;C3;E1,8,,,
28170,,11,OH1305,Art of Fiction Intermediate Level,OH1305.2,2,A3;C1;D4,40,,,
28170,,11,OJ1203,Entrepreneurship Business Technology,OJ1203.2,3,B3;D1;E5,22,,,
28170,,11,E1101,Physical Education and Health 11,E1101.6,4,B1;C4;E2,27,,,
28170,,11,G1203,Español & Literatura 11,G1203.2,5,A1;B4;D2,36,,,
28170,,11,A1105,Physics 11,A1105.5,6,A4;C2;D5,41,,,
28170,,11,L1304,Life Purpose,L1304.4,7,A2;B5;D3,33,,,
28170,,11,ADVHS01,Advisory HS,ADVHS01.36,9,E3,49,,,
28171,,11,OA1319,AP Physics 1,OA1319.1,1,A5;C3;E1,31,,,
28171,,11,I1211,AP Precalculus,I1211.1,2,A3;C1;D4,4,,,
28171,,11,E1101,Physical Education and Health 11,E1101.3,3,B3;D1;E5,27,,,
28171,,11,I1212,AP Macroeconomics,I1212.1,4,B1;C4;E2,34,,,
28171,,11,I1213,AP Microeconomics,I1213.1,4,B1;C4;E2,34,,,
28171,,11,OA1304,AP Biology,OA1304.1,6,A4;C2;D5,7,,,
28171,,11,H1206,AP English Language & Composition,H1206.2,7,A2;B5;D3,19,,,
28171,,11,G1203,Español & Literatura 11,G1203.4,8,B2;C5;E4,36,,,
28171,,11,ADVHS01,Advisory HS,ADVHS01.36,9,E3,49,,,
28173,,11,OJ1203,Entrepreneurship Business Technology,OJ1203.1,2,A3;C1;D4,22,,,
28173,,11,VHS0052,"Spanish Film, Art, and Literature",VHS0052.1,3,B3;D1;E5,25,,,
28173,,11,I1212,AP Macroeconomics,I1212.1,4,B1;C4;E2,34,,,
28173,,11,I1213,AP Microeconomics,I1213.1,4,B1;C4;E2,34,,,
28173,,11,E1101,Physical Education and Health 11,E1101.4,5,A1;B4;D2,27,,,
28173,,11,OH1305,Art of Fiction Intermediate Level,OH1305.1,6,A4;C2;D5,23,,,
28173,,11,OI1003,Algebra II,OI1003.1,7,A2;B5;D3,4,,,
28173,,11,OA1319,AP Physics 1,OA1319.2,8,B2;C5;E4,31,,,
28173,,11,ADVHS01,Advisory HS,ADVHS01.18,9,E3,31,,,
28174,,11,H1201B,AP English Literature and Composition,H1201B.2,0,,23,,,
28174,,11,L1301,AP Psychology,L1301.1,1,A5;C3;E1,33,,,
28174,,11,OI1003,Algebra II,OI1003.5,2,A3;C1;D4,8,,,
28174,,11,OJ1203,Entrepreneurship Business Technology,OJ1203.2,3,B3;D1;E5,22,,,
28174,,11,A1105,Physics 11,A1105.4,5,A1;B4;D2,41,,,
28174,,11,C0904,Band Level I,C0904.2,7,A2;B5;D3,3,,,
28174,,11,E1101,Physical Education and Health 11,E1101.2,8,B2;C5;E4,27,,,
28174,,11,ADVHS01,Advisory HS,ADVHS01.9,9,E3,20,,,
28175,,11,OB1520,AP Statistics,OB1520.2,1,A5;C3;E1,37,,,
28175,,11,B1001,Social Sciences 10,B1001.3,2,A3;C1;D4,26,,,
28175,,11,E1101,Physical Education and Health 11,E1101.6,4,B1;C4;E2,27,,,
28175,,11,I1214,AP Seminar,I1214.1,5,A1;B4;D2,19,,,
28175,,11,L1304,Life Purpose,L1304.3,6,A4;C2;D5,33,,,
28175,,11,OA1319,AP Physics 1,OA1319.2,8,B2;C5;E4,31,,,
28175,,11,ADVHS01,Advisory HS,ADVHS01.1,9,E3,3,,,
28176,,11,E1101,Physical Education and Health 11,E1101.1,1,A5;C3;E1,27,,,
28176,,11,OH1305,Art of Fiction Intermediate Level,OH1305.2,2,A3;C1;D4,40,,,
28176,,11,A1105,Physics 11,A1105.1,3,B3;D1;E5,7,,,
28176,,11,OA1317,AP Chemistry,OA1317.1,4,B1;C4;E2,38,,,
28176,,11,VHS0052,"Spanish Film, Art, and Literature",VHS0052.2,5,A1;B4;D2,25,,,
28176,,11,OC1305,Painting I,OC1305.2,6,A4;C2;D5,5,,,
28176,,11,I1204,AP Calculus AB,I1204.1,7,A2;B5;D3,44,,,
28176,,11,I1212,AP Macroeconomics,I1212.2,8,B2;C5;E4,34,,,
28176,,11,I1213,AP Microeconomics,I1213.2,8,B2;C5;E4,34,,,
28176,,11,ADVHS01,Advisory HS,ADVHS01.4,9,E3,6,,,
28177,,11,I1212,AP Macroeconomics,I1212.4,2,A3;C1;D4,34,,,
28177,,11,I1213,AP Microeconomics,I1213.4,2,A3;C1;D4,34,,,
28177,,11,VHS0052,"Spanish Film, Art, and Literature",VHS0052.1,3,B3;D1;E5,25,,,
28177,,11,OA1317,AP Chemistry,OA1317.1,4,B1;C4;E2,38,,,
28177,,11,E1101,Physical Education and Health 11,E1101.4,5,A1;B4;D2,27,,,
28177,,11,OH1305,Art of Fiction Intermediate Level,OH1305.1,6,A4;C2;D5,23,,,
28177,,11,I1204,AP Calculus AB,I1204.1,7,A2;B5;D3,44,,,
28177,,11,OA1319,AP Physics 1,OA1319.2,8,B2;C5;E4,31,,,
28177,,11,ADVHS01,Advisory HS,ADVHS01.5,9,E3,7,,,
28178,,11,H1201B,AP English Literature and Composition,H1201B.2,0,,23,,,
28178,,11,OA1319,AP Physics 1,OA1319.1,1,A5;C3;E1,31,,,
28178,,11,I1212,AP Macroeconomics,I1212.4,2,A3;C1;D4,34,,,
28178,,11,I1213,AP Microeconomics,I1213.4,2,A3;C1;D4,34,,,
28178,,11,VHS0052,"Spanish Film, Art, and Literature",VHS0052.1,3,B3;D1;E5,25,,,
28178,,11,L1304,Life Purpose,L1304.2,5,A1;B4;D2,24,,,
28178,,11,E1101,Physical Education and Health 11,E1101.5,6,A4;C2;D5,27,,,
28178,,11,I1204,AP Calculus AB,I1204.2,8,B2;C5;E4,44,,,
28178,,11,ADVHS01,Advisory HS,ADVHS01.8,9,E3,19,,,
28181,,11,E1101,Physical Education and Health 11,E1101.1,1,A5;C3;E1,27,,,
28181,,11,OH1305,Art of Fiction Intermediate Level,OH1305.2,2,A3;C1;D4,40,,,
28181,,11,OI1003,Algebra II,OI1003.6,4,B1;C4;E2,8,,,
28181,,11,A1105,Physics 11,A1105.5,6,A4;C2;D5,41,,,
28181,,11,G1203,Español & Literatura 11,G1203.1,7,A2;B5;D3,36,,,
28181,,11,I1212,AP Macroeconomics,I1212.2,8,B2;C5;E4,34,,,
28181,,11,I1213,AP Microeconomics,I1213.2,8,B2;C5;E4,34,,,
28181,,11,ADVHS01,Advisory HS,ADVHS01.19,9,E3,32,,,
29001,,10,G1004,AP Spanish Language and Culture,G1004.5,1,A5;C3;E1,47,,,
29001,,10,E1001,Physical Education and Health 10,E1001.5,2,A3;C1;D4,12,,,
29001,,10,A1006,Chemistry 10,A1006.5,3,B3;D1;E5,38,,,
29001,,10,OI1003,Algebra II,OI1003.6,4,B1;C4;E2,8,,,
29001,,10,B1001,Social Sciences 10,B1001.5,5,A1;B4;D2,26,,,
29001,,10,H1206,AP English Language & Composition,H1206.2,7,A2;B5;D3,19,,,
29001,,10,OZ1323,AP Human Geography,OZ1323.4,8,B2;C5;E4,45,,,
29001,,10,ADVHS01,Advisory HS,ADVHS01.12,9,E3,23,,,
29002,,10,E1001,Physical Education and Health 10,E1001.1,1,A5;C3;E1,12,,,
29002,,10,B1001,Social Sciences 10,B1001.4,3,B3;D1;E5,26,,,
29002,,10,I1214,AP Seminar,I1214.3,4,B1;C4;E2,19,,,
29002,,10,OI1003,Algebra II,OI1003.2,5,A1;B4;D2,8,,,
29002,,10,A1006,Chemistry 10,A1006.7,6,A4;C2;D5,38,,,
29002,,10,OZ1323,AP Human Geography,OZ1323.5,7,A2;B5;D3,45,,,
29002,,10,G1004,AP Spanish Language and Culture,G1004.4,8,B2;C5;E4,47,,,
29002,,10,ADVHS01,Advisory HS,ADVHS01.29,9,E3,43,,,
29003,,10,H1001,English 10,H1001.2,1,A5;C3;E1,43,,,
29003,,10,OI1003,Algebra II,OI1003.5,2,A3;C1;D4,8,,,
29003,,10,E1001,Physical Education and Health 10,E1001.6,3,B3;D1;E5,12,,,
29003,,10,I1003,Geometry,I1003.1,4,B1;C4;E2,35,,,
29003,,10,A1006,Chemistry 10,A1006.6,5,A1;B4;D2,38,,,
29003,,10,B1001,Social Sciences 10,B1001.6,6,A4;C2;D5,26,,,
29003,,10,G1004,AP Spanish Language and Culture,G1004.2,7,A2;B5;D3,47,,,
29003,,10,OZ1323,AP Human Geography,OZ1323.4,8,B2;C5;E4,45,,,
29003,,10,ADVHS01,Advisory HS,ADVHS01.13,9,E3,24,,,
29004,,10,I1214,AP Seminar,I1214.2,1,A5;C3;E1,19,,,
29004,,10,A1006,Chemistry 10,A1006.4,2,A3;C1;D4,38,,,
29004,,10,B1001,Social Sciences 10,B1001.4,3,B3;D1;E5,26,,,
29004,,10,B1006,Cultural Studies,B1006.1,4,B1;C4;E2,32,,,
29004,,10,OI1003,Algebra II,OI1003.2,5,A1;B4;D2,8,,,
29004,,10,E1001,Physical Education and Health 10,E1001.3,7,A2;B5;D3,12,,,
29004,,10,G1004,AP Spanish Language and Culture,G1004.4,8,B2;C5;E4,47,,,
29004,,10,ADVHS01,Advisory HS,ADVHS01.13,9,E3,24,,,
29007,,10,B1001,Social Sciences 10,B1001.7,1,A5;C3;E1,26,,,
29007,,10,G1004,AP Spanish Language and Culture,G1004.3,2,A3;C1;D4,47,,,
29007,,10,H1001,English 10,H1001.4,3,B3;D1;E5,15,,,
29007,,10,A1006,Chemistry 10,A1006.1,4,B1;C4;E2,7,,,
29007,,10,OZ1323,AP Human Geography,OZ1323.1,5,A1;B4;D2,45,,,
29007,,10,OC1305,Painting I,OC1305.2,6,A4;C2;D5,5,,,
29007,,10,E1001,Physical Education and Health 10,E1001.3,7,A2;B5;D3,12,,,
29007,,10,I1003,Geometry,I1003.3,8,B2;C5;E4,42,,,
29007,,10,ADVHS01,Advisory HS,ADVHS01.3,9,E3,5,,,
29008,,10,B1001,Social Sciences 10,B1001.7,1,A5;C3;E1,26,,,
29008,,10,E1001,Physical Education and Health 10,E1001.6,3,B3;D1;E5,12,,,
29008,,10,I1214,AP Seminar,I1214.3,4,B1;C4;E2,19,,,
29008,,10,A1006,Chemistry 10,A1006.6,5,A1;B4;D2,38,,,
29008,,10,OI1003,Algebra II,OI1003.3,6,A4;C2;D5,8,,,
29008,,10,G1004,AP Spanish Language and Culture,G1004.2,7,A2;B5;D3,47,,,
29008,,10,B1006,Cultural Studies,B1006.2,8,B2;C5;E4,32,,,
29008,,10,ADVHS01,Advisory HS,ADVHS01.14,9,E3,25,,,
29010,,10,I1211,AP Precalculus,I1211.1,2,A3;C1;D4,4,,,
29010,,10,B1001,Social Sciences 10,B1001.4,3,B3;D1;E5,26,,,
29010,,10,B1006,Cultural Studies,B1006.1,4,B1;C4;E2,32,,,
29010,,10,I1214,AP Seminar,I1214.1,5,A1;B4;D2,19,,,
29010,,10,A1006,Chemistry 10,A1006.7,6,A4;C2;D5,38,,,
29010,,10,G1004,AP Spanish Language and Culture,G1004.2,7,A2;B5;D3,47,,,
29010,,10,E1001,Physical Education and Health 10,E1001.4,8,B2;C5;E4,12,,,
29010,,10,ADVHS01,Advisory HS,ADVHS01.15,9,E3,26,,,
29011,,10,I1214,AP Seminar,I1214.2,1,A5;C3;E1,19,,,
29011,,10,OI1003,Algebra II,OI1003.5,2,A3;C1;D4,8,,,
29011,,10,B1001,Social Sciences 10,B1001.4,3,B3;D1;E5,26,,,
29011,,10,E1001,Physical Education and Health 10,E1001.2,4,B1;C4;E2,12,,,
29011,,10,G1004,AP Spanish Language and Culture,G1004.6,6,A4;C2;D5,48,,,
29011,,10,OZ1323,AP Human Geography,OZ1323.5,7,A2;B5;D3,45,,,
29011,,10,A1006,Chemistry 10,A1006.3,8,B2;C5;E4,7,,,
29011,,10,ADVHS01,Advisory HS,ADVHS01.16,9,E3,28,,,
29012,,10,OI1003,Algebra II,OI1003.4,1,A5;C3;E1,8,,,
29012,,10,G1004,AP Spanish Language and Culture,G1004.3,2,A3;C1;D4,47,,,
29012,,10,A1006,Chemistry 10,A1006.1,4,B1;C4;E2,7,,,
29012,,10,OZ1323,AP Human Geography,OZ1323.1,5,A1;B4;D2,45,,,
29012,,10,B1001,Social Sciences 10,B1001.6,6,A4;C2;D5,26,,,
29012,,10,H1001,English 10,H1001.3,7,A2;B5;D3,15,,,
29012,,10,E1001,Physical Education and Health 10,E1001.4,8,B2;C5;E4,12,,,
29012,,10,ADVHS01,Advisory HS,ADVHS01.17,9,E3,29,,,
29014,,9,J0901,Technology 9,J0901.3,1,A5;C3;E1,21,,,
29014,,9,OC1306,Sculpture I,OC1306.1,2,A3;C1;D4,5,,,
29014,,9,A0901,Biology 9,A0901.3,3,B3;D1;E5,49,,,
29014,,9,B0901,Social Studies 9,B0901.6,4,B1;C4;E2,40,,,
29014,,9,E0901,Physical Education and Health 9,E0901.3,5,A1;B4;D2,9,,,
29014,,9,G0901,Español & Literatura 9,G0901.3,6,A4;C2;D5,28,,,
29014,,9,I0903,Algebra I 9,I0903.2,7,A2;B5;D3,37,,,
29014,,9,H0904,English 9,H0904.1,8,B2;C5;E4,29,,,
29014,,9,ADVHS01,Advisory HS,ADVHS01.13,9,E3,24,,,
29015,,10,E1001,Physical Education and Health 10,E1001.1,1,A5;C3;E1,12,,,
29015,,10,B1001,Social Sciences 10,B1001.3,2,A3;C1;D4,26,,,
29015,,10,H1001,English 10,H1001.4,3,B3;D1;E5,15,,,
29015,,10,G1004,AP Spanish Language and Culture,G1004.7,4,B1;C4;E2,48,,,
29015,,10,OC1305,Painting I,OC1305.4,5,A1;B4;D2,46,,,
29015,,10,OZ1323,AP Human Geography,OZ1323.2,6,A4;C2;D5,45,,,
29015,,10,A1006,Chemistry 10,A1006.2,7,A2;B5;D3,7,,,
29015,,10,I1003,Geometry,I1003.3,8,B2;C5;E4,42,,,
29015,,10,ADVHS01,Advisory HS,ADVHS01.18,9,E3,31,,,
29016,,10,B1001,Social Sciences 10,B1001.7,1,A5;C3;E1,26,,,
29016,,10,A1006,Chemistry 10,A1006.4,2,A3;C1;D4,38,,,
29016,,10,I1211,AP Precalculus,I1211.2,4,B1;C4;E2,4,,,
29016,,10,G1004,AP Spanish Language and Culture,G1004.1,5,A1;B4;D2,47,,,
29016,,10,H1001,English 10,H1001.1,6,A4;C2;D5,29,,,
29016,,10,E1001,Physical Education and Health 10,E1001.3,7,A2;B5;D3,12,,,
29016,,10,OZ1323,AP Human Geography,OZ1323.4,8,B2;C5;E4,45,,,
29016,,10,ADVHS01,Advisory HS,ADVHS01.19,9,E3,32,,,
29017,,9,E0901,Physical Education and Health 9,E0901.1,1,A5;C3;E1,9,,,
29017,,9,C0904,Band Level I,C0904.3,2,A3;C1;D4,3,,,
29017,,9,H0904,English 9,H0904.2,3,B3;D1;E5,29,,,
29017,,9,J0901,Technology 9,J0901.1,4,B1;C4;E2,21,,,
29017,,9,G0901,Español & Literatura 9,G0901.5,5,A1;B4;D2,48,,,
29017,,9,A0901,Biology 9,A0901.6,6,A4;C2;D5,49,,,
29017,,9,B0901,Social Studies 9,B0901.3,7,A2;B5;D3,32,,,
29017,,9,I1003,Geometry,I1003.3,8,B2;C5;E4,42,,,
29017,,9,ADVHS01,Advisory HS,ADVHS01.14,9,E3,25,,,
29018,,10,I1003,Geometry,I1003.7,1,A5;C3;E1,42,,,
29018,,10,E1001,Physical Education and Health 10,E1001.5,2,A3;C1;D4,12,,,
29018,,10,A1006,Chemistry 10,A1006.5,3,B3;D1;E5,38,,,
29018,,10,I1214,AP Seminar,I1214.3,4,B1;C4;E2,19,,,
29018,,10,B1001,Social Sciences 10,B1001.5,5,A1;B4;D2,26,,,
29018,,10,OZ1207,Anatomy and Physiology,OZ1207.1,6,A4;C2;D5,13,,,
29018,,10,OZ1323,AP Human Geography,OZ1323.5,7,A2;B5;D3,45,,,
29018,,10,G1004,AP Spanish Language and Culture,G1004.4,8,B2;C5;E4,47,,,
29018,,10,ADVHS01,Advisory HS,ADVHS01.2,9,E3,4,,,
29019,,10,H1001,English 10,H1001.2,1,A5;C3;E1,43,,,
29019,,10,G1004,AP Spanish Language and Culture,G1004.3,2,A3;C1;D4,47,,,
29019,,10,E1001,Physical Education and Health 10,E1001.6,3,B3;D1;E5,12,,,
29019,,10,OZ1323,AP Human Geography,OZ1323.3,4,B1;C4;E2,45,,,
29019,,10,A1006,Chemistry 10,A1006.6,5,A1;B4;D2,38,,,
29019,,10,OJ1204,Creative Design,OJ1204.1,6,A4;C2;D5,21,,,
29019,,10,OI1003,Algebra II,OI1003.1,7,A2;B5;D3,4,,,
29019,,10,B1001,Social Sciences 10,B1001.2,8,B2;C5;E4,25,,,
29019,,10,ADVHS01,Advisory HS,ADVHS01.20,9,E3,33,,,
29020,,10,I1003,Geometry,I1003.7,1,A5;C3;E1,42,,,
29020,,10,E1001,Physical Education and Health 10,E1001.5,2,A3;C1;D4,12,,,
29020,,10,B1006,Cultural Studies,B1006.1,4,B1;C4;E2,32,,,
29020,,10,G1004,AP Spanish Language and Culture,G1004.1,5,A1;B4;D2,47,,,
29020,,10,H1001,English 10,H1001.1,6,A4;C2;D5,29,,,
29020,,10,A1006,Chemistry 10,A1006.2,7,A2;B5;D3,7,,,
29020,,10,B1001,Social Sciences 10,B1001.2,8,B2;C5;E4,25,,,
29020,,10,ADVHS01,Advisory HS,ADVHS01.30,9,E3,15,,,
29021,,10,E1001,Physical Education and Health 10,E1001.1,1,A5;C3;E1,12,,,
29021,,10,B1001,Social Sciences 10,B1001.3,2,A3;C1;D4,26,,,
29021,,10,OI1003,Algebra II,OI1003.6,4,B1;C4;E2,8,,,
29021,,10,G1004,AP Spanish Language and Culture,G1004.1,5,A1;B4;D2,47,,,
29021,,10,A1006,Chemistry 10,A1006.7,6,A4;C2;D5,38,,,
29021,,10,H1001,English 10,H1001.3,7,A2;B5;D3,15,,,
29021,,10,B1006,Cultural Studies,B1006.2,8,B2;C5;E4,32,,,
29021,,10,ADVHS01,Advisory HS,ADVHS01.21,9,E3,34,,,
29022,,10,B1001,Social Sciences 10,B1001.7,1,A5;C3;E1,26,,,
29022,,10,A1006,Chemistry 10,A1006.4,2,A3;C1;D4,38,,,
29022,,10,E1001,Physical Education and Health 10,E1001.6,3,B3;D1;E5,12,,,
29022,,10,B1006,Cultural Studies,B1006.1,4,B1;C4;E2,32,,,
29022,,10,H1001,English 10,H1001.1,6,A4;C2;D5,29,,,
29022,,10,OI1003,Algebra II,OI1003.1,7,A2;B5;D3,4,,,
29022,,10,G1004,AP Spanish Language and Culture,G1004.4,8,B2;C5;E4,47,,,
29022,,10,ADVHS01,Advisory HS,ADVHS01.5,9,E3,7,,,
29023,,10,G1004,AP Spanish Language and Culture,G1004.5,1,A5;C3;E1,47,,,
29023,,10,H1001,English 10,H1001.4,3,B3;D1;E5,15,,,
29023,,10,E1001,Physical Education and Health 10,E1001.2,4,B1;C4;E2,12,,,
29023,,10,OZ1323,AP Human Geography,OZ1323.1,5,A1;B4;D2,45,,,
29023,,10,OI1003,Algebra II,OI1003.3,6,A4;C2;D5,8,,,
29023,,10,A1006,Chemistry 10,A1006.2,7,A2;B5;D3,7,,,
29023,,10,B1001,Social Sciences 10,B1001.2,8,B2;C5;E4,25,,,
29023,,10,ADVHS01,Advisory HS,ADVHS01.22,9,E3,35,,,
29024,,10,H1206,AP English Language & Composition,H1206.1,2,A3;C1;D4,19,,,
29024,,10,E1001,Physical Education and Health 10,E1001.6,3,B3;D1;E5,12,,,
29024,,10,B1006,Cultural Studies,B1006.1,4,B1;C4;E2,32,,,
29024,,10,B1001,Social Sciences 10,B1001.5,5,A1;B4;D2,26,,,
29024,,10,I1003,Geometry,I1003.5,6,A4;C2;D5,42,,,
29024,,10,G1004,AP Spanish Language and Culture,G1004.2,7,A2;B5;D3,47,,,
29024,,10,A1006,Chemistry 10,A1006.3,8,B2;C5;E4,7,,,
29024,,10,ADVHS01,Advisory HS,ADVHS01.31,9,E3,44,,,
29025,,10,B1001,Social Sciences 10,B1001.7,1,A5;C3;E1,26,,,
29025,,10,G1004,AP Spanish Language and Culture,G1004.3,2,A3;C1;D4,47,,,
29025,,10,OZ1323,AP Human Geography,OZ1323.3,4,B1;C4;E2,45,,,
29025,,10,I1003,Geometry,I1003.4,5,A1;B4;D2,42,,,
29025,,10,H1001,English 10,H1001.1,6,A4;C2;D5,29,,,
29025,,10,E1001,Physical Education and Health 10,E1001.3,7,A2;B5;D3,12,,,
29025,,10,A1006,Chemistry 10,A1006.3,8,B2;C5;E4,7,,,
29025,,10,ADVHS01,Advisory HS,ADVHS01.23,9,E3,36,,,
29027,,10,H1001,English 10,H1001.2,1,A5;C3;E1,43,,,
29027,,10,E1001,Physical Education and Health 10,E1001.5,2,A3;C1;D4,12,,,
29027,,10,A1006,Chemistry 10,A1006.5,3,B3;D1;E5,38,,,
29027,,10,I1211,AP Precalculus,I1211.2,4,B1;C4;E2,4,,,
29027,,10,B1001,Social Sciences 10,B1001.5,5,A1;B4;D2,26,,,
29027,,10,G1004,AP Spanish Language and Culture,G1004.6,6,A4;C2;D5,48,,,
29027,,10,B1006,Cultural Studies,B1006.2,8,B2;C5;E4,32,,,
29027,,10,ADVHS01,Advisory HS,ADVHS01.24,9,E3,37,,,
29028,,10,OI1003,Algebra II,OI1003.4,1,A5;C3;E1,8,,,
29028,,10,A1006,Chemistry 10,A1006.4,2,A3;C1;D4,38,,,
29028,,10,B1006,Cultural Studies,B1006.1,4,B1;C4;E2,32,,,
29028,,10,I1214,AP Seminar,I1214.1,5,A1;B4;D2,19,,,
29028,,10,B1001,Social Sciences 10,B1001.6,6,A4;C2;D5,26,,,
29028,,10,G1004,AP Spanish Language and Culture,G1004.2,7,A2;B5;D3,47,,,
29028,,10,E1001,Physical Education and Health 10,E1001.4,8,B2;C5;E4,12,,,
29028,,10,ADVHS01,Advisory HS,ADVHS01.25,9,E3,38,,,
29029,,10,OC1305,Painting I,OC1305.3,1,A5;C3;E1,5,,,
29029,,10,B1001,Social Sciences 10,B1001.3,2,A3;C1;D4,26,,,
29029,,10,E1001,Physical Education and Health 10,E1001.6,3,B3;D1;E5,12,,,
29029,,10,B1006,Cultural Studies,B1006.1,4,B1;C4;E2,32,,,
29029,,10,A1006,Chemistry 10,A1006.6,5,A1;B4;D2,38,,,
29029,,10,I1003,Geometry,I1003.5,6,A4;C2;D5,42,,,
29029,,10,H1001,English 10,H1001.3,7,A2;B5;D3,15,,,
29029,,10,G1004,AP Spanish Language and Culture,G1004.4,8,B2;C5;E4,47,,,
29029,,10,ADVHS01,Advisory HS,ADVHS01.26,9,E3,40,,,
29030,,10,I1214,AP Seminar,I1214.2,1,A5;C3;E1,19,,,
29030,,10,I1211,AP Precalculus,I1211.1,2,A3;C1;D4,4,,,
29030,,10,E1001,Physical Education and Health 10,E1001.2,4,B1;C4;E2,12,,,
29030,,10,G1004,AP Spanish Language and Culture,G1004.1,5,A1;B4;D2,47,,,
29030,,10,OZ1323,AP Human Geography,OZ1323.2,6,A4;C2;D5,45,,,
29030,,10,A1006,Chemistry 10,A1006.2,7,A2;B5;D3,7,,,
29030,,10,B1001,Social Sciences 10,B1001.2,8,B2;C5;E4,25,,,
29030,,10,ADVHS01,Advisory HS,ADVHS01.27,9,E3,41,,,
29032,,10,E1001,Physical Education and Health 10,E1001.1,1,A5;C3;E1,12,,,
29032,,10,B1001,Social Sciences 10,B1001.4,3,B3;D1;E5,26,,,
29032,,10,I1214,AP Seminar,I1214.3,4,B1;C4;E2,19,,,
29032,,10,I1003,Geometry,I1003.4,5,A1;B4;D2,42,,,
29032,,10,A1006,Chemistry 10,A1006.7,6,A4;C2;D5,38,,,
29032,,10,G1004,AP Spanish Language and Culture,G1004.2,7,A2;B5;D3,47,,,
29032,,10,B1006,Cultural Studies,B1006.2,8,B2;C5;E4,32,,,
29032,,10,ADVHS01,Advisory HS,ADVHS01.28,9,E3,42,,,
29034,,10,G1004,AP Spanish Language and Culture,G1004.5,1,A5;C3;E1,47,,,
29034,,10,E1001,Physical Education and Health 10,E1001.5,2,A3;C1;D4,12,,,
29034,,10,A1006,Chemistry 10,A1006.1,4,B1;C4;E2,7,,,
29034,,10,OI1003,Algebra II,OI1003.2,5,A1;B4;D2,8,,,
29034,,10,B1001,Social Sciences 10,B1001.6,6,A4;C2;D5,26,,,
29034,,10,H1206,AP English Language & Composition,H1206.2,7,A2;B5;D3,19,,,
29034,,10,OZ1323,AP Human Geography,OZ1323.4,8,B2;C5;E4,45,,,
29034,,10,ADVHS01,Advisory HS,ADVHS01.29,9,E3,43,,,
29035,,10,B1001,Social Sciences 10,B1001.7,1,A5;C3;E1,26,,,
29035,,10,OI1003,Algebra II,OI1003.5,2,A3;C1;D4,8,,,
29035,,10,A1006,Chemistry 10,A1006.1,4,B1;C4;E2,7,,,
29035,,10,I1214,AP Seminar,I1214.1,5,A1;B4;D2,19,,,
29035,,10,G1004,AP Spanish Language and Culture,G1004.6,6,A4;C2;D5,48,,,
29035,,10,OZ1323,AP Human Geography,OZ1323.5,7,A2;B5;D3,45,,,
29035,,10,E1001,Physical Education and Health 10,E1001.4,8,B2;C5;E4,12,,,
29035,,10,ADVHS01,Advisory HS,ADVHS01.3,9,E3,5,,,
29036,,10,B1001,Social Sciences 10,B1001.7,1,A5;C3;E1,26,,,
29036,,10,A1006,Chemistry 10,A1006.4,2,A3;C1;D4,38,,,
29036,,10,E1001,Physical Education and Health 10,E1001.2,4,B1;C4;E2,12,,,
29036,,10,I1214,AP Seminar,I1214.1,5,A1;B4;D2,19,,,
29036,,10,OZ1323,AP Human Geography,OZ1323.2,6,A4;C2;D5,45,,,
29036,,10,I1003,Geometry,I1003.2,7,A2;B5;D3,35,,,
29036,,10,G1004,AP Spanish Language and Culture,G1004.4,8,B2;C5;E4,47,,,
29036,,10,ADVHS01,Advisory HS,ADVHS01.32,9,E3,45,,,
29037,,10,I1003,Geometry,I1003.7,1,A5;C3;E1,42,,,
29037,,10,G1004,AP Spanish Language and Culture,G1004.3,2,A3;C1;D4,47,,,
29037,,10,H1001,English 10,H1001.4,3,B3;D1;E5,15,,,
29037,,10,B1006,Cultural Studies,B1006.1,4,B1;C4;E2,32,,,
29037,,10,B1001,Social Sciences 10,B1001.5,5,A1;B4;D2,26,,,
29037,,10,OZ1207,Anatomy and Physiology,OZ1207.1,6,A4;C2;D5,13,,,
29037,,10,E1001,Physical Education and Health 10,E1001.3,7,A2;B5;D3,12,,,
29037,,10,A1006,Chemistry 10,A1006.3,8,B2;C5;E4,7,,,
29037,,10,ADVHS01,Advisory HS,ADVHS01.30,9,E3,15,,,
29038,,10,H1206,AP English Language & Composition,H1206.1,2,A3;C1;D4,19,,,
29038,,10,A1006,Chemistry 10,A1006.5,3,B3;D1;E5,38,,,
29038,,10,I1003,Geometry,I1003.1,4,B1;C4;E2,35,,,
29038,,10,VHS0052,"Spanish Film, Art, and Literature",VHS0052.2,5,A1;B4;D2,25,,,
29038,,10,B1001,Social Sciences 10,B1001.6,6,A4;C2;D5,26,,,
29038,,10,E1001,Physical Education and Health 10,E1001.3,7,A2;B5;D3,12,,,
29038,,10,B1006,Cultural Studies,B1006.2,8,B2;C5;E4,32,,,
29038,,10,ADVHS01,Advisory HS,ADVHS01.6,9,E3,8,,,
29039,,10,B1001,Social Sciences 10,B1001.7,1,A5;C3;E1,26,,,
29039,,10,A1006,Chemistry 10,A1006.4,2,A3;C1;D4,38,,,
29039,,10,E1001,Physical Education and Health 10,E1001.6,3,B3;D1;E5,12,,,
29039,,10,G1004,AP Spanish Language and Culture,G1004.7,4,B1;C4;E2,48,,,
29039,,10,H1001,English 10,H1001.1,6,A4;C2;D5,29,,,
29039,,10,I1003,Geometry,I1003.2,7,A2;B5;D3,35,,,
29039,,10,B1006,Cultural Studies,B1006.2,8,B2;C5;E4,32,,,
29039,,10,ADVHS01,Advisory HS,ADVHS01.31,9,E3,44,,,
29040,,10,OI1003,Algebra II,OI1003.4,1,A5;C3;E1,8,,,
29040,,10,E1001,Physical Education and Health 10,E1001.5,2,A3;C1;D4,12,,,
29040,,10,A1006,Chemistry 10,A1006.5,3,B3;D1;E5,38,,,
29040,,10,I1214,AP Seminar,I1214.3,4,B1;C4;E2,19,,,
29040,,10,B1001,Social Sciences 10,B1001.5,5,A1;B4;D2,26,,,
29040,,10,G1004,AP Spanish Language and Culture,G1004.6,6,A4;C2;D5,48,,,
29040,,10,OC1305,Painting I,OC1305.1,7,A2;B5;D3,5,,,
29040,,10,B1006,Cultural Studies,B1006.2,8,B2;C5;E4,32,,,
29040,,10,ADVHS01,Advisory HS,ADVHS01.19,9,E3,32,,,
29041,,10,E1001,Physical Education and Health 10,E1001.1,1,A5;C3;E1,12,,,
29041,,10,H1206,AP English Language & Composition,H1206.1,2,A3;C1;D4,19,,,
29041,,10,A1006,Chemistry 10,A1006.5,3,B3;D1;E5,38,,,
29041,,10,B1006,Cultural Studies,B1006.1,4,B1;C4;E2,32,,,
29041,,10,B1001,Social Sciences 10,B1001.5,5,A1;B4;D2,26,,,
29041,,10,I1003,Geometry,I1003.5,6,A4;C2;D5,42,,,
29041,,10,OZ1207,Anatomy and Physiology,OZ1207.2,7,A2;B5;D3,49,,,
29041,,10,G1004,AP Spanish Language and Culture,G1004.4,8,B2;C5;E4,47,,,
29041,,10,ADVHS01,Advisory HS,ADVHS01.32,9,E3,45,,,
29042,,10,B1001,Social Sciences 10,B1001.7,1,A5;C3;E1,26,,,
29042,,10,A1006,Chemistry 10,A1006.1,4,B1;C4;E2,7,,,
29042,,10,I1003,Geometry,I1003.4,5,A1;B4;D2,42,,,
29042,,10,H1001,English 10,H1001.1,6,A4;C2;D5,29,,,
29042,,10,G1004,AP Spanish Language and Culture,G1004.2,7,A2;B5;D3,47,,,
29042,,10,E1001,Physical Education and Health 10,E1001.4,8,B2;C5;E4,12,,,
29042,,10,ADVHS01,Advisory HS,ADVHS01.24,9,E3,37,,,
29043,,10,H1001,English 10,H1001.2,1,A5;C3;E1,43,,,
29043,,10,G1004,AP Spanish Language and Culture,G1004.3,2,A3;C1;D4,47,,,
29043,,10,I1211,AP Precalculus,I1211.2,4,B1;C4;E2,4,,,
29043,,10,OZ1323,AP Human Geography,OZ1323.1,5,A1;B4;D2,45,,,
29043,,10,A1006,Chemistry 10,A1006.7,6,A4;C2;D5,38,,,
29043,,10,E1001,Physical Education and Health 10,E1001.3,7,A2;B5;D3,12,,,
29043,,10,B1001,Social Sciences 10,B1001.2,8,B2;C5;E4,25,,,
29043,,10,ADVHS01,Advisory HS,ADVHS01.33,9,E3,46,,,
29045,,10,I1214,AP Seminar,I1214.2,1,A5;C3;E1,19,,,
29045,,10,B1001,Social Sciences 10,B1001.3,2,A3;C1;D4,26,,,
29045,,10,OI1003,Algebra II,OI1003.6,4,B1;C4;E2,8,,,
29045,,10,A1006,Chemistry 10,A1006.6,5,A1;B4;D2,38,,,
29045,,10,OZ1323,AP Human Geography,OZ1323.2,6,A4;C2;D5,45,,,
29045,,10,G1004,AP Spanish Language and Culture,G1004.2,7,A2;B5;D3,47,,,
29045,,10,E1001,Physical Education and Health 10,E1001.4,8,B2;C5;E4,12,,,
29045,,10,ADVHS01,Advisory HS,ADVHS01.34,9,E3,47,,,
29046,,10,G1004,AP Spanish Language and Culture,G1004.5,1,A5;C3;E1,47,,,
29046,,10,E1001,Physical Education and Health 10,E1001.5,2,A3;C1;D4,12,,,
29046,,10,I1003,Geometry,I1003.6,3,B3;D1;E5,42,,,
29046,,10,I1214,AP Seminar,I1214.3,4,B1;C4;E2,19,,,
29046,,10,B1001,Social Sciences 10,B1001.6,6,A4;C2;D5,26,,,
29046,,10,A1006,Chemistry 10,A1006.2,7,A2;B5;D3,7,,,
29046,,10,B1006,Cultural Studies,B1006.2,8,B2;C5;E4,32,,,
29046,,10,ADVHS01,Advisory HS,ADVHS01.35,9,E3,48,,,
29048,,10,B1001,Social Sciences 10,B1001.3,2,A3;C1;D4,26,,,
29048,,10,E1001,Physical Education and Health 10,E1001.6,3,B3;D1;E5,12,,,
29048,,10,OZ1323,AP Human Geography,OZ1323.3,4,B1;C4;E2,45,,,
29048,,10,OI1003,Algebra II,OI1003.2,5,A1;B4;D2,8,,,
29048,,10,G1004,AP Spanish Language and Culture,G1004.6,6,A4;C2;D5,48,,,
29048,,10,H1001,English 10,H1001.3,7,A2;B5;D3,15,,,
29048,,10,A1006,Chemistry 10,A1006.3,8,B2;C5;E4,7,,,
29048,,10,ADVHS01,Advisory HS,ADVHS01.36,9,E3,49,,,
29049,,10,E1001,Physical Education and Health 10,E1001.5,2,A3;C1;D4,12,,,
29049,,10,A1006,Chemistry 10,A1006.5,3,B3;D1;E5,38,,,
29049,,10,G1004,AP Spanish Language and Culture,G1004.7,4,B1;C4;E2,48,,,
29049,,10,OZ1323,AP Human Geography,OZ1323.1,5,A1;B4;D2,45,,,
29049,,10,I1003,Geometry,I1003.5,6,A4;C2;D5,42,,,
29049,,10,H1001,English 10,H1001.3,7,A2;B5;D3,15,,,
29049,,10,B1001,Social Sciences 10,B1001.2,8,B2;C5;E4,25,,,
29049,,10,ADVHS01,Advisory HS,ADVHS01.25,9,E3,38,,,
29050,,10,E1001,Physical Education and Health 10,E1001.1,1,A5;C3;E1,12,,,
29050,,10,G1004,AP Spanish Language and Culture,G1004.3,2,A3;C1;D4,47,,,
29050,,10,B1001,Social Sciences 10,B1001.4,3,B3;D1;E5,26,,,
29050,,10,A1006,Chemistry 10,A1006.1,4,B1;C4;E2,7,,,
29050,,10,OZ1323,AP Human Geography,OZ1323.1,5,A1;B4;D2,45,,,
29050,,10,H1001,English 10,H1001.1,6,A4;C2;D5,29,,,
29050,,10,OI1003,Algebra II,OI1003.1,7,A2;B5;D3,4,,,
29050,,10,I1003,Geometry,I1003.3,8,B2;C5;E4,42,,,
29050,,10,ADVHS01,Advisory HS,ADVHS01.10,9,E3,21,,,
29052,,10,I1003,Geometry,I1003.7,1,A5;C3;E1,42,,,
29052,,10,A1006,Chemistry 10,A1006.4,2,A3;C1;D4,38,,,
29052,,10,H1001,English 10,H1001.4,3,B3;D1;E5,15,,,
29052,,10,E1001,Physical Education and Health 10,E1001.2,4,B1;C4;E2,12,,,
29052,,10,G1004,AP Spanish Language and Culture,G1004.1,5,A1;B4;D2,47,,,
29052,,10,B1001,Social Sciences 10,B1001.6,6,A4;C2;D5,26,,,
29052,,10,OZ1323,AP Human Geography,OZ1323.4,8,B2;C5;E4,45,,,
29052,,10,ADVHS01,Advisory HS,ADVHS01.4,9,E3,6,,,
29053,,10,E1001,Physical Education and Health 10,E1001.1,1,A5;C3;E1,12,,,
29053,,10,I1211,AP Precalculus,I1211.1,2,A3;C1;D4,4,,,
29053,,10,B1001,Social Sciences 10,B1001.4,3,B3;D1;E5,26,,,
29053,,10,A1006,Chemistry 10,A1006.1,4,B1;C4;E2,7,,,
29053,,10,H1001,English 10,H1001.1,6,A4;C2;D5,29,,,
29053,,10,OZ1323,AP Human Geography,OZ1323.5,7,A2;B5;D3,45,,,
29053,,10,G1004,AP Spanish Language and Culture,G1004.4,8,B2;C5;E4,47,,,
29053,,10,ADVHS01,Advisory HS,ADVHS01.5,9,E3,7,,,
29056,,10,G1004,AP Spanish Language and Culture,G1004.5,1,A5;C3;E1,47,,,
29056,,10,B1001,Social Sciences 10,B1001.3,2,A3;C1;D4,26,,,
29056,,10,A1006,Chemistry 10,A1006.5,3,B3;D1;E5,38,,,
29056,,10,B1006,Cultural Studies,B1006.1,4,B1;C4;E2,32,,,
29056,,10,I1214,AP Seminar,I1214.1,5,A1;B4;D2,19,,,
29056,,10,E1001,Physical Education and Health 10,E1001.3,7,A2;B5;D3,12,,,
29056,,10,I1003,Geometry,I1003.3,8,B2;C5;E4,42,,,
29056,,10,ADVHS01,Advisory HS,ADVHS01.6,9,E3,8,,,
29057,,10,H1001,English 10,H1001.2,1,A5;C3;E1,43,,,
29057,,10,C0904,Band Level I,C0904.3,2,A3;C1;D4,3,,,
29057,,10,B1001,Social Sciences 10,B1001.4,3,B3;D1;E5,26,,,
29057,,10,I1211,AP Precalculus,I1211.2,4,B1;C4;E2,4,,,
29057,,10,OZ1323,AP Human Geography,OZ1323.1,5,A1;B4;D2,45,,,
29057,,10,A1006,Chemistry 10,A1006.7,6,A4;C2;D5,38,,,
29057,,10,G1004,AP Spanish Language and Culture,G1004.2,7,A2;B5;D3,47,,,
29057,,10,E1001,Physical Education and Health 10,E1001.4,8,B2;C5;E4,12,,,
29057,,10,ADVHS01,Advisory HS,ADVHS01.7,9,E3,13,,,
29058,,10,I1214,AP Seminar,I1214.2,1,A5;C3;E1,19,,,
29058,,10,G1004,AP Spanish Language and Culture,G1004.3,2,A3;C1;D4,47,,,
29058,,10,E1001,Physical Education and Health 10,E1001.2,4,B1;C4;E2,12,,,
29058,,10,A1006,Chemistry 10,A1006.6,5,A1;B4;D2,38,,,
29058,,10,OZ1323,AP Human Geography,OZ1323.2,6,A4;C2;D5,45,,,
29058,,10,OI1003,Algebra II,OI1003.1,7,A2;B5;D3,4,,,
29058,,10,B1001,Social Sciences 10,B1001.2,8,B2;C5;E4,25,,,
29058,,10,ADVHS01,Advisory HS,ADVHS01.8,9,E3,19,,,
29059,,10,B1001,Social Sciences 10,B1001.7,1,A5;C3;E1,26,,,
29059,,10,E1001,Physical Education and Health 10,E1001.5,2,A3;C1;D4,12,,,
29059,,10,OZ1323,AP Human Geography,OZ1323.3,4,B1;C4;E2,45,,,
29059,,10,I1003,Geometry,I1003.4,5,A1;B4;D2,42,,,
29059,,10,G1004,AP Spanish Language and Culture,G1004.6,6,A4;C2;D5,48,,,
29059,,10,H1001,English 10,H1001.3,7,A2;B5;D3,15,,,
29059,,10,A1006,Chemistry 10,A1006.3,8,B2;C5;E4,7,,,
29059,,10,ADVHS01,Advisory HS,ADVHS01.9,9,E3,20,,,
29061,,10,B1001,Social Sciences 10,B1001.7,1,A5;C3;E1,26,,,
29061,,10,E1001,Physical Education and Health 10,E1001.6,3,B3;D1;E5,12,,,
29061,,10,I1214,AP Seminar,I1214.3,4,B1;C4;E2,19,,,
29061,,10,G1004,AP Spanish Language and Culture,G1004.1,5,A1;B4;D2,47,,,
29061,,10,OI1003,Algebra II,OI1003.3,6,A4;C2;D5,8,,,
29061,,10,A1006,Chemistry 10,A1006.2,7,A2;B5;D3,7,,,
29061,,10,OZ1323,AP Human Geography,OZ1323.4,8,B2;C5;E4,45,,,
29061,,10,ADVHS01,Advisory HS,ADVHS01.1,9,E3,3,,,
29062,,10,E1001,Physical Education and Health 10,E1001.1,1,A5;C3;E1,12,,,
29062,,10,I1211,AP Precalculus,I1211.1,2,A3;C1;D4,4,,,
29062,,10,B1001,Social Sciences 10,B1001.4,3,B3;D1;E5,26,,,
29062,,10,A1006,Chemistry 10,A1006.1,4,B1;C4;E2,7,,,
29062,,10,OZ1323,AP Human Geography,OZ1323.1,5,A1;B4;D2,45,,,
29062,,10,H1206,AP English Language & Composition,H1206.2,7,A2;B5;D3,19,,,
29062,,10,G1004,AP Spanish Language and Culture,G1004.4,8,B2;C5;E4,47,,,
29062,,10,ADVHS01,Advisory HS,ADVHS01.10,9,E3,21,,,
29065,,10,OI1003,Algebra II,OI1003.4,1,A5;C3;E1,8,,,
29065,,10,A1006,Chemistry 10,A1006.4,2,A3;C1;D4,38,,,
29065,,10,H1001,English 10,H1001.4,3,B3;D1;E5,15,,,
29065,,10,E1001,Physical Education and Health 10,E1001.2,4,B1;C4;E2,12,,,
29065,,10,G1004,AP Spanish Language and Culture,G1004.6,6,A4;C2;D5,48,,,
29065,,10,OZ1323,AP Human Geography,OZ1323.5,7,A2;B5;D3,45,,,
29065,,10,B1001,Social Sciences 10,B1001.2,8,B2;C5;E4,25,,,
29065,,10,ADVHS01,Advisory HS,ADVHS01.11,9,E3,22,,,
29066,,10,G1004,AP Spanish Language and Culture,G1004.5,1,A5;C3;E1,47,,,
29066,,10,A1006,Chemistry 10,A1006.5,3,B3;D1;E5,38,,,
29066,,10,I1211,AP Precalculus,I1211.2,4,B1;C4;E2,4,,,
29066,,10,B1001,Social Sciences 10,B1001.5,5,A1;B4;D2,26,,,
29066,,10,H1001,English 10,H1001.1,6,A4;C2;D5,29,,,
29066,,10,E1001,Physical Education and Health 10,E1001.3,7,A2;B5;D3,12,,,
29066,,10,OZ1323,AP Human Geography,OZ1323.4,8,B2;C5;E4,45,,,
29066,,10,ADVHS01,Advisory HS,ADVHS01.12,9,E3,23,,,
29067,,10,H1001,English 10,H1001.2,1,A5;C3;E1,43,,,
29067,,10,G1004,AP Spanish Language and Culture,G1004.3,2,A3;C1;D4,47,,,
29067,,10,I1003,Geometry,I1003.6,3,B3;D1;E5,42,,,
29067,,10,OZ1323,AP Human Geography,OZ1323.3,4,B1;C4;E2,45,,,
29067,,10,A1006,Chemistry 10,A1006.6,5,A1;B4;D2,38,,,
29067,,10,OZ1207,Anatomy and Physiology,OZ1207.1,6,A4;C2;D5,13,,,
29067,,10,E1001,Physical Education and Health 10,E1001.3,7,A2;B5;D3,12,,,
29067,,10,B1001,Social Sciences 10,B1001.2,8,B2;C5;E4,25,,,
29067,,10,ADVHS01,Advisory HS,ADVHS01.33,9,E3,46,,,
29068,,10,G1004,AP Spanish Language and Culture,G1004.5,1,A5;C3;E1,47,,,
29068,,10,B1001,Social Sciences 10,B1001.4,3,B3;D1;E5,26,,,
29068,,10,E1001,Physical Education and Health 10,E1001.2,4,B1;C4;E2,12,,,
29068,,10,I1003,Geometry,I1003.4,5,A1;B4;D2,42,,,
29068,,10,OZ1323,AP Human Geography,OZ1323.2,6,A4;C2;D5,45,,,
29068,,10,H1001,English 10,H1001.3,7,A2;B5;D3,15,,,
29068,,10,A1006,Chemistry 10,A1006.3,8,B2;C5;E4,7,,,
29068,,10,ADVHS01,Advisory HS,ADVHS01.7,9,E3,13,,,
29069,,10,I1214,AP Seminar,I1214.2,1,A5;C3;E1,19,,,
29069,,10,G1004,AP Spanish Language and Culture,G1004.3,2,A3;C1;D4,47,,,
29069,,10,E1001,Physical Education and Health 10,E1001.6,3,B3;D1;E5,12,,,
29069,,10,OI1003,Algebra II,OI1003.6,4,B1;C4;E2,8,,,
29069,,10,OZ1323,AP Human Geography,OZ1323.2,6,A4;C2;D5,45,,,
29069,,10,A1006,Chemistry 10,A1006.2,7,A2;B5;D3,7,,,
29069,,10,B1001,Social Sciences 10,B1001.2,8,B2;C5;E4,25,,,
29069,,10,ADVHS01,Advisory HS,ADVHS01.26,9,E3,40,,,
29070,,10,B1001,Social Sciences 10,B1001.7,1,A5;C3;E1,26,,,
29070,,10,I1211,AP Precalculus,I1211.1,2,A3;C1;D4,4,,,
29070,,10,E1001,Physical Education and Health 10,E1001.6,3,B3;D1;E5,12,,,
29070,,10,G1004,AP Spanish Language and Culture,G1004.7,4,B1;C4;E2,48,,,
29070,,10,I1214,AP Seminar,I1214.1,5,A1;B4;D2,19,,,
29070,,10,A1006,Chemistry 10,A1006.7,6,A4;C2;D5,38,,,
29070,,10,OZ1207,Anatomy and Physiology,OZ1207.2,7,A2;B5;D3,49,,,
29070,,10,B1006,Cultural Studies,B1006.2,8,B2;C5;E4,32,,,
29070,,10,ADVHS01,Advisory HS,ADVHS01.13,9,E3,24,,,
29071,,10,H1001,English 10,H1001.2,1,A5;C3;E1,43,,,
29071,,10,OI1003,Algebra II,OI1003.5,2,A3;C1;D4,8,,,
29071,,10,B1001,Social Sciences 10,B1001.4,3,B3;D1;E5,26,,,
29071,,10,G1004,AP Spanish Language and Culture,G1004.7,4,B1;C4;E2,48,,,
29071,,10,A1006,Chemistry 10,A1006.6,5,A1;B4;D2,38,,,
29071,,10,OZ1323,AP Human Geography,OZ1323.2,6,A4;C2;D5,45,,,
29071,,10,OZ1207,Anatomy and Physiology,OZ1207.2,7,A2;B5;D3,49,,,
29071,,10,E1001,Physical Education and Health 10,E1001.4,8,B2;C5;E4,12,,,
29071,,10,ADVHS01,Advisory HS,ADVHS01.14,9,E3,25,,,
29072,,10,G1004,AP Spanish Language and Culture,G1004.5,1,A5;C3;E1,47,,,
29072,,10,E1001,Physical Education and Health 10,E1001.5,2,A3;C1;D4,12,,,
29072,,10,OZ1323,AP Human Geography,OZ1323.3,4,B1;C4;E2,45,,,
29072,,10,OI1003,Algebra II,OI1003.2,5,A1;B4;D2,8,,,
29072,,10,B1001,Social Sciences 10,B1001.6,6,A4;C2;D5,26,,,
29072,,10,H1001,English 10,H1001.3,7,A2;B5;D3,15,,,
29072,,10,A1006,Chemistry 10,A1006.3,8,B2;C5;E4,7,,,
29072,,10,ADVHS01,Advisory HS,ADVHS01.15,9,E3,26,,,
29073,,10,I1214,AP Seminar,I1214.2,1,A5;C3;E1,19,,,
29073,,10,I1211,AP Precalculus,I1211.1,2,A3;C1;D4,4,,,
29073,,10,A1006,Chemistry 10,A1006.5,3,B3;D1;E5,38,,,
29073,,10,B1006,Cultural Studies,B1006.1,4,B1;C4;E2,32,,,
29073,,10,G1004,AP Spanish Language and Culture,G1004.1,5,A1;B4;D2,47,,,
29073,,10,E1001,Physical Education and Health 10,E1001.3,7,A2;B5;D3,12,,,
29073,,10,B1001,Social Sciences 10,B1001.2,8,B2;C5;E4,25,,,
29073,,10,ADVHS01,Advisory HS,ADVHS01.16,9,E3,28,,,
29074,,10,E1001,Physical Education and Health 10,E1001.1,1,A5;C3;E1,12,,,
29074,,10,A1006,Chemistry 10,A1006.4,2,A3;C1;D4,38,,,
29074,,10,I1214,AP Seminar,I1214.3,4,B1;C4;E2,19,,,
29074,,10,B1001,Social Sciences 10,B1001.5,5,A1;B4;D2,26,,,
29074,,10,OI1003,Algebra II,OI1003.3,6,A4;C2;D5,8,,,
29074,,10,OZ1323,AP Human Geography,OZ1323.5,7,A2;B5;D3,45,,,
29074,,10,G1004,AP Spanish Language and Culture,G1004.4,8,B2;C5;E4,47,,,
29074,,10,ADVHS01,Advisory HS,ADVHS01.17,9,E3,29,,,
29075,,10,G1004,AP Spanish Language and Culture,G1004.3,2,A3;C1;D4,47,,,
29075,,10,H1001,English 10,H1001.4,3,B3;D1;E5,15,,,
29075,,10,OI1003,Algebra II,OI1003.6,4,B1;C4;E2,8,,,
29075,,10,OZ1323,AP Human Geography,OZ1323.1,5,A1;B4;D2,45,,,
29075,,10,B1001,Social Sciences 10,B1001.6,6,A4;C2;D5,26,,,
29075,,10,A1006,Chemistry 10,A1006.2,7,A2;B5;D3,7,,,
29075,,10,E1001,Physical Education and Health 10,E1001.4,8,B2;C5;E4,12,,,
29075,,10,ADVHS01,Advisory HS,ADVHS01.18,9,E3,31,,,
29076,,10,B1001,Social Sciences 10,B1001.3,2,A3;C1;D4,26,,,
29076,,10,I1003,Geometry,I1003.6,3,B3;D1;E5,42,,,
29076,,10,E1001,Physical Education and Health 10,E1001.2,4,B1;C4;E2,12,,,
29076,,10,I1214,AP Seminar,I1214.1,5,A1;B4;D2,19,,,
29076,,10,A1006,Chemistry 10,A1006.7,6,A4;C2;D5,38,,,
29076,,10,G1004,AP Spanish Language and Culture,G1004.2,7,A2;B5;D3,47,,,
29076,,10,B1006,Cultural Studies,B1006.2,8,B2;C5;E4,32,,,
29076,,10,ADVHS01,Advisory HS,ADVHS01.19,9,E3,32,,,
29077,,10,H1001,English 10,H1001.2,1,A5;C3;E1,43,,,
29077,,10,OC1310,Painting II,OC1310.3,2,A3;C1;D4,46,,,
29077,,10,B1001,Social Sciences 10,B1001.4,3,B3;D1;E5,26,,,
29077,,10,OZ1323,AP Human Geography,OZ1323.3,4,B1;C4;E2,45,,,
29077,,10,A1006,Chemistry 10,A1006.6,5,A1;B4;D2,38,,,
29077,,10,G1004,AP Spanish Language and Culture,G1004.6,6,A4;C2;D5,48,,,
29077,,10,OI1003,Algebra II,OI1003.1,7,A2;B5;D3,4,,,
29077,,10,E1001,Physical Education and Health 10,E1001.4,8,B2;C5;E4,12,,,
29077,,10,ADVHS01,Advisory HS,ADVHS01.27,9,E3,41,,,
29079,,10,E1001,Physical Education and Health 10,E1001.5,2,A3;C1;D4,12,,,
29079,,10,B1001,Social Sciences 10,B1001.4,3,B3;D1;E5,26,,,
29079,,10,OZ1323,AP Human Geography,OZ1323.3,4,B1;C4;E2,45,,,
29079,,10,A1006,Chemistry 10,A1006.6,5,A1;B4;D2,38,,,
29079,,10,H1001,English 10,H1001.1,6,A4;C2;D5,29,,,
29079,,10,OI1003,Algebra II,OI1003.1,7,A2;B5;D3,4,,,
29079,,10,G1004,AP Spanish Language and Culture,G1004.4,8,B2;C5;E4,47,,,
29079,,10,ADVHS01,Advisory HS,ADVHS01.2,9,E3,4,,,
29080,,10,H1206,AP English Language & Composition,H1206.1,2,A3;C1;D4,19,,,
29080,,10,E1001,Physical Education and Health 10,E1001.6,3,B3;D1;E5,12,,,
29080,,10,I1211,AP Precalculus,I1211.2,4,B1;C4;E2,4,,,
29080,,10,G1004,AP Spanish Language and Culture,G1004.1,5,A1;B4;D2,47,,,
29080,,10,OZ1323,AP Human Geography,OZ1323.2,6,A4;C2;D5,45,,,
29080,,10,A1006,Chemistry 10,A1006.2,7,A2;B5;D3,7,,,
29080,,10,B1001,Social Sciences 10,B1001.2,8,B2;C5;E4,25,,,
29080,,10,ADVHS01,Advisory HS,ADVHS01.20,9,E3,33,,,
29081,,10,H1001,English 10,H1001.2,1,A5;C3;E1,43,,,
29081,,10,A1006,Chemistry 10,A1006.4,2,A3;C1;D4,38,,,
29081,,10,E1001,Physical Education and Health 10,E1001.2,4,B1;C4;E2,12,,,
29081,,10,B1001,Social Sciences 10,B1001.5,5,A1;B4;D2,26,,,
29081,,10,G1004,AP Spanish Language and Culture,G1004.6,6,A4;C2;D5,48,,,
29081,,10,I1003,Geometry,I1003.2,7,A2;B5;D3,35,,,
29081,,10,OZ1323,AP Human Geography,OZ1323.4,8,B2;C5;E4,45,,,
29081,,10,ADVHS01,Advisory HS,ADVHS01.21,9,E3,34,,,
29083,,10,B1001,Social Sciences 10,B1001.7,1,A5;C3;E1,26,,,
29083,,10,A1006,Chemistry 10,A1006.4,2,A3;C1;D4,38,,,
29083,,10,E1001,Physical Education and Health 10,E1001.2,4,B1;C4;E2,12,,,
29083,,10,I1003,Geometry,I1003.4,5,A1;B4;D2,42,,,
29083,,10,H1001,English 10,H1001.1,6,A4;C2;D5,29,,,
29083,,10,G1004,AP Spanish Language and Culture,G1004.2,7,A2;B5;D3,47,,,
29083,,10,OZ1323,AP Human Geography,OZ1323.4,8,B2;C5;E4,45,,,
29083,,10,ADVHS01,Advisory HS,ADVHS01.2,9,E3,4,,,
29085,,10,H1001,English 10,H1001.2,1,A5;C3;E1,43,,,
29085,,10,E1001,Physical Education and Health 10,E1001.6,3,B3;D1;E5,12,,,
29085,,10,B1006,Cultural Studies,B1006.1,4,B1;C4;E2,32,,,
29085,,10,A1006,Chemistry 10,A1006.6,5,A1;B4;D2,38,,,
29085,,10,B1001,Social Sciences 10,B1001.6,6,A4;C2;D5,26,,,
29085,,10,I1003,Geometry,I1003.2,7,A2;B5;D3,35,,,
29085,,10,G1004,AP Spanish Language and Culture,G1004.4,8,B2;C5;E4,47,,,
29085,,10,ADVHS01,Advisory HS,ADVHS01.20,9,E3,33,,,
29087,,10,E1001,Physical Education and Health 10,E1001.1,1,A5;C3;E1,12,,,
29087,,10,VHS0052,"Spanish Film, Art, and Literature",VHS0052.1,3,B3;D1;E5,25,,,
29087,,10,A1006,Chemistry 10,A1006.1,4,B1;C4;E2,7,,,
29087,,10,I1003,Geometry,I1003.4,5,A1;B4;D2,42,,,
29087,,10,B1001,Social Sciences 10,B1001.6,6,A4;C2;D5,26,,,
29087,,10,H1001,English 10,H1001.3,7,A2;B5;D3,15,,,
29087,,10,B1006,Cultural Studies,B1006.2,8,B2;C5;E4,32,,,
29087,,10,ADVHS01,Advisory HS,ADVHS01.21,9,E3,34,,,
29088,,10,I1214,AP Seminar,I1214.2,1,A5;C3;E1,19,,,
29088,,10,OI1003,Algebra II,OI1003.5,2,A3;C1;D4,8,,,
29088,,10,B1001,Social Sciences 10,B1001.4,3,B3;D1;E5,26,,,
29088,,10,A1006,Chemistry 10,A1006.1,4,B1;C4;E2,7,,,
29088,,10,G1004,AP Spanish Language and Culture,G1004.6,6,A4;C2;D5,48,,,
29088,,10,OZ1323,AP Human Geography,OZ1323.5,7,A2;B5;D3,45,,,
29088,,10,E1001,Physical Education and Health 10,E1001.4,8,B2;C5;E4,12,,,
29088,,10,ADVHS01,Advisory HS,ADVHS01.22,9,E3,35,,,
29089,,10,OI1003,Algebra II,OI1003.4,1,A5;C3;E1,8,,,
29089,,10,E1001,Physical Education and Health 10,E1001.5,2,A3;C1;D4,12,,,
29089,,10,A1006,Chemistry 10,A1006.1,4,B1;C4;E2,7,,,
29089,,10,OZ1323,AP Human Geography,OZ1323.1,5,A1;B4;D2,45,,,
29089,,10,B1001,Social Sciences 10,B1001.6,6,A4;C2;D5,26,,,
29089,,10,H1001,English 10,H1001.3,7,A2;B5;D3,15,,,
29089,,10,G1004,AP Spanish Language and Culture,G1004.4,8,B2;C5;E4,47,,,
29089,,10,ADVHS01,Advisory HS,ADVHS01.23,9,E3,36,,,
29090,,9,A0901,Biology 9,A0901.1,1,A5;C3;E1,41,,,
29090,,9,J0901,Technology 9,J0901.2,2,A3;C1;D4,21,,,
29090,,9,E0901,Physical Education and Health 9,E0901.6,3,B3;D1;E5,9,,,
29090,,9,I0903,Algebra I 9,I0903.1,4,B1;C4;E2,37,,,
29090,,9,H0904,English 9,H0904.5,5,A1;B4;D2,15,,,
29090,,9,OC1305,Painting I,OC1305.2,6,A4;C2;D5,5,,,
29090,,9,B0901,Social Studies 9,B0901.3,7,A2;B5;D3,32,,,
29090,,9,G0901,Español & Literatura 9,G0901.6,8,B2;C5;E4,48,,,
29090,,9,ADVHS01,Advisory HS,ADVHS01.15,9,E3,26,,,
29091,,10,E1001,Physical Education and Health 10,E1001.1,1,A5;C3;E1,12,,,
29091,,10,G1004,AP Spanish Language and Culture,G1004.3,2,A3;C1;D4,47,,,
29091,,10,I1211,AP Precalculus,I1211.2,4,B1;C4;E2,4,,,
29091,,10,B1001,Social Sciences 10,B1001.5,5,A1;B4;D2,26,,,
29091,,10,OZ1323,AP Human Geography,OZ1323.2,6,A4;C2;D5,45,,,
29091,,10,H1206,AP English Language & Composition,H1206.2,7,A2;B5;D3,19,,,
29091,,10,A1006,Chemistry 10,A1006.3,8,B2;C5;E4,7,,,
29091,,10,ADVHS01,Advisory HS,ADVHS01.24,9,E3,37,,,
29092,,10,G1004,AP Spanish Language and Culture,G1004.5,1,A5;C3;E1,47,,,
29092,,10,B1001,Social Sciences 10,B1001.3,2,A3;C1;D4,26,,,
29092,,10,E1001,Physical Education and Health 10,E1001.6,3,B3;D1;E5,12,,,
29092,,10,I1214,AP Seminar,I1214.3,4,B1;C4;E2,19,,,
29092,,10,A1006,Chemistry 10,A1006.6,5,A1;B4;D2,38,,,
29092,,10,OI1003,Algebra II,OI1003.1,7,A2;B5;D3,4,,,
29092,,10,OZ1323,AP Human Geography,OZ1323.4,8,B2;C5;E4,45,,,
29092,,10,ADVHS01,Advisory HS,ADVHS01.25,9,E3,38,,,
29096,,10,G1004,AP Spanish Language and Culture,G1004.5,1,A5;C3;E1,47,,,
29096,,10,I1211,AP Precalculus,I1211.1,2,A3;C1;D4,4,,,
29096,,10,A1006,Chemistry 10,A1006.5,3,B3;D1;E5,38,,,
29096,,10,B1006,Cultural Studies,B1006.1,4,B1;C4;E2,32,,,
29096,,10,I1214,AP Seminar,I1214.1,5,A1;B4;D2,19,,,
29096,,10,E1001,Physical Education and Health 10,E1001.3,7,A2;B5;D3,12,,,
29096,,10,B1001,Social Sciences 10,B1001.2,8,B2;C5;E4,25,,,
29096,,10,ADVHS01,Advisory HS,ADVHS01.26,9,E3,40,,,
29097,,10,I1214,AP Seminar,I1214.2,1,A5;C3;E1,19,,,
29097,,10,G1004,AP Spanish Language and Culture,G1004.3,2,A3;C1;D4,47,,,
29097,,10,OZ1323,AP Human Geography,OZ1323.3,4,B1;C4;E2,45,,,
29097,,10,OI1003,Algebra II,OI1003.2,5,A1;B4;D2,8,,,
29097,,10,A1006,Chemistry 10,A1006.7,6,A4;C2;D5,38,,,
29097,,10,E1001,Physical Education and Health 10,E1001.3,7,A2;B5;D3,12,,,
29097,,10,B1001,Social Sciences 10,B1001.2,8,B2;C5;E4,25,,,
29097,,10,ADVHS01,Advisory HS,ADVHS01.27,9,E3,41,,,
29098,,10,E1001,Physical Education and Health 10,E1001.1,1,A5;C3;E1,12,,,
29098,,10,B1001,Social Sciences 10,B1001.3,2,A3;C1;D4,26,,,
29098,,10,I1214,AP Seminar,I1214.3,4,B1;C4;E2,19,,,
29098,,10,G1004,AP Spanish Language and Culture,G1004.1,5,A1;B4;D2,47,,,
29098,,10,OI1003,Algebra II,OI1003.3,6,A4;C2;D5,8,,,
29098,,10,OZ1323,AP Human Geography,OZ1323.5,7,A2;B5;D3,45,,,
29098,,10,A1006,Chemistry 10,A1006.3,8,B2;C5;E4,7,,,
29098,,10,ADVHS01,Advisory HS,ADVHS01.28,9,E3,42,,,
29099,,10,G1004,AP Spanish Language and Culture,G1004.3,2,A3;C1;D4,47,,,
29099,,10,I1003,Geometry,I1003.6,3,B3;D1;E5,42,,,
29099,,10,OZ1323,AP Human Geography,OZ1323.3,4,B1;C4;E2,45,,,
29099,,10,A1006,Chemistry 10,A1006.6,5,A1;B4;D2,38,,,
29099,,10,H1001,English 10,H1001.1,6,A4;C2;D5,29,,,
29099,,10,E1001,Physical Education and Health 10,E1001.3,7,A2;B5;D3,12,,,
29099,,10,B1001,Social Sciences 10,B1001.2,8,B2;C5;E4,25,,,
29099,,10,ADVHS01,Advisory HS,ADVHS01.25,9,E3,38,,,
29100,,9,E0901,Physical Education and Health 9,E0901.1,1,A5;C3;E1,9,,,
29100,,9,A0901,Biology 9,A0901.2,2,A3;C1;D4,41,,,
29100,,9,B0901,Social Studies 9,B0901.5,3,B3;D1;E5,40,,,
29100,,9,C0904,Band Level I,C0904.1,4,B1;C4;E2,3,,,
29100,,9,J0903,FRC 9,J0903.2,5,A1;B4;D2,20,,,
29100,,9,G0901,Español & Literatura 9,G0901.3,6,A4;C2;D5,28,,,
29100,,9,I0903,Algebra I 9,I0903.2,7,A2;B5;D3,37,,,
29100,,9,H0904,English 9,H0904.1,8,B2;C5;E4,29,,,
29100,,9,ADVHS01,Advisory HS,ADVHS01.16,9,E3,28,,,
29101,,10,B1001,Social Sciences 10,B1001.7,1,A5;C3;E1,26,,,
29101,,10,C0904,Band Level I,C0904.3,2,A3;C1;D4,3,,,
29101,,10,H1001,English 10,H1001.4,3,B3;D1;E5,15,,,
29101,,10,OI1003,Algebra II,OI1003.6,4,B1;C4;E2,8,,,
29101,,10,OZ1323,AP Human Geography,OZ1323.1,5,A1;B4;D2,45,,,
29101,,10,G1004,AP Spanish Language and Culture,G1004.6,6,A4;C2;D5,48,,,
29101,,10,A1006,Chemistry 10,A1006.2,7,A2;B5;D3,7,,,
29101,,10,E1001,Physical Education and Health 10,E1001.4,8,B2;C5;E4,12,,,
29101,,10,ADVHS01,Advisory HS,ADVHS01.29,9,E3,43,,,
29102,,9,A0901,Biology 9,A0901.1,1,A5;C3;E1,41,,,
29102,,9,J0901,Technology 9,J0901.2,2,A3;C1;D4,21,,,
29102,,9,E0901,Physical Education and Health 9,E0901.6,3,B3;D1;E5,9,,,
29102,,9,I0903,Algebra I 9,I0903.1,4,B1;C4;E2,37,,,
29102,,9,G0901,Español & Literatura 9,G0901.5,5,A1;B4;D2,48,,,
29102,,9,H0904,English 9,H0904.6,6,A4;C2;D5,15,,,
29102,,9,C0904,Band Level I,C0904.2,7,A2;B5;D3,3,,,
29102,,9,B0901,Social Studies 9,B0901.7,8,B2;C5;E4,40,,,
29102,,9,ADVHS01,Advisory HS,ADVHS01.4,9,E3,6,,,
29103,,10,B1001,Social Sciences 10,B1001.7,1,A5;C3;E1,26,,,
29103,,10,A1006,Chemistry 10,A1006.4,2,A3;C1;D4,38,,,
29103,,10,E1001,Physical Education and Health 10,E1001.2,4,B1;C4;E2,12,,,
29103,,10,I1214,AP Seminar,I1214.1,5,A1;B4;D2,19,,,
29103,,10,OZ1323,AP Human Geography,OZ1323.2,6,A4;C2;D5,45,,,
29103,,10,G1004,AP Spanish Language and Culture,G1004.2,7,A2;B5;D3,47,,,
29103,,10,I1003,Geometry,I1003.3,8,B2;C5;E4,42,,,
29103,,10,ADVHS01,Advisory HS,ADVHS01.3,9,E3,5,,,
29106,,10,I1214,AP Seminar,I1214.2,1,A5;C3;E1,19,,,
29106,,10,E1001,Physical Education and Health 10,E1001.5,2,A3;C1;D4,12,,,
29106,,10,A1006,Chemistry 10,A1006.5,3,B3;D1;E5,38,,,
29106,,10,I1211,AP Precalculus,I1211.2,4,B1;C4;E2,4,,,
29106,,10,B1001,Social Sciences 10,B1001.6,6,A4;C2;D5,26,,,
29106,,10,G1004,AP Spanish Language and Culture,G1004.2,7,A2;B5;D3,47,,,
29106,,10,OZ1323,AP Human Geography,OZ1323.4,8,B2;C5;E4,45,,,
29106,,10,ADVHS01,Advisory HS,ADVHS01.30,9,E3,15,,,
29107,,10,OI1003,Algebra II,OI1003.4,1,A5;C3;E1,8,,,
29107,,10,H1206,AP English Language & Composition,H1206.1,2,A3;C1;D4,19,,,
29107,,10,E1001,Physical Education and Health 10,E1001.6,3,B3;D1;E5,12,,,
29107,,10,OZ1323,AP Human Geography,OZ1323.3,4,B1;C4;E2,45,,,
29107,,10,A1006,Chemistry 10,A1006.6,5,A1;B4;D2,38,,,
29107,,10,OJ1204,Creative Design,OJ1204.1,6,A4;C2;D5,21,,,
29107,,10,G1004,AP Spanish Language and Culture,G1004.2,7,A2;B5;D3,47,,,
29107,,10,B1001,Social Sciences 10,B1001.2,8,B2;C5;E4,25,,,
29107,,10,ADVHS01,Advisory HS,ADVHS01.31,9,E3,44,,,
29108,,10,G1004,AP Spanish Language and Culture,G1004.5,1,A5;C3;E1,47,,,
29108,,10,A1006,Chemistry 10,A1006.4,2,A3;C1;D4,38,,,
29108,,10,E1001,Physical Education and Health 10,E1001.2,4,B1;C4;E2,12,,,
29108,,10,B1001,Social Sciences 10,B1001.5,5,A1;B4;D2,26,,,
29108,,10,I1003,Geometry,I1003.5,6,A4;C2;D5,42,,,
29108,,10,H1206,AP English Language & Composition,H1206.2,7,A2;B5;D3,19,,,
29108,,10,OZ1323,AP Human Geography,OZ1323.4,8,B2;C5;E4,45,,,
29108,,10,ADVHS01,Advisory HS,ADVHS01.28,9,E3,42,,,
29109,,10,E1001,Physical Education and Health 10,E1001.1,1,A5;C3;E1,12,,,
29109,,10,B1001,Social Sciences 10,B1001.3,2,A3;C1;D4,26,,,
29109,,10,I1214,AP Seminar,I1214.3,4,B1;C4;E2,19,,,
29109,,10,G1004,AP Spanish Language and Culture,G1004.1,5,A1;B4;D2,47,,,
29109,,10,A1006,Chemistry 10,A1006.7,6,A4;C2;D5,38,,,
29109,,10,OZ1323,AP Human Geography,OZ1323.5,7,A2;B5;D3,45,,,
29109,,10,I1003,Geometry,I1003.3,8,B2;C5;E4,42,,,
29109,,10,ADVHS01,Advisory HS,ADVHS01.32,9,E3,45,,,
29110,,10,OC1305,Painting I,OC1305.3,1,A5;C3;E1,5,,,
29110,,10,OI1003,Algebra II,OI1003.5,2,A3;C1;D4,8,,,
29110,,10,B1001,Social Sciences 10,B1001.4,3,B3;D1;E5,26,,,
29110,,10,E1001,Physical Education and Health 10,E1001.2,4,B1;C4;E2,12,,,
29110,,10,I1214,AP Seminar,I1214.1,5,A1;B4;D2,19,,,
29110,,10,OZ1323,AP Human Geography,OZ1323.2,6,A4;C2;D5,45,,,
29110,,10,A1006,Chemistry 10,A1006.2,7,A2;B5;D3,7,,,
29110,,10,G1004,AP Spanish Language and Culture,G1004.4,8,B2;C5;E4,47,,,
29110,,10,ADVHS01,Advisory HS,ADVHS01.33,9,E3,46,,,
29111,,10,G1004,AP Spanish Language and Culture,G1004.5,1,A5;C3;E1,47,,,
29111,,10,I1211,AP Precalculus,I1211.1,2,A3;C1;D4,4,,,
29111,,10,A1006,Chemistry 10,A1006.1,4,B1;C4;E2,7,,,
29111,,10,B1001,Social Sciences 10,B1001.5,5,A1;B4;D2,26,,,
29111,,10,H1001,English 10,H1001.1,6,A4;C2;D5,29,,,
29111,,10,E1001,Physical Education and Health 10,E1001.3,7,A2;B5;D3,12,,,
29111,,10,B1006,Cultural Studies,B1006.2,8,B2;C5;E4,32,,,
29111,,10,ADVHS01,Advisory HS,ADVHS01.34,9,E3,47,,,
29112,,10,I1214,AP Seminar,I1214.2,1,A5;C3;E1,19,,,
29112,,10,E1001,Physical Education and Health 10,E1001.5,2,A3;C1;D4,12,,,
29112,,10,A1006,Chemistry 10,A1006.5,3,B3;D1;E5,38,,,
29112,,10,G1004,AP Spanish Language and Culture,G1004.7,4,B1;C4;E2,48,,,
29112,,10,B1001,Social Sciences 10,B1001.5,5,A1;B4;D2,26,,,
29112,,10,OI1003,Algebra II,OI1003.3,6,A4;C2;D5,8,,,
29112,,10,OH1305,Art of Fiction Intermediate Level,OH1305.3,7,A2;B5;D3,40,,,
29112,,10,OZ1323,AP Human Geography,OZ1323.4,8,B2;C5;E4,45,,,
29112,,10,ADVHS01,Advisory HS,ADVHS01.34,9,E3,47,,,
29113,,10,H1001,English 10,H1001.2,1,A5;C3;E1,43,,,
29113,,10,A1006,Chemistry 10,A1006.4,2,A3;C1;D4,38,,,
29113,,10,B1001,Social Sciences 10,B1001.4,3,B3;D1;E5,26,,,
29113,,10,I1211,AP Precalculus,I1211.2,4,B1;C4;E2,4,,,
29113,,10,OZ1323,AP Human Geography,OZ1323.1,5,A1;B4;D2,45,,,
29113,,10,G1004,AP Spanish Language and Culture,G1004.6,6,A4;C2;D5,48,,,
29113,,10,C0904,Band Level I,C0904.2,7,A2;B5;D3,3,,,
29113,,10,E1001,Physical Education and Health 10,E1001.4,8,B2;C5;E4,12,,,
29113,,10,ADVHS01,Advisory HS,ADVHS01.35,9,E3,48,,,
29114,,10,I1211,AP Precalculus,I1211.1,2,A3;C1;D4,4,,,
29114,,10,E1001,Physical Education and Health 10,E1001.6,3,B3;D1;E5,12,,,
29114,,10,OZ1323,AP Human Geography,OZ1323.3,4,B1;C4;E2,45,,,
29114,,10,G1004,AP Spanish Language and Culture,G1004.1,5,A1;B4;D2,47,,,
29114,,10,B1001,Social Sciences 10,B1001.6,6,A4;C2;D5,26,,,
29114,,10,H1001,English 10,H1001.3,7,A2;B5;D3,15,,,
29114,,10,A1006,Chemistry 10,A1006.3,8,B2;C5;E4,7,,,
29114,,10,ADVHS01,Advisory HS,ADVHS01.36,9,E3,49,,,
29115,,10,B1001,Social Sciences 10,B1001.7,1,A5;C3;E1,26,,,
29115,,10,E1001,Physical Education and Health 10,E1001.5,2,A3;C1;D4,12,,,
29115,,10,H1001,English 10,H1001.4,3,B3;D1;E5,15,,,
29115,,10,A1006,Chemistry 10,A1006.1,4,B1;C4;E2,7,,,
29115,,10,I1003,Geometry,I1003.5,6,A4;C2;D5,42,,,
29115,,10,G1004,AP Spanish Language and Culture,G1004.2,7,A2;B5;D3,47,,,
29115,,10,OZ1323,AP Human Geography,OZ1323.4,8,B2;C5;E4,45,,,
29115,,10,ADVHS01,Advisory HS,ADVHS01.4,9,E3,6,,,
29116,,10,OI1003,Algebra II,OI1003.4,1,A5;C3;E1,8,,,
29116,,10,A1006,Chemistry 10,A1006.4,2,A3;C1;D4,38,,,
29116,,10,B1001,Social Sciences 10,B1001.1,4,B1;C4;E2,25,,,
29116,,10,OZ1323,AP Human Geography,OZ1323.1,5,A1;B4;D2,45,,,
29116,,10,I1003,Geometry,I1003.5,6,A4;C2;D5,42,,,
29116,,10,H1001,English 10,H1001.3,7,A2;B5;D3,15,,,
29116,,10,E1001,Physical Education and Health 10,E1001.4,8,B2;C5;E4,12,,,
29116,,10,ADVHS01,Advisory HS,ADVHS01.14,9,E3,25,,,
29118,,10,E1001,Physical Education and Health 10,E1001.1,1,A5;C3;E1,12,,,
29118,,10,G1004,AP Spanish Language and Culture,G1004.3,2,A3;C1;D4,47,,,
29118,,10,A1006,Chemistry 10,A1006.5,3,B3;D1;E5,38,,,
29118,,10,I1211,AP Precalculus,I1211.2,4,B1;C4;E2,4,,,
29118,,10,H1001,English 10,H1001.1,6,A4;C2;D5,29,,,
29118,,10,OZ1323,AP Human Geography,OZ1323.5,7,A2;B5;D3,45,,,
29118,,10,B1001,Social Sciences 10,B1001.2,8,B2;C5;E4,25,,,
29118,,10,ADVHS01,Advisory HS,ADVHS01.5,9,E3,7,,,
29119,,10,H1001,English 10,H1001.2,1,A5;C3;E1,43,,,
29119,,10,I1211,AP Precalculus,I1211.1,2,A3;C1;D4,4,,,
29119,,10,B1001,Social Sciences 10,B1001.4,3,B3;D1;E5,26,,,
29119,,10,E1001,Physical Education and Health 10,E1001.2,4,B1;C4;E2,12,,,
29119,,10,OZ1323,AP Human Geography,OZ1323.1,5,A1;B4;D2,45,,,
29119,,10,A1006,Chemistry 10,A1006.7,6,A4;C2;D5,38,,,
29119,,10,OC1310,Painting II,OC1310.2,7,A2;B5;D3,46,,,
29119,,10,G1004,AP Spanish Language and Culture,G1004.4,8,B2;C5;E4,47,,,
29119,,10,ADVHS01,Advisory HS,ADVHS01.6,9,E3,8,,,
29120,,10,G1004,AP Spanish Language and Culture,G1004.5,1,A5;C3;E1,47,,,
29120,,10,B1001,Social Sciences 10,B1001.3,2,A3;C1;D4,26,,,
29120,,10,B1006,Cultural Studies,B1006.1,4,B1;C4;E2,32,,,
29120,,10,A1006,Chemistry 10,A1006.6,5,A1;B4;D2,38,,,
29120,,10,I1003,Geometry,I1003.5,6,A4;C2;D5,42,,,
29120,,10,H1001,English 10,H1001.3,7,A2;B5;D3,15,,,
29120,,10,E1001,Physical Education and Health 10,E1001.4,8,B2;C5;E4,12,,,
29120,,10,ADVHS01,Advisory HS,ADVHS01.7,9,E3,13,,,
29122,,10,I1003,Geometry,I1003.7,1,A5;C3;E1,42,,,
29122,,10,G1004,AP Spanish Language and Culture,G1004.3,2,A3;C1;D4,47,,,
29122,,10,H1001,English 10,H1001.4,3,B3;D1;E5,15,,,
29122,,10,A1006,Chemistry 10,A1006.1,4,B1;C4;E2,7,,,
29122,,10,OZ1323,AP Human Geography,OZ1323.2,6,A4;C2;D5,45,,,
29122,,10,E1001,Physical Education and Health 10,E1001.3,7,A2;B5;D3,12,,,
29122,,10,B1001,Social Sciences 10,B1001.2,8,B2;C5;E4,25,,,
29122,,10,ADVHS01,Advisory HS,ADVHS01.8,9,E3,19,,,
29124,,10,B1001,Social Sciences 10,B1001.7,1,A5;C3;E1,26,,,
29124,,10,E1001,Physical Education and Health 10,E1001.5,2,A3;C1;D4,12,,,
29124,,10,I1211,AP Precalculus,I1211.2,4,B1;C4;E2,4,,,
29124,,10,G1004,AP Spanish Language and Culture,G1004.1,5,A1;B4;D2,47,,,
29124,,10,H1001,English 10,H1001.1,6,A4;C2;D5,29,,,
29124,,10,A1006,Chemistry 10,A1006.2,7,A2;B5;D3,7,,,
29124,,10,OZ1323,AP Human Geography,OZ1323.4,8,B2;C5;E4,45,,,
29124,,10,ADVHS01,Advisory HS,ADVHS01.9,9,E3,20,,,
29125,,10,H1001,English 10,H1001.2,1,A5;C3;E1,43,,,
29125,,10,OJ1306,AP Computer Science Principles,OJ1306.1,2,A3;C1;D4,50,,,
29125,,10,E1001,Physical Education and Health 10,E1001.6,3,B3;D1;E5,12,,,
29125,,10,OZ1323,AP Human Geography,OZ1323.3,4,B1;C4;E2,45,,,
29125,,10,B1001,Social Sciences 10,B1001.5,5,A1;B4;D2,26,,,
29125,,10,G1004,AP Spanish Language and Culture,G1004.6,6,A4;C2;D5,48,,,
29125,,10,OI1003,Algebra II,OI1003.1,7,A2;B5;D3,4,,,
29125,,10,A1006,Chemistry 10,A1006.3,8,B2;C5;E4,7,,,
29125,,10,ADVHS01,Advisory HS,ADVHS01.1,9,E3,3,,,
29126,,10,I1214,AP Seminar,I1214.2,1,A5;C3;E1,19,,,
29126,,10,A1006,Chemistry 10,A1006.4,2,A3;C1;D4,38,,,
29126,,10,E1001,Physical Education and Health 10,E1001.2,4,B1;C4;E2,12,,,
29126,,10,I1003,Geometry,I1003.4,5,A1;B4;D2,42,,,
29126,,10,B1001,Social Sciences 10,B1001.6,6,A4;C2;D5,26,,,
29126,,10,OZ1323,AP Human Geography,OZ1323.5,7,A2;B5;D3,45,,,
29126,,10,G1004,AP Spanish Language and Culture,G1004.4,8,B2;C5;E4,47,,,
29126,,10,ADVHS01,Advisory HS,ADVHS01.10,9,E3,21,,,
29128,,10,E1001,Physical Education and Health 10,E1001.1,1,A5;C3;E1,12,,,
29128,,10,B1001,Social Sciences 10,B1001.3,2,A3;C1;D4,26,,,
29128,,10,A1006,Chemistry 10,A1006.5,3,B3;D1;E5,38,,,
29128,,10,I1214,AP Seminar,I1214.3,4,B1;C4;E2,19,,,
29128,,10,OZ1323,AP Human Geography,OZ1323.1,5,A1;B4;D2,45,,,
29128,,10,G1004,AP Spanish Language and Culture,G1004.2,7,A2;B5;D3,47,,,
29128,,10,I1003,Geometry,I1003.3,8,B2;C5;E4,42,,,
29128,,10,ADVHS01,Advisory HS,ADVHS01.11,9,E3,22,,,
29129,,10,G1004,AP Spanish Language and Culture,G1004.5,1,A5;C3;E1,47,,,
29129,,10,E1001,Physical Education and Health 10,E1001.5,2,A3;C1;D4,12,,,
29129,,10,A1006,Chemistry 10,A1006.5,3,B3;D1;E5,38,,,
29129,,10,B1006,Cultural Studies,B1006.1,4,B1;C4;E2,32,,,
29129,,10,I1214,AP Seminar,I1214.1,5,A1;B4;D2,19,,,
29129,,10,B1001,Social Sciences 10,B1001.6,6,A4;C2;D5,26,,,
29129,,10,OI1003,Algebra II,OI1003.1,7,A2;B5;D3,4,,,
29129,,10,I1003,Geometry,I1003.3,8,B2;C5;E4,42,,,
29129,,10,ADVHS01,Advisory HS,ADVHS01.15,9,E3,26,,,
29131,,10,B1001,Social Sciences 10,B1001.7,1,A5;C3;E1,26,,,
29131,,10,G1004,AP Spanish Language and Culture,G1004.3,2,A3;C1;D4,47,,,
29131,,10,OI1003,Algebra II,OI1003.6,4,B1;C4;E2,8,,,
29131,,10,A1006,Chemistry 10,A1006.6,5,A1;B4;D2,38,,,
29131,,10,OZ1323,AP Human Geography,OZ1323.2,6,A4;C2;D5,45,,,
29131,,10,H1001,English 10,H1001.3,7,A2;B5;D3,15,,,
29131,,10,E1001,Physical Education and Health 10,E1001.4,8,B2;C5;E4,12,,,
29131,,10,ADVHS01,Advisory HS,ADVHS01.12,9,E3,23,,,
29132,,10,I1211,AP Precalculus,I1211.1,2,A3;C1;D4,4,,,
29132,,10,H1001,English 10,H1001.4,3,B3;D1;E5,15,,,
29132,,10,G1004,AP Spanish Language and Culture,G1004.7,4,B1;C4;E2,48,,,
29132,,10,B1001,Social Sciences 10,B1001.5,5,A1;B4;D2,26,,,
29132,,10,A1006,Chemistry 10,A1006.7,6,A4;C2;D5,38,,,
29132,,10,E1001,Physical Education and Health 10,E1001.3,7,A2;B5;D3,12,,,
29132,,10,B1006,Cultural Studies,B1006.2,8,B2;C5;E4,32,,,
29132,,10,ADVHS01,Advisory HS,ADVHS01.13,9,E3,24,,,
29133,,10,E1001,Physical Education and Health 10,E1001.1,1,A5;C3;E1,12,,,
29133,,10,B1001,Social Sciences 10,B1001.3,2,A3;C1;D4,26,,,
29133,,10,H1001,English 10,H1001.4,3,B3;D1;E5,15,,,
29133,,10,OI1003,Algebra II,OI1003.6,4,B1;C4;E2,8,,,
29133,,10,G1004,AP Spanish Language and Culture,G1004.1,5,A1;B4;D2,47,,,
29133,,10,A1006,Chemistry 10,A1006.7,6,A4;C2;D5,38,,,
29133,,10,OZ1323,AP Human Geography,OZ1323.5,7,A2;B5;D3,45,,,
29133,,10,I1003,Geometry,I1003.3,8,B2;C5;E4,42,,,
29133,,10,ADVHS01,Advisory HS,ADVHS01.16,9,E3,28,,,
29135,,10,G1004,AP Spanish Language and Culture,G1004.5,1,A5;C3;E1,47,,,
29135,,10,E1001,Physical Education and Health 10,E1001.5,2,A3;C1;D4,12,,,
29135,,10,B1001,Social Sciences 10,B1001.4,3,B3;D1;E5,26,,,
29135,,10,I1211,AP Precalculus,I1211.2,4,B1;C4;E2,4,,,
29135,,10,H1001,English 10,H1001.1,6,A4;C2;D5,29,,,
29135,,10,A1006,Chemistry 10,A1006.2,7,A2;B5;D3,7,,,
29135,,10,OZ1323,AP Human Geography,OZ1323.4,8,B2;C5;E4,45,,,
29135,,10,ADVHS01,Advisory HS,ADVHS01.14,9,E3,25,,,
29136,,10,E1001,Physical Education and Health 10,E1001.1,1,A5;C3;E1,12,,,
29136,,10,OI1003,Algebra II,OI1003.5,2,A3;C1;D4,8,,,
29136,,10,B1001,Social Sciences 10,B1001.4,3,B3;D1;E5,26,,,
29136,,10,B1006,Cultural Studies,B1006.1,4,B1;C4;E2,32,,,
29136,,10,I1214,AP Seminar,I1214.1,5,A1;B4;D2,19,,,
29136,,10,A1006,Chemistry 10,A1006.7,6,A4;C2;D5,38,,,
29136,,10,G1004,AP Spanish Language and Culture,G1004.2,7,A2;B5;D3,47,,,
29136,,10,ADVHS01,Advisory HS,ADVHS01.35,9,E3,48,,,
29137,,10,H1001,English 10,H1001.2,1,A5;C3;E1,43,,,
29137,,10,B1001,Social Sciences 10,B1001.3,2,A3;C1;D4,26,,,
29137,,10,E1001,Physical Education and Health 10,E1001.6,3,B3;D1;E5,12,,,
29137,,10,OZ1323,AP Human Geography,OZ1323.3,4,B1;C4;E2,45,,,
29137,,10,C0905,Band Level II,C0905.1,5,A1;B4;D2,3,,,
29137,,10,G1004,AP Spanish Language and Culture,G1004.6,6,A4;C2;D5,48,,,
29137,,10,I1003,Geometry,I1003.2,7,A2;B5;D3,35,,,
29137,,10,A1006,Chemistry 10,A1006.3,8,B2;C5;E4,7,,,
29137,,10,ADVHS01,Advisory HS,ADVHS01.15,9,E3,26,,,
29138,,10,G1004,AP Spanish Language and Culture,G1004.5,1,A5;C3;E1,47,,,
29138,,10,OI1003,Algebra II,OI1003.5,2,A3;C1;D4,8,,,
29138,,10,B1006,Cultural Studies,B1006.1,4,B1;C4;E2,32,,,
29138,,10,I1214,AP Seminar,I1214.1,5,A1;B4;D2,19,,,
29138,,10,A1006,Chemistry 10,A1006.7,6,A4;C2;D5,38,,,
29138,,10,E1001,Physical Education and Health 10,E1001.3,7,A2;B5;D3,12,,,
29138,,10,B1001,Social Sciences 10,B1001.2,8,B2;C5;E4,25,,,
29138,,10,ADVHS01,Advisory HS,ADVHS01.22,9,E3,35,,,
29142,,10,I1003,Geometry,I1003.7,1,A5;C3;E1,42,,,
29142,,10,G1004,AP Spanish Language and Culture,G1004.3,2,A3;C1;D4,47,,,
29142,,10,B1001,Social Sciences 10,B1001.4,3,B3;D1;E5,26,,,
29142,,10,I1214,AP Seminar,I1214.3,4,B1;C4;E2,19,,,
29142,,10,OI1003,Algebra II,OI1003.2,5,A1;B4;D2,8,,,
29142,,10,OZ1323,AP Human Geography,OZ1323.2,6,A4;C2;D5,45,,,
29142,,10,E1001,Physical Education and Health 10,E1001.3,7,A2;B5;D3,12,,,
29142,,10,A1006,Chemistry 10,A1006.3,8,B2;C5;E4,7,,,
29142,,10,ADVHS01,Advisory HS,ADVHS01.17,9,E3,29,,,
29143,,10,E1001,Physical Education and Health 10,E1001.1,1,A5;C3;E1,12,,,
29143,,10,G1004,AP Spanish Language and Culture,G1004.3,2,A3;C1;D4,47,,,
29143,,10,I1003,Geometry,I1003.6,3,B3;D1;E5,42,,,
29143,,10,A1006,Chemistry 10,A1006.1,4,B1;C4;E2,7,,,
29143,,10,OZ1323,AP Human Geography,OZ1323.1,5,A1;B4;D2,45,,,
29143,,10,H1001,English 10,H1001.3,7,A2;B5;D3,15,,,
29143,,10,B1001,Social Sciences 10,B1001.2,8,B2;C5;E4,25,,,
29143,,10,ADVHS01,Advisory HS,ADVHS01.16,9,E3,28,,,
29145,,10,I1003,Geometry,I1003.7,1,A5;C3;E1,42,,,
29145,,10,A1006,Chemistry 10,A1006.4,2,A3;C1;D4,38,,,
29145,,10,H1001,English 10,H1001.4,3,B3;D1;E5,15,,,
29145,,10,B1006,Cultural Studies,B1006.1,4,B1;C4;E2,32,,,
29145,,10,G1004,AP Spanish Language and Culture,G1004.1,5,A1;B4;D2,47,,,
29145,,10,B1001,Social Sciences 10,B1001.6,6,A4;C2;D5,26,,,
29145,,10,E1001,Physical Education and Health 10,E1001.3,7,A2;B5;D3,12,,,
29145,,10,C0904,Band Level I,C0904.4,8,B2;C5;E4,3,,,
29145,,10,ADVHS01,Advisory HS,ADVHS01.17,9,E3,29,,,
29148,,10,G1004,AP Spanish Language and Culture,G1004.5,1,A5;C3;E1,47,,,
29148,,10,A1006,Chemistry 10,A1006.5,3,B3;D1;E5,38,,,
29148,,10,E1001,Physical Education and Health 10,E1001.2,4,B1;C4;E2,12,,,
29148,,10,I1214,AP Seminar,I1214.1,5,A1;B4;D2,19,,,
29148,,10,OI1003,Algebra II,OI1003.3,6,A4;C2;D5,8,,,
29148,,10,OZ1323,AP Human Geography,OZ1323.5,7,A2;B5;D3,45,,,
29148,,10,B1001,Social Sciences 10,B1001.2,8,B2;C5;E4,25,,,
29148,,10,ADVHS01,Advisory HS,ADVHS01.18,9,E3,31,,,
29149,,10,B1001,Social Sciences 10,B1001.7,1,A5;C3;E1,26,,,
29149,,10,I1211,AP Precalculus,I1211.1,2,A3;C1;D4,4,,,
29149,,10,E1001,Physical Education and Health 10,E1001.6,3,B3;D1;E5,12,,,
29149,,10,G1004,AP Spanish Language and Culture,G1004.7,4,B1;C4;E2,48,,,
29149,,10,A1006,Chemistry 10,A1006.7,6,A4;C2;D5,38,,,
29149,,10,H1206,AP English Language & Composition,H1206.2,7,A2;B5;D3,19,,,
29149,,10,OZ1323,AP Human Geography,OZ1323.4,8,B2;C5;E4,45,,,
29149,,10,ADVHS01,Advisory HS,ADVHS01.26,9,E3,40,,,
29153,,10,OI1003,Algebra II,OI1003.4,1,A5;C3;E1,8,,,
29153,,10,B1001,Social Sciences 10,B1001.3,2,A3;C1;D4,26,,,
29153,,10,A1006,Chemistry 10,A1006.1,4,B1;C4;E2,7,,,
29153,,10,VHS0052,"Spanish Film, Art, and Literature",VHS0052.2,5,A1;B4;D2,25,,,
29153,,10,OZ1323,AP Human Geography,OZ1323.2,6,A4;C2;D5,45,,,
29153,,10,H1206,AP English Language & Composition,H1206.2,7,A2;B5;D3,19,,,
29153,,10,E1001,Physical Education and Health 10,E1001.4,8,B2;C5;E4,12,,,
29153,,10,ADVHS01,Advisory HS,ADVHS01.19,9,E3,32,,,
29155,,10,I1214,AP Seminar,I1214.2,1,A5;C3;E1,19,,,
29155,,10,B1001,Social Sciences 10,B1001.3,2,A3;C1;D4,26,,,
29155,,10,I1003,Geometry,I1003.6,3,B3;D1;E5,42,,,
29155,,10,OZ1323,AP Human Geography,OZ1323.3,4,B1;C4;E2,45,,,
29155,,10,G1004,AP Spanish Language and Culture,G1004.1,5,A1;B4;D2,47,,,
29155,,10,OI1003,Algebra II,OI1003.3,6,A4;C2;D5,8,,,
29155,,10,A1006,Chemistry 10,A1006.2,7,A2;B5;D3,7,,,
29155,,10,E1001,Physical Education and Health 10,E1001.4,8,B2;C5;E4,12,,,
29155,,10,ADVHS01,Advisory HS,ADVHS01.18,9,E3,31,,,
29156,,10,G1004,AP Spanish Language and Culture,G1004.5,1,A5;C3;E1,47,,,
29156,,10,E1001,Physical Education and Health 10,E1001.5,2,A3;C1;D4,12,,,
29156,,10,B1001,Social Sciences 10,B1001.1,4,B1;C4;E2,25,,,
29156,,10,OI1003,Algebra II,OI1003.2,5,A1;B4;D2,8,,,
29156,,10,H1001,English 10,H1001.1,6,A4;C2;D5,29,,,
29156,,10,A1006,Chemistry 10,A1006.2,7,A2;B5;D3,7,,,
29156,,10,B1006,Cultural Studies,B1006.2,8,B2;C5;E4,32,,,
29156,,10,ADVHS01,Advisory HS,ADVHS01.2,9,E3,4,,,
29157,,10,H1001,English 10,H1001.2,1,A5;C3;E1,43,,,
29157,,10,OI1003,Algebra II,OI1003.5,2,A3;C1;D4,8,,,
29157,,10,E1001,Physical Education and Health 10,E1001.6,3,B3;D1;E5,12,,,
29157,,10,OZ1323,AP Human Geography,OZ1323.3,4,B1;C4;E2,45,,,
29157,,10,A1006,Chemistry 10,A1006.6,5,A1;B4;D2,38,,,
29157,,10,B1001,Social Sciences 10,B1001.6,6,A4;C2;D5,26,,,
29157,,10,G1004,AP Spanish Language and Culture,G1004.2,7,A2;B5;D3,47,,,
29157,,10,C0904,Band Level I,C0904.4,8,B2;C5;E4,3,,,
29157,,10,ADVHS01,Advisory HS,ADVHS01.20,9,E3,33,,,
29158,,10,E1001,Physical Education and Health 10,E1001.1,1,A5;C3;E1,12,,,
29158,,10,B1001,Social Sciences 10,B1001.4,3,B3;D1;E5,26,,,
29158,,10,G1004,AP Spanish Language and Culture,G1004.7,4,B1;C4;E2,48,,,
29158,,10,I1003,Geometry,I1003.4,5,A1;B4;D2,42,,,
29158,,10,A1006,Chemistry 10,A1006.7,6,A4;C2;D5,38,,,
29158,,10,H1001,English 10,H1001.3,7,A2;B5;D3,15,,,
29158,,10,OZ1323,AP Human Geography,OZ1323.4,8,B2;C5;E4,45,,,
29158,,10,ADVHS01,Advisory HS,ADVHS01.21,9,E3,34,,,
29159,,10,I1214,AP Seminar,I1214.2,1,A5;C3;E1,19,,,
29159,,10,A1006,Chemistry 10,A1006.4,2,A3;C1;D4,38,,,
29159,,10,OI1003,Algebra II,OI1003.6,4,B1;C4;E2,8,,,
29159,,10,B1001,Social Sciences 10,B1001.5,5,A1;B4;D2,26,,,
29159,,10,G1004,AP Spanish Language and Culture,G1004.6,6,A4;C2;D5,48,,,
29159,,10,OZ1323,AP Human Geography,OZ1323.5,7,A2;B5;D3,45,,,
29159,,10,E1001,Physical Education and Health 10,E1001.4,8,B2;C5;E4,12,,,
29159,,10,ADVHS01,Advisory HS,ADVHS01.22,9,E3,35,,,
29161,,10,E1001,Physical Education and Health 10,E1001.1,1,A5;C3;E1,12,,,
29161,,10,A1006,Chemistry 10,A1006.1,4,B1;C4;E2,7,,,
29161,,10,I1214,AP Seminar,I1214.1,5,A1;B4;D2,19,,,
29161,,10,OI1003,Algebra II,OI1003.3,6,A4;C2;D5,8,,,
29161,,10,OZ1323,AP Human Geography,OZ1323.5,7,A2;B5;D3,45,,,
29161,,10,B1001,Social Sciences 10,B1001.2,8,B2;C5;E4,25,,,
29161,,10,ADVHS01,Advisory HS,ADVHS01.27,9,E3,41,,,
29164,,10,G1004,AP Spanish Language and Culture,G1004.5,1,A5;C3;E1,47,,,
29164,,10,I1003,Geometry,I1003.6,3,B3;D1;E5,42,,,
29164,,10,A1006,Chemistry 10,A1006.1,4,B1;C4;E2,7,,,
29164,,10,OZ1323,AP Human Geography,OZ1323.1,5,A1;B4;D2,45,,,
29164,,10,B1001,Social Sciences 10,B1001.6,6,A4;C2;D5,26,,,
29164,,10,H1001,English 10,H1001.3,7,A2;B5;D3,15,,,
29164,,10,E1001,Physical Education and Health 10,E1001.4,8,B2;C5;E4,12,,,
29164,,10,ADVHS01,Advisory HS,ADVHS01.36,9,E3,49,,,
29170,,10,I1214,AP Seminar,I1214.2,1,A5;C3;E1,19,,,
29170,,10,B1001,Social Sciences 10,B1001.3,2,A3;C1;D4,26,,,
29170,,10,I1003,Geometry,I1003.6,3,B3;D1;E5,42,,,
29170,,10,E1001,Physical Education and Health 10,E1001.2,4,B1;C4;E2,12,,,
29170,,10,OI1003,Algebra II,OI1003.2,5,A1;B4;D2,8,,,
29170,,10,OZ1323,AP Human Geography,OZ1323.2,6,A4;C2;D5,45,,,
29170,,10,A1006,Chemistry 10,A1006.2,7,A2;B5;D3,7,,,
29170,,10,G1004,AP Spanish Language and Culture,G1004.4,8,B2;C5;E4,47,,,
29170,,10,ADVHS01,Advisory HS,ADVHS01.11,9,E3,22,,,
29172,,10,B1001,Social Sciences 10,B1001.7,1,A5;C3;E1,26,,,
29172,,10,H1001,English 10,H1001.4,3,B3;D1;E5,15,,,
29172,,10,E1001,Physical Education and Health 10,E1001.2,4,B1;C4;E2,12,,,
29172,,10,OZ1323,AP Human Geography,OZ1323.1,5,A1;B4;D2,45,,,
29172,,10,I1003,Geometry,I1003.5,6,A4;C2;D5,42,,,
29172,,10,G1004,AP Spanish Language and Culture,G1004.2,7,A2;B5;D3,47,,,
29172,,10,A1006,Chemistry 10,A1006.3,8,B2;C5;E4,7,,,
29172,,10,ADVHS01,Advisory HS,ADVHS01.23,9,E3,36,,,
29173,,10,E1001,Physical Education and Health 10,E1001.1,1,A5;C3;E1,12,,,
29173,,10,B1001,Social Sciences 10,B1001.3,2,A3;C1;D4,26,,,
29173,,10,H1001,English 10,H1001.4,3,B3;D1;E5,15,,,
29173,,10,I1211,AP Precalculus,I1211.2,4,B1;C4;E2,4,,,
29173,,10,G1004,AP Spanish Language and Culture,G1004.1,5,A1;B4;D2,47,,,
29173,,10,OZ1323,AP Human Geography,OZ1323.5,7,A2;B5;D3,45,,,
29173,,10,A1006,Chemistry 10,A1006.3,8,B2;C5;E4,7,,,
29173,,10,ADVHS01,Advisory HS,ADVHS01.4,9,E3,6,,,
29174,,10,OC1307,Drawing I,OC1307.1,1,A5;C3;E1,46,,,
29174,,10,E1001,Physical Education and Health 10,E1001.5,2,A3;C1;D4,12,,,
29174,,10,A1006,Chemistry 10,A1006.5,3,B3;D1;E5,38,,,
29174,,10,I1214,AP Seminar,I1214.3,4,B1;C4;E2,19,,,
29174,,10,B1001,Social Sciences 10,B1001.5,5,A1;B4;D2,26,,,
29174,,10,OZ1323,AP Human Geography,OZ1323.2,6,A4;C2;D5,45,,,
29174,,10,OI1003,Algebra II,OI1003.1,7,A2;B5;D3,4,,,
29174,,10,G1004,AP Spanish Language and Culture,G1004.4,8,B2;C5;E4,47,,,
29174,,10,ADVHS01,Advisory HS,ADVHS01.24,9,E3,37,,,
30001,,9,G0901,Español & Literatura 9,G0901.4,1,A5;C3;E1,28,,,
30001,,9,J0903,FRC 9,J0903.3,2,A3;C1;D4,20,,,
30001,,9,A0901,Biology 9,A0901.3,3,B3;D1;E5,49,,,
30001,,9,C0904,Band Level I,C0904.1,4,B1;C4;E2,3,,,
30001,,9,H0904,English 9,H0904.5,5,A1;B4;D2,15,,,
30001,,9,E0901,Physical Education and Health 9,E0901.4,6,A4;C2;D5,9,,,
30001,,9,I1003,Geometry,I1003.2,7,A2;B5;D3,35,,,
30001,,9,B0901,Social Studies 9,B0901.7,8,B2;C5;E4,40,,,
30001,,9,ADVHS01,Advisory HS,ADVHS01.17,9,E3,29,,,
30002,,9,B0901,Social Studies 9,B0901.1,1,A5;C3;E1,32,,,
30002,,9,OC1306,Sculpture I,OC1306.1,2,A3;C1;D4,5,,,
30002,,9,J0903,FRC 9,J0903.1,3,B3;D1;E5,20,,,
30002,,9,A0901,Biology 9,A0901.4,4,B1;C4;E2,49,,,
30002,,9,H0904,English 9,H0904.5,5,A1;B4;D2,15,,,
30002,,9,I1003,Geometry,I1003.5,6,A4;C2;D5,42,,,
30002,,9,G0901,Español & Literatura 9,G0901.1,7,A2;B5;D3,28,,,
30002,,9,E0901,Physical Education and Health 9,E0901.5,8,B2;C5;E4,9,,,
30002,,9,ADVHS01,Advisory HS,ADVHS01.18,9,E3,31,,,
30003,,9,H0904,English 9,H0904.7,1,A5;C3;E1,15,,,
30003,,9,C0904,Band Level I,C0904.3,2,A3;C1;D4,3,,,
30003,,9,E0901,Physical Education and Health 9,E0901.6,3,B3;D1;E5,9,,,
30003,,9,A0901,Biology 9,A0901.4,4,B1;C4;E2,49,,,
30003,,9,J0903,FRC 9,J0903.2,5,A1;B4;D2,20,,,
30003,,9,G0901,Español & Literatura 9,G0901.3,6,A4;C2;D5,28,,,
30003,,9,I1003,Geometry,I1003.2,7,A2;B5;D3,35,,,
30003,,9,B0901,Social Studies 9,B0901.7,8,B2;C5;E4,40,,,
30003,,9,ADVHS01,Advisory HS,ADVHS01.19,9,E3,32,,,
30004,,9,G0901,Español & Literatura 9,G0901.4,1,A5;C3;E1,28,,,
30004,,9,A0901,Biology 9,A0901.2,2,A3;C1;D4,41,,,
30004,,9,H0904,English 9,H0904.2,3,B3;D1;E5,29,,,
30004,,9,J0901,Technology 9,J0901.1,4,B1;C4;E2,21,,,
30004,,9,OC1305,Painting I,OC1305.4,5,A1;B4;D2,46,,,
30004,,9,I0903,Algebra I 9,I0903.3,6,A4;C2;D5,37,,,
30004,,9,B0901,Social Studies 9,B0901.3,7,A2;B5;D3,32,,,
30004,,9,E0901,Physical Education and Health 9,E0901.5,8,B2;C5;E4,9,,,
30004,,9,ADVHS01,Advisory HS,ADVHS01.36,9,E3,49,,,
30005,,9,E0901,Physical Education and Health 9,E0901.1,1,A5;C3;E1,9,,,
30005,,9,OC1306,Sculpture I,OC1306.1,2,A3;C1;D4,5,,,
30005,,9,J0903,FRC 9,J0903.1,3,B3;D1;E5,20,,,
30005,,9,B0901,Social Studies 9,B0901.6,4,B1;C4;E2,40,,,
30005,,9,A0901,Biology 9,A0901.5,5,A1;B4;D2,49,,,
30005,,9,I1003,Geometry,I1003.5,6,A4;C2;D5,42,,,
30005,,9,H0904,English 9,H0904.4,7,A2;B5;D3,29,,,
30005,,9,G0901,Español & Literatura 9,G0901.6,8,B2;C5;E4,48,,,
30005,,9,ADVHS01,Advisory HS,ADVHS01.2,9,E3,4,,,
30006,,9,A0901,Biology 9,A0901.1,1,A5;C3;E1,41,,,
30006,,9,J0903,FRC 9,J0903.3,2,A3;C1;D4,20,,,
30006,,9,G0901,Español & Literatura 9,G0901.7,3,B3;D1;E5,48,,,
30006,,9,B0901,Social Studies 9,B0901.6,4,B1;C4;E2,40,,,
30006,,9,E0901,Physical Education and Health 9,E0901.3,5,A1;B4;D2,9,,,
30006,,9,I0903,Algebra I 9,I0903.3,6,A4;C2;D5,37,,,
30006,,9,H0904,English 9,H0904.4,7,A2;B5;D3,29,,,
30006,,9,C0904,Band Level I,C0904.4,8,B2;C5;E4,3,,,
30006,,9,ADVHS01,Advisory HS,ADVHS01.20,9,E3,33,,,
30007,,9,G0901,Español & Literatura 9,G0901.4,1,A5;C3;E1,28,,,
30007,,9,A0901,Biology 9,A0901.2,2,A3;C1;D4,41,,,
30007,,9,B0901,Social Studies 9,B0901.5,3,B3;D1;E5,40,,,
30007,,9,H0904,English 9,H0904.3,4,B1;C4;E2,29,,,
30007,,9,J0903,FRC 9,J0903.2,5,A1;B4;D2,20,,,
30007,,9,OC1305,Painting I,OC1305.2,6,A4;C2;D5,5,,,
30007,,9,I1003,Geometry,I1003.2,7,A2;B5;D3,35,,,
30007,,9,E0901,Physical Education and Health 9,E0901.5,8,B2;C5;E4,9,,,
30007,,9,ADVHS01,Advisory HS,ADVHS01.21,9,E3,34,,,
30008,,9,J0901,Technology 9,J0901.3,1,A5;C3;E1,21,,,
30008,,9,E0901,Physical Education and Health 9,E0901.2,2,A3;C1;D4,9,,,
30008,,9,G0901,Español & Literatura 9,G0901.7,3,B3;D1;E5,48,,,
30008,,9,H0904,English 9,H0904.3,4,B1;C4;E2,29,,,
30008,,9,OC1305,Painting I,OC1305.4,5,A1;B4;D2,46,,,
30008,,9,A0901,Biology 9,A0901.6,6,A4;C2;D5,49,,,
30008,,9,B0901,Social Studies 9,B0901.3,7,A2;B5;D3,32,,,
30008,,9,I1003,Geometry,I1003.3,8,B2;C5;E4,42,,,
30008,,9,ADVHS01,Advisory HS,ADVHS01.22,9,E3,35,,,
30009,,9,OC1305,Painting I,OC1305.3,1,A5;C3;E1,5,,,
30009,,9,J0903,FRC 9,J0903.3,2,A3;C1;D4,20,,,
30009,,9,A0901,Biology 9,A0901.3,3,B3;D1;E5,49,,,
30009,,9,I0903,Algebra I 9,I0903.1,4,B1;C4;E2,37,,,
30009,,9,G0901,Español & Literatura 9,G0901.5,5,A1;B4;D2,48,,,
30009,,9,E0901,Physical Education and Health 9,E0901.4,6,A4;C2;D5,9,,,
30009,,9,H0904,English 9,H0904.4,7,A2;B5;D3,29,,,
30009,,9,B0901,Social Studies 9,B0901.7,8,B2;C5;E4,40,,,
30009,,9,ADVHS01,Advisory HS,ADVHS01.23,9,E3,36,,,
30010,,9,E0901,Physical Education and Health 9,E0901.1,1,A5;C3;E1,9,,,
30010,,9,A0901,Biology 9,A0901.2,2,A3;C1;D4,41,,,
30010,,9,J0903,FRC 9,J0903.1,3,B3;D1;E5,20,,,
30010,,9,B0901,Social Studies 9,B0901.6,4,B1;C4;E2,40,,,
30010,,9,G0901,Español & Literatura 9,G0901.5,5,A1;B4;D2,48,,,
30010,,9,OC1305,Painting I,OC1305.2,6,A4;C2;D5,5,,,
30010,,9,I0903,Algebra I 9,I0903.2,7,A2;B5;D3,37,,,
30010,,9,H0904,English 9,H0904.1,8,B2;C5;E4,29,,,
30010,,9,ADVHS01,Advisory HS,ADVHS01.24,9,E3,37,,,
30011,,9,B0901,Social Studies 9,B0901.1,1,A5;C3;E1,32,,,
30011,,9,E0901,Physical Education and Health 9,E0901.2,2,A3;C1;D4,9,,,
30011,,9,H0904,English 9,H0904.2,3,B3;D1;E5,29,,,
30011,,9,J0901,Technology 9,J0901.1,4,B1;C4;E2,21,,,
30011,,9,A0901,Biology 9,A0901.5,5,A1;B4;D2,49,,,
30011,,9,G0901,Español & Literatura 9,G0901.3,6,A4;C2;D5,28,,,
30011,,9,C0904,Band Level I,C0904.2,7,A2;B5;D3,3,,,
30011,,9,I1003,Geometry,I1003.3,8,B2;C5;E4,42,,,
30011,,9,ADVHS01,Advisory HS,ADVHS01.25,9,E3,38,,,
30012,,9,OC1307,Drawing I,OC1307.1,1,A5;C3;E1,46,,,
30012,,9,E0901,Physical Education and Health 9,E0901.2,2,A3;C1;D4,9,,,
30012,,9,B0901,Social Studies 9,B0901.5,3,B3;D1;E5,40,,,
30012,,9,A0901,Biology 9,A0901.4,4,B1;C4;E2,49,,,
30012,,9,J0903,FRC 9,J0903.2,5,A1;B4;D2,20,,,
30012,,9,H0904,English 9,H0904.6,6,A4;C2;D5,15,,,
30012,,9,G0901,Español & Literatura 9,G0901.1,7,A2;B5;D3,28,,,
30012,,9,I1003,Geometry,I1003.3,8,B2;C5;E4,42,,,
30012,,9,ADVHS01,Advisory HS,ADVHS01.26,9,E3,40,,,
30013,,9,G0901,Español & Literatura 9,G0901.4,1,A5;C3;E1,28,,,
30013,,9,J0901,Technology 9,J0901.2,2,A3;C1;D4,21,,,
30013,,9,E0901,Physical Education and Health 9,E0901.6,3,B3;D1;E5,9,,,
30013,,9,C0904,Band Level I,C0904.1,4,B1;C4;E2,3,,,
30013,,9,B0901,Social Studies 9,B0901.4,5,A1;B4;D2,34,,,
30013,,9,A0901,Biology 9,A0901.6,6,A4;C2;D5,49,,,
30013,,9,I1003,Geometry,I1003.2,7,A2;B5;D3,35,,,
30013,,9,H0904,English 9,H0904.1,8,B2;C5;E4,29,,,
30013,,9,ADVHS01,Advisory HS,ADVHS01.27,9,E3,41,,,
30014,,9,OC1305,Painting I,OC1305.3,1,A5;C3;E1,5,,,
30014,,9,J0903,FRC 9,J0903.3,2,A3;C1;D4,20,,,
30014,,9,A0901,Biology 9,A0901.3,3,B3;D1;E5,49,,,
30014,,9,H0904,English 9,H0904.3,4,B1;C4;E2,29,,,
30014,,9,E0901,Physical Education and Health 9,E0901.3,5,A1;B4;D2,9,,,
30014,,9,I0903,Algebra I 9,I0903.3,6,A4;C2;D5,37,,,
30014,,9,B0901,Social Studies 9,B0901.3,7,A2;B5;D3,32,,,
30014,,9,G0901,Español & Literatura 9,G0901.6,8,B2;C5;E4,48,,,
30014,,9,ADVHS01,Advisory HS,ADVHS01.28,9,E3,42,,,
30015,,9,J0901,Technology 9,J0901.3,1,A5;C3;E1,21,,,
30015,,9,C0904,Band Level I,C0904.3,2,A3;C1;D4,3,,,
30015,,9,G0901,Español & Literatura 9,G0901.7,3,B3;D1;E5,48,,,
30015,,9,A0901,Biology 9,A0901.4,4,B1;C4;E2,49,,,
30015,,9,B0901,Social Studies 9,B0901.4,5,A1;B4;D2,34,,,
30015,,9,E0901,Physical Education and Health 9,E0901.4,6,A4;C2;D5,9,,,
30015,,9,H0904,English 9,H0904.4,7,A2;B5;D3,29,,,
30015,,9,I1003,Geometry,I1003.3,8,B2;C5;E4,42,,,
30015,,9,ADVHS01,Advisory HS,ADVHS01.29,9,E3,43,,,
30018,,9,A0901,Biology 9,A0901.1,1,A5;C3;E1,41,,,
30018,,9,E0901,Physical Education and Health 9,E0901.2,2,A3;C1;D4,9,,,
30018,,9,H0904,English 9,H0904.2,3,B3;D1;E5,29,,,
30018,,9,J0901,Technology 9,J0901.1,4,B1;C4;E2,21,,,
30018,,9,B0901,Social Studies 9,B0901.4,5,A1;B4;D2,34,,,
30018,,9,I1003,Geometry,I1003.5,6,A4;C2;D5,42,,,
30018,,9,G0901,Español & Literatura 9,G0901.1,7,A2;B5;D3,28,,,
30018,,9,C0904,Band Level I,C0904.4,8,B2;C5;E4,3,,,
30018,,9,ADVHS01,Advisory HS,ADVHS01.3,9,E3,5,,,
30019,,9,B0901,Social Studies 9,B0901.1,1,A5;C3;E1,32,,,
30019,,9,J0901,Technology 9,J0901.2,2,A3;C1;D4,21,,,
30019,,9,H0904,English 9,H0904.2,3,B3;D1;E5,29,,,
30019,,9,C0904,Band Level I,C0904.1,4,B1;C4;E2,3,,,
30019,,9,A0901,Biology 9,A0901.5,5,A1;B4;D2,49,,,
30019,,9,G0901,Español & Literatura 9,G0901.3,6,A4;C2;D5,28,,,
30019,,9,I1003,Geometry,I1003.2,7,A2;B5;D3,35,,,
30019,,9,E0901,Physical Education and Health 9,E0901.5,8,B2;C5;E4,9,,,
30019,,9,ADVHS01,Advisory HS,ADVHS01.30,9,E3,15,,,
30021,,9,J0901,Technology 9,J0901.3,1,A5;C3;E1,21,,,
30021,,9,OC1306,Sculpture I,OC1306.1,2,A3;C1;D4,5,,,
30021,,9,E0901,Physical Education and Health 9,E0901.6,3,B3;D1;E5,9,,,
30021,,9,I0903,Algebra I 9,I0903.1,4,B1;C4;E2,37,,,
30021,,9,G0901,Español & Literatura 9,G0901.5,5,A1;B4;D2,48,,,
30021,,9,A0901,Biology 9,A0901.6,6,A4;C2;D5,49,,,
30021,,9,H0904,English 9,H0904.4,7,A2;B5;D3,29,,,
30021,,9,B0901,Social Studies 9,B0901.7,8,B2;C5;E4,40,,,
30021,,9,ADVHS01,Advisory HS,ADVHS01.31,9,E3,44,,,
30022,,9,E0901,Physical Education and Health 9,E0901.1,1,A5;C3;E1,9,,,
30022,,9,A0901,Biology 9,A0901.2,2,A3;C1;D4,41,,,
30022,,9,J0903,FRC 9,J0903.1,3,B3;D1;E5,20,,,
30022,,9,B0901,Social Studies 9,B0901.6,4,B1;C4;E2,40,,,
30022,,9,H0904,English 9,H0904.5,5,A1;B4;D2,15,,,
30022,,9,I1003,Geometry,I1003.5,6,A4;C2;D5,42,,,
30022,,9,C0904,Band Level I,C0904.2,7,A2;B5;D3,3,,,
30022,,9,G0901,Español & Literatura 9,G0901.6,8,B2;C5;E4,48,,,
30022,,9,ADVHS01,Advisory HS,ADVHS01.32,9,E3,45,,,
30023,,9,J0901,Technology 9,J0901.3,1,A5;C3;E1,21,,,
30023,,9,C0904,Band Level I,C0904.3,2,A3;C1;D4,3,,,
30023,,9,I1003,Geometry,I1003.6,3,B3;D1;E5,42,,,
30023,,9,B0901,Social Studies 9,B0901.6,4,B1;C4;E2,40,,,
30023,,9,A0901,Biology 9,A0901.5,5,A1;B4;D2,49,,,
30023,,9,E0901,Physical Education and Health 9,E0901.4,6,A4;C2;D5,9,,,
30023,,9,H0904,English 9,H0904.4,7,A2;B5;D3,29,,,
30023,,9,G0901,Español & Literatura 9,G0901.6,8,B2;C5;E4,48,,,
30023,,9,ADVHS01,Advisory HS,ADVHS01.5,9,E3,7,,,
30024,,9,A0901,Biology 9,A0901.1,1,A5;C3;E1,41,,,
30024,,9,OC1306,Sculpture I,OC1306.1,2,A3;C1;D4,5,,,
30024,,9,G0901,Español & Literatura 9,G0901.7,3,B3;D1;E5,48,,,
30024,,9,H0904,English 9,H0904.3,4,B1;C4;E2,29,,,
30024,,9,J0903,FRC 9,J0903.2,5,A1;B4;D2,20,,,
30024,,9,E0901,Physical Education and Health 9,E0901.4,6,A4;C2;D5,9,,,
30024,,9,B0901,Social Studies 9,B0901.3,7,A2;B5;D3,32,,,
30024,,9,I1003,Geometry,I1003.3,8,B2;C5;E4,42,,,
30024,,9,ADVHS01,Advisory HS,ADVHS01.33,9,E3,46,,,
30025,,9,G0901,Español & Literatura 9,G0901.4,1,A5;C3;E1,28,,,
30025,,9,J0903,FRC 9,J0903.3,2,A3;C1;D4,20,,,
30025,,9,A0901,Biology 9,A0901.3,3,B3;D1;E5,49,,,
30025,,9,B0901,Social Studies 9,B0901.6,4,B1;C4;E2,40,,,
30025,,9,OC1305,Painting I,OC1305.4,5,A1;B4;D2,46,,,
30025,,9,H0904,English 9,H0904.6,6,A4;C2;D5,15,,,
30025,,9,I1003,Geometry,I1003.2,7,A2;B5;D3,35,,,
30025,,9,E0901,Physical Education and Health 9,E0901.5,8,B2;C5;E4,9,,,
30025,,9,ADVHS01,Advisory HS,ADVHS01.34,9,E3,47,,,
30026,,9,E0901,Physical Education and Health 9,E0901.1,1,A5;C3;E1,9,,,
30026,,9,A0901,Biology 9,A0901.2,2,A3;C1;D4,41,,,
30026,,9,B0901,Social Studies 9,B0901.5,3,B3;D1;E5,40,,,
30026,,9,C0904,Band Level I,C0904.1,4,B1;C4;E2,3,,,
30026,,9,J0903,FRC 9,J0903.2,5,A1;B4;D2,20,,,
30026,,9,G0901,Español & Literatura 9,G0901.3,6,A4;C2;D5,28,,,
30026,,9,I0903,Algebra I 9,I0903.2,7,A2;B5;D3,37,,,
30026,,9,H0904,English 9,H0904.1,8,B2;C5;E4,29,,,
30026,,9,ADVHS01,Advisory HS,ADVHS01.29,9,E3,43,,,
30027,,9,OC1307,Drawing I,OC1307.1,1,A5;C3;E1,46,,,
30027,,9,A0901,Biology 9,A0901.2,2,A3;C1;D4,41,,,
30027,,9,B0901,Social Studies 9,B0901.5,3,B3;D1;E5,40,,,
30027,,9,J0901,Technology 9,J0901.1,4,B1;C4;E2,21,,,
30027,,9,E0901,Physical Education and Health 9,E0901.3,5,A1;B4;D2,9,,,
30027,,9,H0904,English 9,H0904.6,6,A4;C2;D5,15,,,
30027,,9,G0901,Español & Literatura 9,G0901.1,7,A2;B5;D3,28,,,
30027,,9,I1003,Geometry,I1003.3,8,B2;C5;E4,42,,,
30027,,9,ADVHS01,Advisory HS,ADVHS01.35,9,E3,48,,,
30029,,9,E0901,Physical Education and Health 9,E0901.1,1,A5;C3;E1,9,,,
30029,,9,J0901,Technology 9,J0901.2,2,A3;C1;D4,21,,,
30029,,9,B0901,Social Studies 9,B0901.5,3,B3;D1;E5,40,,,
30029,,9,I0903,Algebra I 9,I0903.1,4,B1;C4;E2,37,,,
30029,,9,G0901,Español & Literatura 9,G0901.5,5,A1;B4;D2,48,,,
30029,,9,A0901,Biology 9,A0901.6,6,A4;C2;D5,49,,,
30029,,9,C0904,Band Level I,C0904.2,7,A2;B5;D3,3,,,
30029,,9,ADVHS01,Advisory HS,ADVHS01.6,9,E3,8,,,
30030,,9,A0901,Biology 9,A0901.1,1,A5;C3;E1,41,,,
30030,,9,OC1306,Sculpture I,OC1306.1,2,A3;C1;D4,5,,,
30030,,9,J0903,FRC 9,J0903.1,3,B3;D1;E5,20,,,
30030,,9,H0904,English 9,H0904.3,4,B1;C4;E2,29,,,
30030,,9,E0901,Physical Education and Health 9,E0901.3,5,A1;B4;D2,9,,,
30030,,9,G0901,Español & Literatura 9,G0901.3,6,A4;C2;D5,28,,,
30030,,9,B0901,Social Studies 9,B0901.3,7,A2;B5;D3,32,,,
30030,,9,I1003,Geometry,I1003.3,8,B2;C5;E4,42,,,
30030,,9,ADVHS01,Advisory HS,ADVHS01.7,9,E3,13,,,
30031,,9,B0901,Social Studies 9,B0901.1,1,A5;C3;E1,32,,,
30031,,9,J0901,Technology 9,J0901.2,2,A3;C1;D4,21,,,
30031,,9,E0901,Physical Education and Health 9,E0901.6,3,B3;D1;E5,9,,,
30031,,9,A0901,Biology 9,A0901.4,4,B1;C4;E2,49,,,
30031,,9,H0904,English 9,H0904.5,5,A1;B4;D2,15,,,
30031,,9,G0901,Español & Literatura 9,G0901.3,6,A4;C2;D5,28,,,
30031,,9,I0903,Algebra I 9,I0903.2,7,A2;B5;D3,37,,,
30031,,9,C0904,Band Level I,C0904.4,8,B2;C5;E4,3,,,
30031,,9,ADVHS01,Advisory HS,ADVHS01.36,9,E3,49,,,
30032,,9,OC1305,Painting I,OC1305.3,1,A5;C3;E1,5,,,
30032,,9,E0901,Physical Education and Health 9,E0901.2,2,A3;C1;D4,9,,,
30032,,9,J0903,FRC 9,J0903.1,3,B3;D1;E5,20,,,
30032,,9,H0904,English 9,H0904.3,4,B1;C4;E2,29,,,
30032,,9,A0901,Biology 9,A0901.5,5,A1;B4;D2,49,,,
30032,,9,I0903,Algebra I 9,I0903.3,6,A4;C2;D5,37,,,
30032,,9,B0901,Social Studies 9,B0901.3,7,A2;B5;D3,32,,,
30032,,9,G0901,Español & Literatura 9,G0901.6,8,B2;C5;E4,48,,,
30032,,9,ADVHS01,Advisory HS,ADVHS01.4,9,E3,6,,,
30033,,9,OC1307,Drawing I,OC1307.1,1,A5;C3;E1,46,,,
30033,,9,E0901,Physical Education and Health 9,E0901.2,2,A3;C1;D4,9,,,
30033,,9,G0901,Español & Literatura 9,G0901.7,3,B3;D1;E5,48,,,
30033,,9,H0904,English 9,H0904.3,4,B1;C4;E2,29,,,
30033,,9,J0903,FRC 9,J0903.2,5,A1;B4;D2,20,,,
30033,,9,A0901,Biology 9,A0901.6,6,A4;C2;D5,49,,,
30033,,9,I1003,Geometry,I1003.2,7,A2;B5;D3,35,,,
30033,,9,B0901,Social Studies 9,B0901.7,8,B2;C5;E4,40,,,
30033,,9,ADVHS01,Advisory HS,ADVHS01.5,9,E3,7,,,
30034,,9,B0901,Social Studies 9,B0901.1,1,A5;C3;E1,32,,,
30034,,9,E0901,Physical Education and Health 9,E0901.2,2,A3;C1;D4,9,,,
30034,,9,H0904,English 9,H0904.2,3,B3;D1;E5,29,,,
30034,,9,C0904,Band Level I,C0904.1,4,B1;C4;E2,3,,,
30034,,9,J0903,FRC 9,J0903.2,5,A1;B4;D2,20,,,
30034,,9,A0901,Biology 9,A0901.6,6,A4;C2;D5,49,,,
30034,,9,I1003,Geometry,I1003.2,7,A2;B5;D3,35,,,
30034,,9,G0901,Español & Literatura 9,G0901.6,8,B2;C5;E4,48,,,
30034,,9,ADVHS01,Advisory HS,ADVHS01.30,9,E3,15,,,
30036,,9,J0901,Technology 9,J0901.3,1,A5;C3;E1,21,,,
30036,,9,C0904,Band Level I,C0904.3,2,A3;C1;D4,3,,,
30036,,9,A0901,Biology 9,A0901.3,3,B3;D1;E5,49,,,
30036,,9,B0901,Social Studies 9,B0901.6,4,B1;C4;E2,40,,,
30036,,9,E0901,Physical Education and Health 9,E0901.3,5,A1;B4;D2,9,,,
30036,,9,I1003,Geometry,I1003.5,6,A4;C2;D5,42,,,
30036,,9,G0901,Español & Literatura 9,G0901.1,7,A2;B5;D3,28,,,
30036,,9,H0904,English 9,H0904.1,8,B2;C5;E4,29,,,
30036,,9,ADVHS01,Advisory HS,ADVHS01.6,9,E3,8,,,
30037,,9,A0901,Biology 9,A0901.1,1,A5;C3;E1,41,,,
30037,,9,J0901,Technology 9,J0901.2,2,A3;C1;D4,21,,,
30037,,9,B0901,Social Studies 9,B0901.5,3,B3;D1;E5,40,,,
30037,,9,I0903,Algebra I 9,I0903.1,4,B1;C4;E2,37,,,
30037,,9,G0901,Español & Literatura 9,G0901.5,5,A1;B4;D2,48,,,
30037,,9,E0901,Physical Education and Health 9,E0901.4,6,A4;C2;D5,9,,,
30037,,9,C0904,Band Level I,C0904.2,7,A2;B5;D3,3,,,
30037,,9,H0904,English 9,H0904.1,8,B2;C5;E4,29,,,
30037,,9,ADVHS01,Advisory HS,ADVHS01.7,9,E3,13,,,
30038,,9,E0901,Physical Education and Health 9,E0901.1,1,A5;C3;E1,9,,,
30038,,9,A0901,Biology 9,A0901.2,2,A3;C1;D4,41,,,
30038,,9,B0901,Social Studies 9,B0901.5,3,B3;D1;E5,40,,,
30038,,9,J0901,Technology 9,J0901.1,4,B1;C4;E2,21,,,
30038,,9,G0901,Español & Literatura 9,G0901.5,5,A1;B4;D2,48,,,
30038,,9,OC1305,Painting I,OC1305.2,6,A4;C2;D5,5,,,
30038,,9,H0904,English 9,H0904.4,7,A2;B5;D3,29,,,
30038,,9,I1003,Geometry,I1003.3,8,B2;C5;E4,42,,,
30038,,9,ADVHS01,Advisory HS,ADVHS01.8,9,E3,19,,,
30039,,9,J0901,Technology 9,J0901.3,1,A5;C3;E1,21,,,
30039,,9,OC1306,Sculpture I,OC1306.1,2,A3;C1;D4,5,,,
30039,,9,H0904,English 9,H0904.2,3,B3;D1;E5,29,,,
30039,,9,A0901,Biology 9,A0901.4,4,B1;C4;E2,49,,,
30039,,9,B0901,Social Studies 9,B0901.4,5,A1;B4;D2,34,,,
30039,,9,G0901,Español & Literatura 9,G0901.3,6,A4;C2;D5,28,,,
30039,,9,I0903,Algebra I 9,I0903.2,7,A2;B5;D3,37,,,
30039,,9,E0901,Physical Education and Health 9,E0901.5,8,B2;C5;E4,9,,,
30039,,9,ADVHS01,Advisory HS,ADVHS01.9,9,E3,20,,,
30042,,9,H0904,English 9,H0904.7,1,A5;C3;E1,15,,,
30042,,9,J0901,Technology 9,J0901.2,2,A3;C1;D4,21,,,
30042,,9,E0901,Physical Education and Health 9,E0901.6,3,B3;D1;E5,9,,,
30042,,9,A0901,Biology 9,A0901.4,4,B1;C4;E2,49,,,
30042,,9,G0901,Español & Literatura 9,G0901.5,5,A1;B4;D2,48,,,
30042,,9,I0903,Algebra I 9,I0903.2,7,A2;B5;D3,37,,,
30042,,9,C0904,Band Level I,C0904.4,8,B2;C5;E4,3,,,
30042,,9,ADVHS01,Advisory HS,ADVHS01.32,9,E3,45,,,
30043,,9,G0901,Español & Literatura 9,G0901.4,1,A5;C3;E1,28,,,
30043,,9,J0903,FRC 9,J0903.3,2,A3;C1;D4,20,,,
30043,,9,E0901,Physical Education and Health 9,E0901.6,3,B3;D1;E5,9,,,
30043,,9,C0904,Band Level I,C0904.1,4,B1;C4;E2,3,,,
30043,,9,A0901,Biology 9,A0901.5,5,A1;B4;D2,49,,,
30043,,9,I0903,Algebra I 9,I0903.3,6,A4;C2;D5,37,,,
30043,,9,H0904,English 9,H0904.4,7,A2;B5;D3,29,,,
30043,,9,B0901,Social Studies 9,B0901.7,8,B2;C5;E4,40,,,
30043,,9,ADVHS01,Advisory HS,ADVHS01.1,9,E3,3,,,
30045,,9,E0901,Physical Education and Health 9,E0901.1,1,A5;C3;E1,9,,,
30045,,9,C0904,Band Level I,C0904.3,2,A3;C1;D4,3,,,
30045,,9,J0903,FRC 9,J0903.1,3,B3;D1;E5,20,,,
30045,,9,H0904,English 9,H0904.3,4,B1;C4;E2,29,,,
30045,,9,B0901,Social Studies 9,B0901.4,5,A1;B4;D2,34,,,
30045,,9,A0901,Biology 9,A0901.6,6,A4;C2;D5,49,,,
30045,,9,I1003,Geometry,I1003.2,7,A2;B5;D3,35,,,
30045,,9,G0901,Español & Literatura 9,G0901.6,8,B2;C5;E4,48,,,
30045,,9,ADVHS01,Advisory HS,ADVHS01.10,9,E3,21,,,
30047,,9,A0901,Biology 9,A0901.1,1,A5;C3;E1,41,,,
30047,,9,E0901,Physical Education and Health 9,E0901.2,2,A3;C1;D4,9,,,
30047,,9,G0901,Español & Literatura 9,G0901.7,3,B3;D1;E5,48,,,
30047,,9,I1003,Geometry,I1003.1,4,B1;C4;E2,35,,,
30047,,9,J0903,FRC 9,J0903.2,5,A1;B4;D2,20,,,
30047,,9,OC1305,Painting I,OC1305.2,6,A4;C2;D5,5,,,
30047,,9,B0901,Social Studies 9,B0901.3,7,A2;B5;D3,32,,,
30047,,9,H0904,English 9,H0904.1,8,B2;C5;E4,29,,,
30047,,9,ADVHS01,Advisory HS,ADVHS01.11,9,E3,22,,,
30048,,9,G0901,Español & Literatura 9,G0901.4,1,A5;C3;E1,28,,,
30048,,9,OC1306,Sculpture I,OC1306.1,2,A3;C1;D4,5,,,
30048,,9,A0901,Biology 9,A0901.3,3,B3;D1;E5,49,,,
30048,,9,J0901,Technology 9,J0901.1,4,B1;C4;E2,21,,,
30048,,9,E0901,Physical Education and Health 9,E0901.3,5,A1;B4;D2,9,,,
30048,,9,H0904,English 9,H0904.6,6,A4;C2;D5,15,,,
30048,,9,I1003,Geometry,I1003.2,7,A2;B5;D3,35,,,
30048,,9,B0901,Social Studies 9,B0901.7,8,B2;C5;E4,40,,,
30048,,9,ADVHS01,Advisory HS,ADVHS01.12,9,E3,23,,,
30049,,9,B0901,Social Studies 9,B0901.1,1,A5;C3;E1,32,,,
30049,,9,J0903,FRC 9,J0903.3,2,A3;C1;D4,20,,,
30049,,9,H0904,English 9,H0904.2,3,B3;D1;E5,29,,,
30049,,9,I0903,Algebra I 9,I0903.1,4,B1;C4;E2,37,,,
30049,,9,A0901,Biology 9,A0901.5,5,A1;B4;D2,49,,,
30049,,9,E0901,Physical Education and Health 9,E0901.4,6,A4;C2;D5,9,,,
30049,,9,G0901,Español & Literatura 9,G0901.1,7,A2;B5;D3,28,,,
30049,,9,C0904,Band Level I,C0904.4,8,B2;C5;E4,3,,,
30049,,9,ADVHS01,Advisory HS,ADVHS01.13,9,E3,24,,,
30050,,9,B0901,Social Studies 9,B0901.1,1,A5;C3;E1,32,,,
30050,,9,A0901,Biology 9,A0901.2,2,A3;C1;D4,41,,,
30050,,9,J0903,FRC 9,J0903.1,3,B3;D1;E5,20,,,
30050,,9,H0904,English 9,H0904.3,4,B1;C4;E2,29,,,
30050,,9,OC1305,Painting I,OC1305.4,5,A1;B4;D2,46,,,
30050,,9,G0901,Español & Literatura 9,G0901.3,6,A4;C2;D5,28,,,
30050,,9,I0903,Algebra I 9,I0903.2,7,A2;B5;D3,37,,,
30050,,9,E0901,Physical Education and Health 9,E0901.5,8,B2;C5;E4,9,,,
30050,,9,ADVHS01,Advisory HS,ADVHS01.14,9,E3,25,,,
30051,,9,OC1307,Drawing I,OC1307.1,1,A5;C3;E1,46,,,
30051,,9,J0901,Technology 9,J0901.2,2,A3;C1;D4,21,,,
30051,,9,E0901,Physical Education and Health 9,E0901.6,3,B3;D1;E5,9,,,
30051,,9,A0901,Biology 9,A0901.4,4,B1;C4;E2,49,,,
30051,,9,G0901,Español & Literatura 9,G0901.5,5,A1;B4;D2,48,,,
30051,,9,I0903,Algebra I 9,I0903.3,6,A4;C2;D5,37,,,
30051,,9,B0901,Social Studies 9,B0901.3,7,A2;B5;D3,32,,,
30051,,9,H0904,English 9,H0904.1,8,B2;C5;E4,29,,,
30051,,9,ADVHS01,Advisory HS,ADVHS01.15,9,E3,26,,,
30052,,9,B0901,Social Studies 9,B0901.1,1,A5;C3;E1,32,,,
30052,,9,J0903,FRC 9,J0903.3,2,A3;C1;D4,20,,,
30052,,9,G0901,Español & Literatura 9,G0901.7,3,B3;D1;E5,48,,,
30052,,9,C0904,Band Level I,C0904.1,4,B1;C4;E2,3,,,
30052,,9,A0901,Biology 9,A0901.5,5,A1;B4;D2,49,,,
30052,,9,I0903,Algebra I 9,I0903.3,6,A4;C2;D5,37,,,
30052,,9,H0904,English 9,H0904.4,7,A2;B5;D3,29,,,
30052,,9,E0901,Physical Education and Health 9,E0901.5,8,B2;C5;E4,9,,,
30052,,9,ADVHS01,Advisory HS,ADVHS01.8,9,E3,19,,,
30054,,9,OC1307,Drawing I,OC1307.1,1,A5;C3;E1,46,,,
30054,,9,J0901,Technology 9,J0901.2,2,A3;C1;D4,21,,,
30054,,9,B0901,Social Studies 9,B0901.5,3,B3;D1;E5,40,,,
30054,,9,I0903,Algebra I 9,I0903.1,4,B1;C4;E2,37,,,
30054,,9,E0901,Physical Education and Health 9,E0901.3,5,A1;B4;D2,9,,,
30054,,9,A0901,Biology 9,A0901.6,6,A4;C2;D5,49,,,
30054,,9,H0904,English 9,H0904.4,7,A2;B5;D3,29,,,
30054,,9,G0901,Español & Literatura 9,G0901.6,8,B2;C5;E4,48,,,
30054,,9,ADVHS01,Advisory HS,ADVHS01.16,9,E3,28,,,
30055,,9,J0901,Technology 9,J0901.3,1,A5;C3;E1,21,,,
30055,,9,A0901,Biology 9,A0901.2,2,A3;C1;D4,41,,,
30055,,9,G0901,Español & Literatura 9,G0901.7,3,B3;D1;E5,48,,,
30055,,9,C0904,Band Level I,C0904.1,4,B1;C4;E2,3,,,
30055,,9,B0901,Social Studies 9,B0901.4,5,A1;B4;D2,34,,,
30055,,9,E0901,Physical Education and Health 9,E0901.4,6,A4;C2;D5,9,,,
30055,,9,I1003,Geometry,I1003.2,7,A2;B5;D3,35,,,
30055,,9,H0904,English 9,H0904.1,8,B2;C5;E4,29,,,
30055,,9,ADVHS01,Advisory HS,ADVHS01.17,9,E3,29,,,
30056,,9,OC1307,Drawing I,OC1307.1,1,A5;C3;E1,46,,,
30056,,9,E0901,Physical Education and Health 9,E0901.2,2,A3;C1;D4,9,,,
30056,,9,A0901,Biology 9,A0901.3,3,B3;D1;E5,49,,,
30056,,9,J0901,Technology 9,J0901.1,4,B1;C4;E2,21,,,
30056,,9,B0901,Social Studies 9,B0901.4,5,A1;B4;D2,34,,,
30056,,9,H0904,English 9,H0904.6,6,A4;C2;D5,15,,,
30056,,9,G0901,Español & Literatura 9,G0901.1,7,A2;B5;D3,28,,,
30056,,9,I1003,Geometry,I1003.3,8,B2;C5;E4,42,,,
30056,,9,ADVHS01,Advisory HS,ADVHS01.18,9,E3,31,,,
30057,,9,OC1305,Painting I,OC1305.3,1,A5;C3;E1,5,,,
30057,,9,E0901,Physical Education and Health 9,E0901.2,2,A3;C1;D4,9,,,
30057,,9,B0901,Social Studies 9,B0901.5,3,B3;D1;E5,40,,,
30057,,9,A0901,Biology 9,A0901.4,4,B1;C4;E2,49,,,
30057,,9,J0903,FRC 9,J0903.2,5,A1;B4;D2,20,,,
30057,,9,G0901,Español & Literatura 9,G0901.3,6,A4;C2;D5,28,,,
30057,,9,I0903,Algebra I 9,I0903.2,7,A2;B5;D3,37,,,
30057,,9,H0904,English 9,H0904.1,8,B2;C5;E4,29,,,
30057,,9,ADVHS01,Advisory HS,ADVHS01.19,9,E3,32,,,
30058,,9,J0901,Technology 9,J0901.3,1,A5;C3;E1,21,,,
30058,,9,G0901,Español & Literatura 9,G0901.2,2,A3;C1;D4,28,,,
30058,,9,H0904,English 9,H0904.2,3,B3;D1;E5,29,,,
30058,,9,B0901,Social Studies 9,B0901.6,4,B1;C4;E2,40,,,
30058,,9,A0901,Biology 9,A0901.5,5,A1;B4;D2,49,,,
30058,,9,I1003,Geometry,I1003.5,6,A4;C2;D5,42,,,
30058,,9,C0904,Band Level I,C0904.2,7,A2;B5;D3,3,,,
30058,,9,E0901,Physical Education and Health 9,E0901.5,8,B2;C5;E4,9,,,
30058,,9,ADVHS01,Advisory HS,ADVHS01.2,9,E3,4,,,
30059,,9,A0901,Biology 9,A0901.1,1,A5;C3;E1,41,,,
30059,,9,J0903,FRC 9,J0903.3,2,A3;C1;D4,20,,,
30059,,9,E0901,Physical Education and Health 9,E0901.6,3,B3;D1;E5,9,,,
30059,,9,B0901,Social Studies 9,B0901.6,4,B1;C4;E2,40,,,
30059,,9,OC1305,Painting I,OC1305.4,5,A1;B4;D2,46,,,
30059,,9,I0903,Algebra I 9,I0903.3,6,A4;C2;D5,37,,,
30059,,9,H0904,English 9,H0904.4,7,A2;B5;D3,29,,,
30059,,9,G0901,Español & Literatura 9,G0901.6,8,B2;C5;E4,48,,,
30059,,9,ADVHS01,Advisory HS,ADVHS01.20,9,E3,33,,,
30061,,9,E0901,Physical Education and Health 9,E0901.1,1,A5;C3;E1,9,,,
30061,,9,G0901,Español & Literatura 9,G0901.2,2,A3;C1;D4,28,,,
30061,,9,I1003,Geometry,I1003.6,3,B3;D1;E5,42,,,
30061,,9,J0901,Technology 9,J0901.1,4,B1;C4;E2,21,,,
30061,,9,H0904,English 9,H0904.5,5,A1;B4;D2,15,,,
30061,,9,A0901,Biology 9,A0901.6,6,A4;C2;D5,49,,,
30061,,9,OC1305,Painting I,OC1305.1,7,A2;B5;D3,5,,,
30061,,9,B0901,Social Studies 9,B0901.7,8,B2;C5;E4,40,,,
30061,,9,ADVHS01,Advisory HS,ADVHS01.21,9,E3,34,,,
30062,,9,A0901,Biology 9,A0901.1,1,A5;C3;E1,41,,,
30062,,9,E0901,Physical Education and Health 9,E0901.2,2,A3;C1;D4,9,,,
30062,,9,J0903,FRC 9,J0903.1,3,B3;D1;E5,20,,,
30062,,9,H0904,English 9,H0904.3,4,B1;C4;E2,29,,,
30062,,9,G0901,Español & Literatura 9,G0901.5,5,A1;B4;D2,48,,,
30062,,9,OC1305,Painting I,OC1305.2,6,A4;C2;D5,5,,,
30062,,9,B0901,Social Studies 9,B0901.3,7,A2;B5;D3,32,,,
30062,,9,I1003,Geometry,I1003.3,8,B2;C5;E4,42,,,
30062,,9,ADVHS01,Advisory HS,ADVHS01.22,9,E3,35,,,
30064,,9,E0901,Physical Education and Health 9,E0901.1,1,A5;C3;E1,9,,,
30064,,9,J0901,Technology 9,J0901.2,2,A3;C1;D4,21,,,
30064,,9,A0901,Biology 9,A0901.3,3,B3;D1;E5,49,,,
30064,,9,I0903,Algebra I 9,I0903.1,4,B1;C4;E2,37,,,
30064,,9,B0901,Social Studies 9,B0901.4,5,A1;B4;D2,34,,,
30064,,9,H0904,English 9,H0904.6,6,A4;C2;D5,15,,,
30064,,9,G0901,Español & Literatura 9,G0901.1,7,A2;B5;D3,28,,,
30064,,9,C0904,Band Level I,C0904.4,8,B2;C5;E4,3,,,
30064,,9,ADVHS01,Advisory HS,ADVHS01.23,9,E3,36,,,
30065,,9,OC1305,Painting I,OC1305.3,1,A5;C3;E1,5,,,
30065,,9,A0901,Biology 9,A0901.2,2,A3;C1;D4,41,,,
30065,,9,G0901,Español & Literatura 9,G0901.7,3,B3;D1;E5,48,,,
30065,,9,B0901,Social Studies 9,B0901.6,4,B1;C4;E2,40,,,
30065,,9,J0903,FRC 9,J0903.2,5,A1;B4;D2,20,,,
30065,,9,E0901,Physical Education and Health 9,E0901.4,6,A4;C2;D5,9,,,
30065,,9,I0903,Algebra I 9,I0903.2,7,A2;B5;D3,37,,,
30065,,9,H0904,English 9,H0904.1,8,B2;C5;E4,29,,,
30065,,9,ADVHS01,Advisory HS,ADVHS01.24,9,E3,37,,,
30066,,9,G0901,Español & Literatura 9,G0901.4,1,A5;C3;E1,28,,,
30066,,9,J0903,FRC 9,J0903.3,2,A3;C1;D4,20,,,
30066,,9,B0901,Social Studies 9,B0901.5,3,B3;D1;E5,40,,,
30066,,9,A0901,Biology 9,A0901.4,4,B1;C4;E2,49,,,
30066,,9,OC1305,Painting I,OC1305.4,5,A1;B4;D2,46,,,
30066,,9,I0903,Algebra I 9,I0903.3,6,A4;C2;D5,37,,,
30066,,9,H0904,English 9,H0904.4,7,A2;B5;D3,29,,,
30066,,9,E0901,Physical Education and Health 9,E0901.5,8,B2;C5;E4,9,,,
30066,,9,ADVHS01,Advisory HS,ADVHS01.25,9,E3,38,,,
30069,,9,J0901,Technology 9,J0901.3,1,A5;C3;E1,21,,,
30069,,9,C0904,Band Level I,C0904.3,2,A3;C1;D4,3,,,
30069,,9,E0901,Physical Education and Health 9,E0901.6,3,B3;D1;E5,9,,,
30069,,9,H0904,English 9,H0904.3,4,B1;C4;E2,29,,,
30069,,9,A0901,Biology 9,A0901.5,5,A1;B4;D2,49,,,
30069,,9,G0901,Español & Literatura 9,G0901.3,6,A4;C2;D5,28,,,
30069,,9,I1003,Geometry,I1003.2,7,A2;B5;D3,35,,,
30069,,9,B0901,Social Studies 9,B0901.7,8,B2;C5;E4,40,,,
30069,,9,ADVHS01,Advisory HS,ADVHS01.26,9,E3,40,,,
30070,,9,B0901,Social Studies 9,B0901.1,1,A5;C3;E1,32,,,
30070,,9,G0901,Español & Literatura 9,G0901.2,2,A3;C1;D4,28,,,
30070,,9,H0904,English 9,H0904.2,3,B3;D1;E5,29,,,
30070,,9,J0901,Technology 9,J0901.1,4,B1;C4;E2,21,,,
30070,,9,E0901,Physical Education and Health 9,E0901.3,5,A1;B4;D2,9,,,
30070,,9,A0901,Biology 9,A0901.6,6,A4;C2;D5,49,,,
30070,,9,C0904,Band Level I,C0904.2,7,A2;B5;D3,3,,,
30070,,9,I1003,Geometry,I1003.3,8,B2;C5;E4,42,,,
30070,,9,ADVHS01,Advisory HS,ADVHS01.27,9,E3,41,,,
30072,,9,A0901,Biology 9,A0901.1,1,A5;C3;E1,41,,,
30072,,9,E0901,Physical Education and Health 9,E0901.2,2,A3;C1;D4,9,,,
30072,,9,J0903,FRC 9,J0903.1,3,B3;D1;E5,20,,,
30072,,9,B0901,Social Studies 9,B0901.6,4,B1;C4;E2,40,,,
30072,,9,G0901,Español & Literatura 9,G0901.5,5,A1;B4;D2,48,,,
30072,,9,H0904,English 9,H0904.6,6,A4;C2;D5,15,,,
30072,,9,OC1305,Painting I,OC1305.1,7,A2;B5;D3,5,,,
30072,,9,I1003,Geometry,I1003.3,8,B2;C5;E4,42,,,
30072,,9,ADVHS01,Advisory HS,ADVHS01.28,9,E3,42,,,
30074,,9,E0901,Physical Education and Health 9,E0901.1,1,A5;C3;E1,9,,,
30074,,9,J0901,Technology 9,J0901.2,2,A3;C1;D4,21,,,
30074,,9,A0901,Biology 9,A0901.3,3,B3;D1;E5,49,,,
30074,,9,I1003,Geometry,I1003.1,4,B1;C4;E2,35,,,
30074,,9,H0904,English 9,H0904.5,5,A1;B4;D2,15,,,
30074,,9,OC1305,Painting I,OC1305.2,6,A4;C2;D5,5,,,
30074,,9,B0901,Social Studies 9,B0901.3,7,A2;B5;D3,32,,,
30074,,9,G0901,Español & Literatura 9,G0901.6,8,B2;C5;E4,48,,,
30074,,9,ADVHS01,Advisory HS,ADVHS01.29,9,E3,43,,,
30075,,9,J0901,Technology 9,J0901.3,1,A5;C3;E1,21,,,
30075,,9,A0901,Biology 9,A0901.2,2,A3;C1;D4,41,,,
30075,,9,G0901,Español & Literatura 9,G0901.7,3,B3;D1;E5,48,,,
30075,,9,C0904,Band Level I,C0904.1,4,B1;C4;E2,3,,,
30075,,9,E0901,Physical Education and Health 9,E0901.3,5,A1;B4;D2,9,,,
30075,,9,H0904,English 9,H0904.6,6,A4;C2;D5,15,,,
30075,,9,I1003,Geometry,I1003.2,7,A2;B5;D3,35,,,
30075,,9,B0901,Social Studies 9,B0901.7,8,B2;C5;E4,40,,,
30075,,9,ADVHS01,Advisory HS,ADVHS01.3,9,E3,5,,,
30076,,9,OC1305,Painting I,OC1305.3,1,A5;C3;E1,5,,,
30076,,9,G0901,Español & Literatura 9,G0901.2,2,A3;C1;D4,28,,,
30076,,9,B0901,Social Studies 9,B0901.5,3,B3;D1;E5,40,,,
30076,,9,J0901,Technology 9,J0901.1,4,B1;C4;E2,21,,,
30076,,9,A0901,Biology 9,A0901.5,5,A1;B4;D2,49,,,
30076,,9,E0901,Physical Education and Health 9,E0901.4,6,A4;C2;D5,9,,,
30076,,9,H0904,English 9,H0904.4,7,A2;B5;D3,29,,,
30076,,9,I1003,Geometry,I1003.3,8,B2;C5;E4,42,,,
30076,,9,ADVHS01,Advisory HS,ADVHS01.30,9,E3,15,,,
30077,,9,G0901,Español & Literatura 9,G0901.4,1,A5;C3;E1,28,,,
30077,,9,J0901,Technology 9,J0901.2,2,A3;C1;D4,21,,,
30077,,9,E0901,Physical Education and Health 9,E0901.6,3,B3;D1;E5,9,,,
30077,,9,A0901,Biology 9,A0901.4,4,B1;C4;E2,49,,,
30077,,9,B0901,Social Studies 9,B0901.4,5,A1;B4;D2,34,,,
30077,,9,H0904,English 9,H0904.6,6,A4;C2;D5,15,,,
30077,,9,I1003,Geometry,I1003.2,7,A2;B5;D3,35,,,
30077,,9,C0904,Band Level I,C0904.4,8,B2;C5;E4,3,,,
30077,,9,ADVHS01,Advisory HS,ADVHS01.31,9,E3,44,,,
30079,,9,B0901,Social Studies 9,B0901.1,1,A5;C3;E1,32,,,
30079,,9,G0901,Español & Literatura 9,G0901.2,2,A3;C1;D4,28,,,
30079,,9,H0904,English 9,H0904.2,3,B3;D1;E5,29,,,
30079,,9,I0903,Algebra I 9,I0903.1,4,B1;C4;E2,37,,,
30079,,9,J0903,FRC 9,J0903.2,5,A1;B4;D2,20,,,
30079,,9,A0901,Biology 9,A0901.6,6,A4;C2;D5,49,,,
30079,,9,OC1305,Painting I,OC1305.1,7,A2;B5;D3,5,,,
30079,,9,E0901,Physical Education and Health 9,E0901.5,8,B2;C5;E4,9,,,
30079,,9,ADVHS01,Advisory HS,ADVHS01.32,9,E3,45,,,
30080,,9,OC1307,Drawing I,OC1307.1,1,A5;C3;E1,46,,,
30080,,9,J0903,FRC 9,J0903.3,2,A3;C1;D4,20,,,
30080,,9,A0901,Biology 9,A0901.3,3,B3;D1;E5,49,,,
30080,,9,B0901,Social Studies 9,B0901.6,4,B1;C4;E2,40,,,
30080,,9,E0901,Physical Education and Health 9,E0901.3,5,A1;B4;D2,9,,,
30080,,9,H0904,English 9,H0904.6,6,A4;C2;D5,15,,,
30080,,9,G0901,Español & Literatura 9,G0901.1,7,A2;B5;D3,28,,,
30080,,9,I1003,Geometry,I1003.3,8,B2;C5;E4,42,,,
30080,,9,ADVHS01,Advisory HS,ADVHS01.33,9,E3,46,,,
30081,,9,A0901,Biology 9,A0901.1,1,A5;C3;E1,41,,,
30081,,9,E0901,Physical Education and Health 9,E0901.2,2,A3;C1;D4,9,,,
30081,,9,J0903,FRC 9,J0903.1,3,B3;D1;E5,20,,,
30081,,9,H0904,English 9,H0904.3,4,B1;C4;E2,29,,,
30081,,9,OC1305,Painting I,OC1305.4,5,A1;B4;D2,46,,,
30081,,9,G0901,Español & Literatura 9,G0901.3,6,A4;C2;D5,28,,,
30081,,9,B0901,Social Studies 9,B0901.3,7,A2;B5;D3,32,,,
30081,,9,ADVHS01,Advisory HS,ADVHS01.34,9,E3,47,,,
30082,,9,J0901,Technology 9,J0901.3,1,A5;C3;E1,21,,,
30082,,9,OC1306,Sculpture I,OC1306.1,2,A3;C1;D4,5,,,
30082,,9,B0901,Social Studies 9,B0901.5,3,B3;D1;E5,40,,,
30082,,9,A0901,Biology 9,A0901.4,4,B1;C4;E2,49,,,
30082,,9,G0901,Español & Literatura 9,G0901.5,5,A1;B4;D2,48,,,
30082,,9,E0901,Physical Education and Health 9,E0901.4,6,A4;C2;D5,9,,,
30082,,9,I0903,Algebra I 9,I0903.2,7,A2;B5;D3,37,,,
30082,,9,H0904,English 9,H0904.1,8,B2;C5;E4,29,,,
30082,,9,ADVHS01,Advisory HS,ADVHS01.35,9,E3,48,,,
30084,,9,E0901,Physical Education and Health 9,E0901.1,1,A5;C3;E1,9,,,
30084,,9,A0901,Biology 9,A0901.2,2,A3;C1;D4,41,,,
30084,,9,H0904,English 9,H0904.2,3,B3;D1;E5,29,,,
30084,,9,I1003,Geometry,I1003.1,4,B1;C4;E2,35,,,
30084,,9,J0903,FRC 9,J0903.2,5,A1;B4;D2,20,,,
30084,,9,OC1305,Painting I,OC1305.2,6,A4;C2;D5,5,,,
30084,,9,B0901,Social Studies 9,B0901.3,7,A2;B5;D3,32,,,
30084,,9,G0901,Español & Literatura 9,G0901.6,8,B2;C5;E4,48,,,
30084,,9,ADVHS01,Advisory HS,ADVHS01.36,9,E3,49,,,
30085,,9,OC1305,Painting I,OC1305.3,1,A5;C3;E1,5,,,
30085,,9,J0903,FRC 9,J0903.3,2,A3;C1;D4,20,,,
30085,,9,G0901,Español & Literatura 9,G0901.7,3,B3;D1;E5,48,,,
30085,,9,B0901,Social Studies 9,B0901.6,4,B1;C4;E2,40,,,
30085,,9,A0901,Biology 9,A0901.5,5,A1;B4;D2,49,,,
30085,,9,I1003,Geometry,I1003.5,6,A4;C2;D5,42,,,
30085,,9,H0904,English 9,H0904.4,7,A2;B5;D3,29,,,
30085,,9,E0901,Physical Education and Health 9,E0901.5,8,B2;C5;E4,9,,,
30085,,9,ADVHS01,Advisory HS,ADVHS01.4,9,E3,6,,,
30087,,9,G0901,Español & Literatura 9,G0901.4,1,A5;C3;E1,28,,,
30087,,9,OC1306,Sculpture I,OC1306.1,2,A3;C1;D4,5,,,
30087,,9,E0901,Physical Education and Health 9,E0901.6,3,B3;D1;E5,9,,,
30087,,9,J0901,Technology 9,J0901.1,4,B1;C4;E2,21,,,
30087,,9,B0901,Social Studies 9,B0901.4,5,A1;B4;D2,34,,,
30087,,9,A0901,Biology 9,A0901.6,6,A4;C2;D5,49,,,
30087,,9,I1003,Geometry,I1003.2,7,A2;B5;D3,35,,,
30087,,9,H0904,English 9,H0904.1,8,B2;C5;E4,29,,,
30087,,9,ADVHS01,Advisory HS,ADVHS01.5,9,E3,7,,,
30089,,9,A0901,Biology 9,A0901.1,1,A5;C3;E1,41,,,
30089,,9,C0904,Band Level I,C0904.3,2,A3;C1;D4,3,,,
30089,,9,J0903,FRC 9,J0903.1,3,B3;D1;E5,20,,,
30089,,9,H0904,English 9,H0904.3,4,B1;C4;E2,29,,,
30089,,9,E0901,Physical Education and Health 9,E0901.3,5,A1;B4;D2,9,,,
30089,,9,I0903,Algebra I 9,I0903.3,6,A4;C2;D5,37,,,
30089,,9,G0901,Español & Literatura 9,G0901.1,7,A2;B5;D3,28,,,
30089,,9,B0901,Social Studies 9,B0901.7,8,B2;C5;E4,40,,,
30089,,9,ADVHS01,Advisory HS,ADVHS01.6,9,E3,8,,,
30090,,9,E0901,Physical Education and Health 9,E0901.1,1,A5;C3;E1,9,,,
30090,,9,G0901,Español & Literatura 9,G0901.2,2,A3;C1;D4,28,,,
30090,,9,A0901,Biology 9,A0901.5,5,A1;B4;D2,49,,,
30090,,9,B0901,Social Studies 9,B0901.3,7,A2;B5;D3,32,,,
30090,,9,C0904,Band Level I,C0904.4,8,B2;C5;E4,3,,,
30090,,9,ADVHS01,Advisory HS,ADVHS01.33,9,E3,46,,,
30092,,9,E0901,Physical Education and Health 9,E0901.1,1,A5;C3;E1,9,,,
30092,,9,A0901,Biology 9,A0901.2,2,A3;C1;D4,41,,,
30092,,9,B0901,Social Studies 9,B0901.5,3,B3;D1;E5,40,,,
30092,,9,H0904,English 9,H0904.3,4,B1;C4;E2,29,,,
30092,,9,J0903,FRC 9,J0903.2,5,A1;B4;D2,20,,,
30092,,9,G0901,Español & Literatura 9,G0901.3,6,A4;C2;D5,28,,,
30092,,9,OC1305,Painting I,OC1305.1,7,A2;B5;D3,5,,,
30092,,9,ADVHS01,Advisory HS,ADVHS01.7,9,E3,13,,,
30093,,9,G0901,Español & Literatura 9,G0901.4,1,A5;C3;E1,28,,,
30093,,9,J0901,Technology 9,J0901.2,2,A3;C1;D4,21,,,
30093,,9,A0901,Biology 9,A0901.3,3,B3;D1;E5,49,,,
30093,,9,C0904,Band Level I,C0904.1,4,B1;C4;E2,3,,,
30093,,9,B0901,Social Studies 9,B0901.4,5,A1;B4;D2,34,,,
30093,,9,E0901,Physical Education and Health 9,E0901.4,6,A4;C2;D5,9,,,
30093,,9,H0904,English 9,H0904.4,7,A2;B5;D3,29,,,
30093,,9,ADVHS01,Advisory HS,ADVHS01.8,9,E3,19,,,
30094,,9,J0901,Technology 9,J0901.3,1,A5;C3;E1,21,,,
30094,,9,E0901,Physical Education and Health 9,E0901.2,2,A3;C1;D4,9,,,
30094,,9,H0904,English 9,H0904.2,3,B3;D1;E5,29,,,
30094,,9,A0901,Biology 9,A0901.4,4,B1;C4;E2,49,,,
30094,,9,G0901,Español & Literatura 9,G0901.5,5,A1;B4;D2,48,,,
30094,,9,I1003,Geometry,I1003.5,6,A4;C2;D5,42,,,
30094,,9,C0904,Band Level I,C0904.2,7,A2;B5;D3,3,,,
30094,,9,B0901,Social Studies 9,B0901.7,8,B2;C5;E4,40,,,
30094,,9,ADVHS01,Advisory HS,ADVHS01.9,9,E3,20,,,
30095,,9,G0901,Español & Literatura 9,G0901.4,1,A5;C3;E1,28,,,
30095,,9,J0903,FRC 9,J0903.3,2,A3;C1;D4,20,,,
30095,,9,E0901,Physical Education and Health 9,E0901.6,3,B3;D1;E5,9,,,
30095,,9,I1003,Geometry,I1003.1,4,B1;C4;E2,35,,,
30095,,9,A0901,Biology 9,A0901.5,5,A1;B4;D2,49,,,
30095,,9,H0904,English 9,H0904.6,6,A4;C2;D5,15,,,
30095,,9,B0901,Social Studies 9,B0901.3,7,A2;B5;D3,32,,,
30095,,9,C0904,Band Level I,C0904.4,8,B2;C5;E4,3,,,
30095,,9,ADVHS01,Advisory HS,ADVHS01.1,9,E3,3,,,
30097,,9,B0901,Social Studies 9,B0901.1,1,A5;C3;E1,32,,,
30097,,9,G0901,Español & Literatura 9,G0901.2,2,A3;C1;D4,28,,,
30097,,9,J0903,FRC 9,J0903.1,3,B3;D1;E5,20,,,
30097,,9,I0903,Algebra I 9,I0903.1,4,B1;C4;E2,37,,,
30097,,9,OC1305,Painting I,OC1305.4,5,A1;B4;D2,46,,,
30097,,9,A0901,Biology 9,A0901.6,6,A4;C2;D5,49,,,
30097,,9,H0904,English 9,H0904.4,7,A2;B5;D3,29,,,
30097,,9,E0901,Physical Education and Health 9,E0901.5,8,B2;C5;E4,9,,,
30097,,9,ADVHS01,Advisory HS,ADVHS01.10,9,E3,21,,,
30098,,9,G0901,Español & Literatura 9,G0901.4,1,A5;C3;E1,28,,,
30098,,9,E0901,Physical Education and Health 9,E0901.2,2,A3;C1;D4,9,,,
30098,,9,I1003,Geometry,I1003.6,3,B3;D1;E5,42,,,
30098,,9,J0901,Technology 9,J0901.1,4,B1;C4;E2,21,,,
30098,,9,B0901,Social Studies 9,B0901.4,5,A1;B4;D2,34,,,
30098,,9,A0901,Biology 9,A0901.6,6,A4;C2;D5,49,,,
30098,,9,C0904,Band Level I,C0904.2,7,A2;B5;D3,3,,,
30098,,9,H0904,English 9,H0904.1,8,B2;C5;E4,29,,,
30098,,9,ADVHS01,Advisory HS,ADVHS01.9,9,E3,20,,,
30100,,9,J0901,Technology 9,J0901.3,1,A5;C3;E1,21,,,
30100,,9,C0904,Band Level I,C0904.3,2,A3;C1;D4,3,,,
30100,,9,A0901,Biology 9,A0901.3,3,B3;D1;E5,49,,,
30100,,9,I0903,Algebra I 9,I0903.1,4,B1;C4;E2,37,,,
30100,,9,E0901,Physical Education and Health 9,E0901.3,5,A1;B4;D2,9,,,
30100,,9,H0904,English 9,H0904.6,6,A4;C2;D5,15,,,
30100,,9,G0901,Español & Literatura 9,G0901.1,7,A2;B5;D3,28,,,
30100,,9,B0901,Social Studies 9,B0901.7,8,B2;C5;E4,40,,,
30100,,9,ADVHS01,Advisory HS,ADVHS01.1,9,E3,3,,,
30101,,9,G0901,Español & Literatura 9,G0901.4,1,A5;C3;E1,28,,,
30101,,9,J0903,FRC 9,J0903.3,2,A3;C1;D4,20,,,
30101,,9,A0901,Biology 9,A0901.3,3,B3;D1;E5,49,,,
30101,,9,H0904,English 9,H0904.3,4,B1;C4;E2,29,,,
30101,,9,B0901,Social Studies 9,B0901.4,5,A1;B4;D2,34,,,
30101,,9,I0903,Algebra I 9,I0903.3,6,A4;C2;D5,37,,,
30101,,9,C0904,Band Level I,C0904.2,7,A2;B5;D3,3,,,
30101,,9,E0901,Physical Education and Health 9,E0901.5,8,B2;C5;E4,9,,,
30101,,9,ADVHS01,Advisory HS,ADVHS01.3,9,E3,5,,,
30102,,9,A0901,Biology 9,A0901.1,1,A5;C3;E1,41,,,
30102,,9,C0904,Band Level I,C0904.3,2,A3;C1;D4,3,,,
30102,,9,B0901,Social Studies 9,B0901.5,3,B3;D1;E5,40,,,
30102,,9,J0901,Technology 9,J0901.1,4,B1;C4;E2,21,,,
30102,,9,E0901,Physical Education and Health 9,E0901.3,5,A1;B4;D2,9,,,
30102,,9,H0904,English 9,H0904.6,6,A4;C2;D5,15,,,
30102,,9,I1003,Geometry,I1003.2,7,A2;B5;D3,35,,,
30102,,9,G0901,Español & Literatura 9,G0901.6,8,B2;C5;E4,48,,,
30102,,9,ADVHS01,Advisory HS,ADVHS01.11,9,E3,22,,,
30103,,9,E0901,Physical Education and Health 9,E0901.1,1,A5;C3;E1,9,,,
30103,,9,A0901,Biology 9,A0901.2,2,A3;C1;D4,41,,,
30103,,9,G0901,Español & Literatura 9,G0901.7,3,B3;D1;E5,48,,,
30103,,9,B0901,Social Studies 9,B0901.6,4,B1;C4;E2,40,,,
30103,,9,J0903,FRC 9,J0903.2,5,A1;B4;D2,20,,,
30103,,9,OC1305,Painting I,OC1305.2,6,A4;C2;D5,5,,,
30103,,9,I1003,Geometry,I1003.2,7,A2;B5;D3,35,,,
30103,,9,H0904,English 9,H0904.1,8,B2;C5;E4,29,,,
30103,,9,ADVHS01,Advisory HS,ADVHS01.12,9,E3,23,,,
30104,,9,B0901,Social Studies 9,B0901.1,1,A5;C3;E1,32,,,
30104,,9,J0901,Technology 9,J0901.2,2,A3;C1;D4,21,,,
30104,,9,A0901,Biology 9,A0901.3,3,B3;D1;E5,49,,,
30104,,9,C0904,Band Level I,C0904.1,4,B1;C4;E2,3,,,
30104,,9,H0904,English 9,H0904.5,5,A1;B4;D2,15,,,
30104,,9,E0901,Physical Education and Health 9,E0901.4,6,A4;C2;D5,9,,,
30104,,9,G0901,Español & Literatura 9,G0901.1,7,A2;B5;D3,28,,,
30104,,9,ADVHS01,Advisory HS,ADVHS01.13,9,E3,24,,,
30105,,9,G0901,Español & Literatura 9,G0901.2,2,A3;C1;D4,28,,,
30105,,9,B0901,Social Studies 9,B0901.5,3,B3;D1;E5,40,,,
30105,,9,A0901,Biology 9,A0901.4,4,B1;C4;E2,49,,,
30105,,9,H0904,English 9,H0904.5,5,A1;B4;D2,15,,,
30105,,9,E0901,Physical Education and Health 9,E0901.4,6,A4;C2;D5,9,,,
30105,,9,I0903,Algebra I 9,I0903.2,7,A2;B5;D3,37,,,
30105,,9,C0904,Band Level I,C0904.4,8,B2;C5;E4,3,,,
30105,,9,ADVHS01,Advisory HS,ADVHS01.34,9,E3,47,,,
30106,,9,B0901,Social Studies 9,B0901.1,1,A5;C3;E1,32,,,
30106,,9,J0903,FRC 9,J0903.3,2,A3;C1;D4,20,,,
30106,,9,I1003,Geometry,I1003.6,3,B3;D1;E5,42,,,
30106,,9,A0901,Biology 9,A0901.4,4,B1;C4;E2,49,,,
30106,,9,H0904,English 9,H0904.5,5,A1;B4;D2,15,,,
30106,,9,G0901,Español & Literatura 9,G0901.3,6,A4;C2;D5,28,,,
30106,,9,C0904,Band Level I,C0904.2,7,A2;B5;D3,3,,,
30106,,9,E0901,Physical Education and Health 9,E0901.5,8,B2;C5;E4,9,,,
30106,,9,ADVHS01,Advisory HS,ADVHS01.14,9,E3,25,,,
30107,,9,J0901,Technology 9,J0901.3,1,A5;C3;E1,21,,,
30107,,9,E0901,Physical Education and Health 9,E0901.2,2,A3;C1;D4,9,,,
30107,,9,H0904,English 9,H0904.2,3,B3;D1;E5,29,,,
30107,,9,I1003,Geometry,I1003.1,4,B1;C4;E2,35,,,
30107,,9,OC1305,Painting I,OC1305.4,5,A1;B4;D2,46,,,
30107,,9,A0901,Biology 9,A0901.6,6,A4;C2;D5,49,,,
30107,,9,B0901,Social Studies 9,B0901.3,7,A2;B5;D3,32,,,
30107,,9,G0901,Español & Literatura 9,G0901.6,8,B2;C5;E4,48,,,
30107,,9,ADVHS01,Advisory HS,ADVHS01.15,9,E3,26,,,
30109,,9,OC1305,Painting I,OC1305.3,1,A5;C3;E1,5,,,
30109,,9,G0901,Español & Literatura 9,G0901.2,2,A3;C1;D4,28,,,
30109,,9,E0901,Physical Education and Health 9,E0901.6,3,B3;D1;E5,9,,,
30109,,9,J0901,Technology 9,J0901.1,4,B1;C4;E2,21,,,
30109,,9,A0901,Biology 9,A0901.5,5,A1;B4;D2,49,,,
30109,,9,H0904,English 9,H0904.6,6,A4;C2;D5,15,,,
30109,,9,I0903,Algebra I 9,I0903.2,7,A2;B5;D3,37,,,
30109,,9,B0901,Social Studies 9,B0901.7,8,B2;C5;E4,40,,,
30109,,9,ADVHS01,Advisory HS,ADVHS01.16,9,E3,28,,,
30111,,9,A0901,Biology 9,A0901.1,1,A5;C3;E1,41,,,
30111,,9,E0901,Physical Education and Health 9,E0901.2,2,A3;C1;D4,9,,,
30111,,9,J0903,FRC 9,J0903.1,3,B3;D1;E5,20,,,
30111,,9,B0901,Social Studies 9,B0901.6,4,B1;C4;E2,40,,,
30111,,9,G0901,Español & Literatura 9,G0901.5,5,A1;B4;D2,48,,,
30111,,9,I1003,Geometry,I1003.5,6,A4;C2;D5,42,,,
30111,,9,OC1305,Painting I,OC1305.1,7,A2;B5;D3,5,,,
30111,,9,H0904,English 9,H0904.1,8,B2;C5;E4,29,,,
30111,,9,ADVHS01,Advisory HS,ADVHS01.17,9,E3,29,,,
30112,,9,E0901,Physical Education and Health 9,E0901.1,1,A5;C3;E1,9,,,
30112,,9,OC1306,Sculpture I,OC1306.1,2,A3;C1;D4,5,,,
30112,,9,A0901,Biology 9,A0901.3,3,B3;D1;E5,49,,,
30112,,9,H0904,English 9,H0904.3,4,B1;C4;E2,29,,,
30112,,9,J0903,FRC 9,J0903.2,5,A1;B4;D2,20,,,
30112,,9,I0903,Algebra I 9,I0903.3,6,A4;C2;D5,37,,,
30112,,9,G0901,Español & Literatura 9,G0901.1,7,A2;B5;D3,28,,,
30112,,9,B0901,Social Studies 9,B0901.7,8,B2;C5;E4,40,,,
30112,,9,ADVHS01,Advisory HS,ADVHS01.18,9,E3,31,,,
30114,,9,G0901,Español & Literatura 9,G0901.4,1,A5;C3;E1,28,,,
30114,,9,J0901,Technology 9,J0901.2,2,A3;C1;D4,21,,,
30114,,9,B0901,Social Studies 9,B0901.5,3,B3;D1;E5,40,,,
30114,,9,I0903,Algebra I 9,I0903.1,4,B1;C4;E2,37,,,
30114,,9,A0901,Biology 9,A0901.5,5,A1;B4;D2,49,,,
30114,,9,E0901,Physical Education and Health 9,E0901.4,6,A4;C2;D5,9,,,
30114,,9,H0904,English 9,H0904.4,7,A2;B5;D3,29,,,
30114,,9,C0904,Band Level I,C0904.4,8,B2;C5;E4,3,,,
30114,,9,ADVHS01,Advisory HS,ADVHS01.19,9,E3,32,,,
30117,,9,B0901,Social Studies 9,B0901.1,1,A5;C3;E1,32,,,
30117,,9,J0903,FRC 9,J0903.3,2,A3;C1;D4,20,,,
30117,,9,G0901,Español & Literatura 9,G0901.7,3,B3;D1;E5,48,,,
30117,,9,A0901,Biology 9,A0901.4,4,B1;C4;E2,49,,,
30117,,9,E0901,Physical Education and Health 9,E0901.3,5,A1;B4;D2,9,,,
30117,,9,OC1305,Painting I,OC1305.2,6,A4;C2;D5,5,,,
30117,,9,H0904,English 9,H0904.1,8,B2;C5;E4,29,,,
30117,,9,ADVHS01,Advisory HS,ADVHS01.2,9,E3,4,,,
30119,,9,J0901,Technology 9,J0901.3,1,A5;C3;E1,21,,,
30119,,9,A0901,Biology 9,A0901.2,2,A3;C1;D4,41,,,
30119,,9,H0904,English 9,H0904.2,3,B3;D1;E5,29,,,
30119,,9,I1003,Geometry,I1003.1,4,B1;C4;E2,35,,,
30119,,9,OC1305,Painting I,OC1305.4,5,A1;B4;D2,46,,,
30119,,9,G0901,Español & Literatura 9,G0901.3,6,A4;C2;D5,28,,,
30119,,9,B0901,Social Studies 9,B0901.3,7,A2;B5;D3,32,,,
30119,,9,E0901,Physical Education and Health 9,E0901.5,8,B2;C5;E4,9,,,
30119,,9,ADVHS01,Advisory HS,ADVHS01.20,9,E3,33,,,
30120,,9,OC1305,Painting I,OC1305.3,1,A5;C3;E1,5,,,
30120,,9,G0901,Español & Literatura 9,G0901.2,2,A3;C1;D4,28,,,
30120,,9,E0901,Physical Education and Health 9,E0901.6,3,B3;D1;E5,9,,,
30120,,9,J0901,Technology 9,J0901.1,4,B1;C4;E2,21,,,
30120,,9,B0901,Social Studies 9,B0901.4,5,A1;B4;D2,34,,,
30120,,9,A0901,Biology 9,A0901.6,6,A4;C2;D5,49,,,
30120,,9,H0904,English 9,H0904.4,7,A2;B5;D3,29,,,
30120,,9,ADVHS01,Advisory HS,ADVHS01.21,9,E3,34,,,
30121,,9,A0901,Biology 9,A0901.1,1,A5;C3;E1,41,,,
30121,,9,J0901,Technology 9,J0901.2,2,A3;C1;D4,21,,,
30121,,9,B0901,Social Studies 9,B0901.5,3,B3;D1;E5,40,,,
30121,,9,C0904,Band Level I,C0904.1,4,B1;C4;E2,3,,,
30121,,9,E0901,Physical Education and Health 9,E0901.3,5,A1;B4;D2,9,,,
30121,,9,H0904,English 9,H0904.6,6,A4;C2;D5,15,,,
30121,,9,I0903,Algebra I 9,I0903.2,7,A2;B5;D3,37,,,
30121,,9,G0901,Español & Literatura 9,G0901.6,8,B2;C5;E4,48,,,
30121,,9,ADVHS01,Advisory HS,ADVHS01.22,9,E3,35,,,
30122,,9,A0901,Biology 9,A0901.1,1,A5;C3;E1,41,,,
30122,,9,C0904,Band Level I,C0904.3,2,A3;C1;D4,3,,,
30122,,9,E0901,Physical Education and Health 9,E0901.6,3,B3;D1;E5,9,,,
30122,,9,J0901,Technology 9,J0901.1,4,B1;C4;E2,21,,,
30122,,9,B0901,Social Studies 9,B0901.4,5,A1;B4;D2,34,,,
30122,,9,I0903,Algebra I 9,I0903.3,6,A4;C2;D5,37,,,
30122,,9,H0904,English 9,H0904.4,7,A2;B5;D3,29,,,
30122,,9,G0901,Español & Literatura 9,G0901.6,8,B2;C5;E4,48,,,
30122,,9,ADVHS01,Advisory HS,ADVHS01.10,9,E3,21,,,
30123,,9,J0901,Technology 9,J0901.3,1,A5;C3;E1,21,,,
30123,,9,C0904,Band Level I,C0904.3,2,A3;C1;D4,3,,,
30123,,9,A0901,Biology 9,A0901.3,3,B3;D1;E5,49,,,
30123,,9,B0901,Social Studies 9,B0901.6,4,B1;C4;E2,40,,,
30123,,9,G0901,Español & Literatura 9,G0901.5,5,A1;B4;D2,48,,,
30123,,9,I0903,Algebra I 9,I0903.3,6,A4;C2;D5,37,,,
30123,,9,H0904,English 9,H0904.4,7,A2;B5;D3,29,,,
30123,,9,E0901,Physical Education and Health 9,E0901.5,8,B2;C5;E4,9,,,
30123,,9,ADVHS01,Advisory HS,ADVHS01.23,9,E3,36,,,
30124,,9,E0901,Physical Education and Health 9,E0901.1,1,A5;C3;E1,9,,,
30124,,9,A0901,Biology 9,A0901.2,2,A3;C1;D4,41,,,
30124,,9,J0903,FRC 9,J0903.1,3,B3;D1;E5,20,,,
30124,,9,I0903,Algebra I 9,I0903.1,4,B1;C4;E2,37,,,
30124,,9,B0901,Social Studies 9,B0901.4,5,A1;B4;D2,34,,,
30124,,9,G0901,Español & Literatura 9,G0901.3,6,A4;C2;D5,28,,,
30124,,9,OC1305,Painting I,OC1305.1,7,A2;B5;D3,5,,,
30124,,9,H0904,English 9,H0904.1,8,B2;C5;E4,29,,,
30124,,9,ADVHS01,Advisory HS,ADVHS01.24,9,E3,37,,,
30125,,9,G0901,Español & Literatura 9,G0901.4,1,A5;C3;E1,28,,,
30125,,9,E0901,Physical Education and Health 9,E0901.2,2,A3;C1;D4,9,,,
30125,,9,H0904,English 9,H0904.2,3,B3;D1;E5,29,,,
30125,,9,A0901,Biology 9,A0901.4,4,B1;C4;E2,49,,,
30125,,9,J0903,FRC 9,J0903.2,5,A1;B4;D2,20,,,
30125,,9,OC1305,Painting I,OC1305.2,6,A4;C2;D5,5,,,
30125,,9,I0903,Algebra I 9,I0903.2,7,A2;B5;D3,37,,,
30125,,9,B0901,Social Studies 9,B0901.7,8,B2;C5;E4,40,,,
30125,,9,ADVHS01,Advisory HS,ADVHS01.25,9,E3,38,,,
30126,,9,OC1305,Painting I,OC1305.3,1,A5;C3;E1,5,,,
30126,,9,J0903,FRC 9,J0903.3,2,A3;C1;D4,20,,,
30126,,9,G0901,Español & Literatura 9,G0901.7,3,B3;D1;E5,48,,,
30126,,9,H0904,English 9,H0904.3,4,B1;C4;E2,29,,,
30126,,9,A0901,Biology 9,A0901.5,5,A1;B4;D2,49,,,
30126,,9,E0901,Physical Education and Health 9,E0901.4,6,A4;C2;D5,9,,,
30126,,9,B0901,Social Studies 9,B0901.3,7,A2;B5;D3,32,,,
30126,,9,ADVHS01,Advisory HS,ADVHS01.26,9,E3,40,,,
30127,,9,A0901,Biology 9,A0901.1,1,A5;C3;E1,41,,,
30127,,9,C0904,Band Level I,C0904.3,2,A3;C1;D4,3,,,
30127,,9,J0903,FRC 9,J0903.1,3,B3;D1;E5,20,,,
30127,,9,I0903,Algebra I 9,I0903.1,4,B1;C4;E2,37,,,
30127,,9,E0901,Physical Education and Health 9,E0901.3,5,A1;B4;D2,9,,,
30127,,9,H0904,English 9,H0904.6,6,A4;C2;D5,15,,,
30127,,9,G0901,Español & Literatura 9,G0901.1,7,A2;B5;D3,28,,,
30127,,9,B0901,Social Studies 9,B0901.7,8,B2;C5;E4,40,,,
30127,,9,ADVHS01,Advisory HS,ADVHS01.28,9,E3,42,,,
30134,,9,E0901,Physical Education and Health 9,E0901.1,1,A5;C3;E1,9,,,
30134,,9,OC1306,Sculpture I,OC1306.1,2,A3;C1;D4,5,,,
30134,,9,J0903,FRC 9,J0903.1,3,B3;D1;E5,20,,,
30134,,9,H0904,English 9,H0904.3,4,B1;C4;E2,29,,,
30134,,9,B0901,Social Studies 9,B0901.4,5,A1;B4;D2,34,,,
30134,,9,A0901,Biology 9,A0901.6,6,A4;C2;D5,49,,,
30134,,9,G0901,Español & Literatura 9,G0901.1,7,A2;B5;D3,28,,,
30134,,9,ADVHS01,Advisory HS,ADVHS01.27,9,E3,41,,,
30135,,9,A0901,Biology 9,A0901.1,1,A5;C3;E1,41,,,
30135,,9,G0901,Español & Literatura 9,G0901.2,2,A3;C1;D4,28,,,
30135,,9,E0901,Physical Education and Health 9,E0901.6,3,B3;D1;E5,9,,,
30135,,9,J0901,Technology 9,J0901.1,4,B1;C4;E2,21,,,
30135,,9,OC1305,Painting I,OC1305.4,5,A1;B4;D2,46,,,
30135,,9,H0904,English 9,H0904.6,6,A4;C2;D5,15,,,
30135,,9,B0901,Social Studies 9,B0901.7,8,B2;C5;E4,40,,,
30135,,9,ADVHS01,Advisory HS,ADVHS01.28,9,E3,42,,,
30136,,9,G0901,Español & Literatura 9,G0901.4,1,A5;C3;E1,28,,,
30136,,9,A0901,Biology 9,A0901.2,2,A3;C1;D4,41,,,
30136,,9,B0901,Social Studies 9,B0901.5,3,B3;D1;E5,40,,,
30136,,9,H0904,English 9,H0904.3,4,B1;C4;E2,29,,,
30136,,9,J0903,FRC 9,J0903.2,5,A1;B4;D2,20,,,
30136,,9,E0901,Physical Education and Health 9,E0901.4,6,A4;C2;D5,9,,,
30136,,9,OC1305,Painting I,OC1305.1,7,A2;B5;D3,5,,,
30136,,9,ADVHS01,Advisory HS,ADVHS01.29,9,E3,43,,,
30139,,9,B0901,Social Studies 9,B0901.1,1,A5;C3;E1,32,,,
30139,,9,C0904,Band Level I,C0904.3,2,A3;C1;D4,3,,,
30139,,9,J0903,FRC 9,J0903.1,3,B3;D1;E5,20,,,
30139,,9,I0903,Algebra I 9,I0903.1,4,B1;C4;E2,37,,,
30139,,9,A0901,Biology 9,A0901.5,5,A1;B4;D2,49,,,
30139,,9,E0901,Physical Education and Health 9,E0901.4,6,A4;C2;D5,9,,,
30139,,9,G0901,Español & Literatura 9,G0901.1,7,A2;B5;D3,28,,,
30139,,9,ADVHS01,Advisory HS,ADVHS01.11,9,E3,22,,,
30141,,9,OC1305,Painting I,OC1305.3,1,A5;C3;E1,5,,,
30141,,9,J0903,FRC 9,J0903.3,2,A3;C1;D4,20,,,
30141,,9,A0901,Biology 9,A0901.3,3,B3;D1;E5,49,,,
30141,,9,B0901,Social Studies 9,B0901.6,4,B1;C4;E2,40,,,
30141,,9,E0901,Physical Education and Health 9,E0901.3,5,A1;B4;D2,9,,,
30141,,9,I0903,Algebra I 9,I0903.3,6,A4;C2;D5,37,,,
30141,,9,H0904,English 9,H0904.4,7,A2;B5;D3,29,,,
30141,,9,G0901,Español & Literatura 9,G0901.6,8,B2;C5;E4,48,,,
30141,,9,ADVHS01,Advisory HS,ADVHS01.3,9,E3,5,,,
30146,,9,OC1307,Drawing I,OC1307.1,1,A5;C3;E1,46,,,
30146,,9,E0901,Physical Education and Health 9,E0901.2,2,A3;C1;D4,9,,,
30146,,9,J0903,FRC 9,J0903.1,3,B3;D1;E5,20,,,
30146,,9,I0903,Algebra I 9,I0903.1,4,B1;C4;E2,37,,,
30146,,9,A0901,Biology 9,A0901.5,5,A1;B4;D2,49,,,
30146,,9,H0904,English 9,H0904.6,6,A4;C2;D5,15,,,
30146,,9,G0901,Español & Literatura 9,G0901.1,7,A2;B5;D3,28,,,
30146,,9,B0901,Social Studies 9,B0901.7,8,B2;C5;E4,40,,,
30146,,9,ADVHS01,Advisory HS,ADVHS01.30,9,E3,15,,,
30147,,9,B0901,Social Studies 9,B0901.1,1,A5;C3;E1,32,,,
30147,,9,J0901,Technology 9,J0901.2,2,A3;C1;D4,21,,,
30147,,9,H0904,English 9,H0904.2,3,B3;D1;E5,29,,,
30147,,9,A0901,Biology 9,A0901.4,4,B1;C4;E2,49,,,
30147,,9,G0901,Español & Literatura 9,G0901.5,5,A1;B4;D2,48,,,
30147,,9,OC1305,Painting I,OC1305.2,6,A4;C2;D5,5,,,
30147,,9,I0903,Algebra I 9,I0903.2,7,A2;B5;D3,37,,,
30147,,9,E0901,Physical Education and Health 9,E0901.5,8,B2;C5;E4,9,,,
30147,,9,ADVHS01,Advisory HS,ADVHS01.31,9,E3,44,,,
30148,,9,B0901,Social Studies 9,B0901.1,1,A5;C3;E1,32,,,
30148,,9,G0901,Español & Literatura 9,G0901.2,2,A3;C1;D4,28,,,
30148,,9,E0901,Physical Education and Health 9,E0901.6,3,B3;D1;E5,9,,,
30148,,9,H0904,English 9,H0904.3,4,B1;C4;E2,29,,,
30148,,9,J0903,FRC 9,J0903.2,5,A1;B4;D2,20,,,
30148,,9,A0901,Biology 9,A0901.6,6,A4;C2;D5,49,,,
30148,,9,OC1305,Painting I,OC1305.1,7,A2;B5;D3,5,,,
30148,,9,ADVHS01,Advisory HS,ADVHS01.32,9,E3,45,,,
30153,,9,J0901,Technology 9,J0901.3,1,A5;C3;E1,21,,,
30153,,9,A0901,Biology 9,A0901.2,2,A3;C1;D4,41,,,
30153,,9,G0901,Español & Literatura 9,G0901.7,3,B3;D1;E5,48,,,
30153,,9,B0901,Social Studies 9,B0901.6,4,B1;C4;E2,40,,,
30153,,9,E0901,Physical Education and Health 9,E0901.3,5,A1;B4;D2,9,,,
30153,,9,I1003,Geometry,I1003.5,6,A4;C2;D5,42,,,
30153,,9,C0904,Band Level I,C0904.2,7,A2;B5;D3,3,,,
30153,,9,H0904,English 9,H0904.1,8,B2;C5;E4,29,,,
30153,,9,ADVHS01,Advisory HS,ADVHS01.33,9,E3,46,,,
30154,,9,A0901,Biology 9,A0901.1,1,A5;C3;E1,41,,,
30154,,9,J0903,FRC 9,J0903.3,2,A3;C1;D4,20,,,
30154,,9,H0904,English 9,H0904.2,3,B3;D1;E5,29,,,
30154,,9,I1003,Geometry,I1003.1,4,B1;C4;E2,35,,,
30154,,9,G0901,Español & Literatura 9,G0901.5,5,A1;B4;D2,48,,,
30154,,9,E0901,Physical Education and Health 9,E0901.4,6,A4;C2;D5,9,,,
30154,,9,B0901,Social Studies 9,B0901.3,7,A2;B5;D3,32,,,
30154,,9,C0904,Band Level I,C0904.4,8,B2;C5;E4,3,,,
30154,,9,ADVHS01,Advisory HS,ADVHS01.34,9,E3,47,,,
30155,,9,H0904,English 9,H0904.7,1,A5;C3;E1,15,,,
30155,,9,J0901,Technology 9,J0901.2,2,A3;C1;D4,21,,,
30155,,9,G0901,Español & Literatura 9,G0901.7,3,B3;D1;E5,48,,,
30155,,9,A0901,Biology 9,A0901.4,4,B1;C4;E2,49,,,
30155,,9,B0901,Social Studies 9,B0901.4,5,A1;B4;D2,34,,,
30155,,9,I0903,Algebra I 9,I0903.3,6,A4;C2;D5,37,,,
30155,,9,C0904,Band Level I,C0904.2,7,A2;B5;D3,3,,,
30155,,9,E0901,Physical Education and Health 9,E0901.5,8,B2;C5;E4,9,,,
30155,,9,ADVHS01,Advisory HS,ADVHS01.12,9,E3,23,,,
30158,,9,E0901,Physical Education and Health 9,E0901.1,1,A5;C3;E1,9,,,
30158,,9,G0901,Español & Literatura 9,G0901.2,2,A3;C1;D4,28,,,
30158,,9,A0901,Biology 9,A0901.3,3,B3;D1;E5,49,,,
30158,,9,J0901,Technology 9,J0901.1,4,B1;C4;E2,21,,,
30158,,9,OC1305,Painting I,OC1305.4,5,A1;B4;D2,46,,,
30158,,9,H0904,English 9,H0904.6,6,A4;C2;D5,15,,,
30158,,9,B0901,Social Studies 9,B0901.3,7,A2;B5;D3,32,,,
30158,,9,ADVHS01,Advisory HS,ADVHS01.35,9,E3,48,,,
30160,,9,B0901,Social Studies 9,B0901.1,1,A5;C3;E1,32,,,
30160,,9,A0901,Biology 9,A0901.2,2,A3;C1;D4,41,,,
30160,,9,G0901,Español & Literatura 9,G0901.7,3,B3;D1;E5,48,,,
30160,,9,J0901,Technology 9,J0901.1,4,B1;C4;E2,21,,,
30160,,9,OC1305,Painting I,OC1305.4,5,A1;B4;D2,46,,,
30160,,9,E0901,Physical Education and Health 9,E0901.4,6,A4;C2;D5,9,,,
30160,,9,I0903,Algebra I 9,I0903.2,7,A2;B5;D3,37,,,
30160,,9,H0904,English 9,H0904.1,8,B2;C5;E4,29,,,
30160,,9,ADVHS01,Advisory HS,ADVHS01.31,9,E3,44,,,
30161,,9,B0901,Social Studies 9,B0901.1,1,A5;C3;E1,32,,,
30161,,9,C0904,Band Level I,C0904.3,2,A3;C1;D4,3,,,
30161,,9,J0903,FRC 9,J0903.1,3,B3;D1;E5,20,,,
30161,,9,A0901,Biology 9,A0901.4,4,B1;C4;E2,49,,,
30161,,9,H0904,English 9,H0904.5,5,A1;B4;D2,15,,,
30161,,9,G0901,Español & Literatura 9,G0901.3,6,A4;C2;D5,28,,,
30161,,9,E0901,Physical Education and Health 9,E0901.5,8,B2;C5;E4,9,,,
30161,,9,ADVHS01,Advisory HS,ADVHS01.36,9,E3,49,,,
30162,,9,OC1305,Painting I,OC1305.3,1,A5;C3;E1,5,,,
30162,,9,J0901,Technology 9,J0901.2,2,A3;C1;D4,21,,,
30162,,9,E0901,Physical Education and Health 9,E0901.6,3,B3;D1;E5,9,,,
30162,,9,B0901,Social Studies 9,B0901.6,4,B1;C4;E2,40,,,
30162,,9,A0901,Biology 9,A0901.5,5,A1;B4;D2,49,,,
30162,,9,I0903,Algebra I 9,I0903.3,6,A4;C2;D5,37,,,
30162,,9,H0904,English 9,H0904.4,7,A2;B5;D3,29,,,
30162,,9,G0901,Español & Literatura 9,G0901.6,8,B2;C5;E4,48,,,
30162,,9,ADVHS01,Advisory HS,ADVHS01.4,9,E3,6,,,
30163,,9,J0901,Technology 9,J0901.3,1,A5;C3;E1,21,,,
30163,,9,C0904,Band Level I,C0904.3,2,A3;C1;D4,3,,,
30163,,9,A0901,Biology 9,A0901.3,3,B3;D1;E5,49,,,
30163,,9,B0901,Social Studies 9,B0901.6,4,B1;C4;E2,40,,,
30163,,9,E0901,Physical Education and Health 9,E0901.3,5,A1;B4;D2,9,,,
30163,,9,H0904,English 9,H0904.6,6,A4;C2;D5,15,,,
30163,,9,G0901,Español & Literatura 9,G0901.1,7,A2;B5;D3,28,,,
30163,,9,I1003,Geometry,I1003.3,8,B2;C5;E4,42,,,
30163,,9,ADVHS01,Advisory HS,ADVHS01.35,9,E3,48,,,
30164,,9,J0901,Technology 9,J0901.3,1,A5;C3;E1,21,,,
30164,,9,E0901,Physical Education and Health 9,E0901.2,2,A3;C1;D4,9,,,
30164,,9,G0901,Español & Literatura 9,G0901.7,3,B3;D1;E5,48,,,
30164,,9,C0904,Band Level I,C0904.1,4,B1;C4;E2,3,,,
30164,,9,B0901,Social Studies 9,B0901.4,5,A1;B4;D2,34,,,
30164,,9,A0901,Biology 9,A0901.6,6,A4;C2;D5,49,,,
30164,,9,H0904,English 9,H0904.1,8,B2;C5;E4,29,,,
30164,,9,ADVHS01,Advisory HS,ADVHS01.5,9,E3,7,,,
30166,,9,A0901,Biology 9,A0901.1,1,A5;C3;E1,41,,,
30166,,9,J0901,Technology 9,J0901.2,2,A3;C1;D4,21,,,
30166,,9,B0901,Social Studies 9,B0901.5,3,B3;D1;E5,40,,,
30166,,9,I0903,Algebra I 9,I0903.1,4,B1;C4;E2,37,,,
30166,,9,E0901,Physical Education and Health 9,E0901.3,5,A1;B4;D2,9,,,
30166,,9,OC1305,Painting I,OC1305.2,6,A4;C2;D5,5,,,
30166,,9,G0901,Español & Literatura 9,G0901.1,7,A2;B5;D3,28,,,
30166,,9,H0904,English 9,H0904.1,8,B2;C5;E4,29,,,
30166,,9,ADVHS01,Advisory HS,ADVHS01.6,9,E3,8,,,
30169,,9,E0901,Physical Education and Health 9,E0901.1,1,A5;C3;E1,9,,,
30169,,9,A0901,Biology 9,A0901.2,2,A3;C1;D4,41,,,
30169,,9,B0901,Social Studies 9,B0901.5,3,B3;D1;E5,40,,,
30169,,9,H0904,English 9,H0904.3,4,B1;C4;E2,29,,,
30169,,9,J0903,FRC 9,J0903.2,5,A1;B4;D2,20,,,
30169,,9,G0901,Español & Literatura 9,G0901.3,6,A4;C2;D5,28,,,
30169,,9,OC1305,Painting I,OC1305.1,7,A2;B5;D3,5,,,
30169,,9,ADVHS01,Advisory HS,ADVHS01.7,9,E3,13,,,
30170,,9,G0901,Español & Literatura 9,G0901.4,1,A5;C3;E1,28,,,
30170,,9,OC1306,Sculpture I,OC1306.1,2,A3;C1;D4,5,,,
30170,,9,A0901,Biology 9,A0901.3,3,B3;D1;E5,49,,,
30170,,9,J0901,Technology 9,J0901.1,4,B1;C4;E2,21,,,
30170,,9,B0901,Social Studies 9,B0901.4,5,A1;B4;D2,34,,,
30170,,9,E0901,Physical Education and Health 9,E0901.4,6,A4;C2;D5,9,,,
30170,,9,H0904,English 9,H0904.4,7,A2;B5;D3,29,,,
30170,,9,ADVHS01,Advisory HS,ADVHS01.8,9,E3,19,,,
30172,,9,G0901,Español & Literatura 9,G0901.4,1,A5;C3;E1,28,,,
30172,,9,J0903,FRC 9,J0903.3,2,A3;C1;D4,20,,,
30172,,9,H0904,English 9,H0904.2,3,B3;D1;E5,29,,,
30172,,9,A0901,Biology 9,A0901.4,4,B1;C4;E2,49,,,
30172,,9,OC1305,Painting I,OC1305.4,5,A1;B4;D2,46,,,
30172,,9,I1003,Geometry,I1003.5,6,A4;C2;D5,42,,,
30172,,9,B0901,Social Studies 9,B0901.3,7,A2;B5;D3,32,,,
30172,,9,E0901,Physical Education and Health 9,E0901.5,8,B2;C5;E4,9,,,
30172,,9,ADVHS01,Advisory HS,ADVHS01.9,9,E3,20,,,
30175,,9,J0901,Technology 9,J0901.3,1,A5;C3;E1,21,,,
30175,,9,E0901,Physical Education and Health 9,E0901.2,2,A3;C1;D4,9,,,
30175,,9,B0901,Social Studies 9,B0901.5,3,B3;D1;E5,40,,,
30175,,9,H0904,English 9,H0904.3,4,B1;C4;E2,29,,,
30175,,9,A0901,Biology 9,A0901.5,5,A1;B4;D2,49,,,
30175,,9,OC1305,Painting I,OC1305.2,6,A4;C2;D5,5,,,
30175,,9,G0901,Español & Literatura 9,G0901.6,8,B2;C5;E4,48,,,
30175,,9,ADVHS01,Advisory HS,ADVHS01.1,9,E3,3,,,
30176,,9,B0901,Social Studies 9,B0901.1,1,A5;C3;E1,32,,,
30176,,9,C0904,Band Level I,C0904.3,2,A3;C1;D4,3,,,
30176,,9,E0901,Physical Education and Health 9,E0901.6,3,B3;D1;E5,9,,,
30176,,9,J0901,Technology 9,J0901.1,4,B1;C4;E2,21,,,
30176,,9,G0901,Español & Literatura 9,G0901.5,5,A1;B4;D2,48,,,
30176,,9,A0901,Biology 9,A0901.6,6,A4;C2;D5,49,,,
30176,,9,I0903,Algebra I 9,I0903.2,7,A2;B5;D3,37,,,
30176,,9,H0904,English 9,H0904.1,8,B2;C5;E4,29,,,
30176,,9,ADVHS01,Advisory HS,ADVHS01.10,9,E3,21,,,
30177,,9,A0901,Biology 9,A0901.1,1,A5;C3;E1,41,,,
30177,,9,J0901,Technology 9,J0901.2,2,A3;C1;D4,21,,,
30177,,9,G0901,Español & Literatura 9,G0901.7,3,B3;D1;E5,48,,,
30177,,9,H0904,English 9,H0904.3,4,B1;C4;E2,29,,,
30177,,9,E0901,Physical Education and Health 9,E0901.3,5,A1;B4;D2,9,,,
30177,,9,I0903,Algebra I 9,I0903.3,6,A4;C2;D5,37,,,
30177,,9,C0904,Band Level I,C0904.2,7,A2;B5;D3,3,,,
30177,,9,B0901,Social Studies 9,B0901.7,8,B2;C5;E4,40,,,
30177,,9,ADVHS01,Advisory HS,ADVHS01.11,9,E3,22,,,
30179,,9,OC1305,Painting I,OC1305.3,1,A5;C3;E1,5,,,
30179,,9,A0901,Biology 9,A0901.2,2,A3;C1;D4,41,,,
30179,,9,J0903,FRC 9,J0903.1,3,B3;D1;E5,20,,,
30179,,9,I0903,Algebra I 9,I0903.1,4,B1;C4;E2,37,,,
30179,,9,B0901,Social Studies 9,B0901.4,5,A1;B4;D2,34,,,
30179,,9,E0901,Physical Education and Health 9,E0901.4,6,A4;C2;D5,9,,,
30179,,9,G0901,Español & Literatura 9,G0901.1,7,A2;B5;D3,28,,,
30179,,9,H0904,English 9,H0904.1,8,B2;C5;E4,29,,,
30179,,9,ADVHS01,Advisory HS,ADVHS01.12,9,E3,23,,,
30182,,9,E0901,Physical Education and Health 9,E0901.1,1,A5;C3;E1,9,,,
30182,,9,G0901,Español & Literatura 9,G0901.2,2,A3;C1;D4,28,,,
30182,,9,A0901,Biology 9,A0901.3,3,B3;D1;E5,49,,,
30182,,9,B0901,Social Studies 9,B0901.6,4,B1;C4;E2,40,,,
30182,,9,J0903,FRC 9,J0903.2,5,A1;B4;D2,20,,,
30182,,9,H0904,English 9,H0904.6,6,A4;C2;D5,15,,,
30182,,9,I0903,Algebra I 9,I0903.2,7,A2;B5;D3,37,,,
30182,,9,C0904,Band Level I,C0904.4,8,B2;C5;E4,3,,,
30182,,9,ADVHS01,Advisory HS,ADVHS01.13,9,E3,24,,,
