StudentID,StudentName,Grade,CourseID,CourseName,SectionID,Period,Slots,TeacherID,TeacherName,RoomID,RoomName
29038,,0,H1206,AP English Language & Composition,H1206.2,2,A2;B5;D3,19,,,
29038,,0,B1006,Cultural Studies,B1006.2,7,B2;C5;E4,32,,,
29038,,0,VHS0052,Spanish Film, Art, and Literature,VHS0052.2,1,A1;B4;D2,25,,,
29038,,0,E1001,Physical Education and Health 10,E1001.5,3,A3;C1;D4,12,,,
29038,,0,B1001,Social Sciences 10,B1001.1,6,B1;C4;E2,25,,,
29038,,0,I1003,Geometry,I1003.6,8,B3;D1;E5,42,,,
29038,,0,A1006,Chemistry 10,A1006.7,4,A4;C2;D5,38,,,
29038,,0,ADVHS01,Advisory HS,ADVHS01.4,9,E3,6,,,
28094,,0,OH1305,Art of Fiction Intermediate Level,OH1305.3,2,A2;B5;D3,40,,,
28094,,0,G1203,Español & Literatura 11,G1203.4,7,B2;C5;E4,36,,,
28094,,0,L1304,Life Purpose,L1304.3,4,A4;C2;D5,33,,,
28094,,0,A1105,Physics 11,A1105.1,8,B3;D1;E5,7,,,
28094,,0,E1101,Physical Education and Health 11,E1101.6,6,B1;C4;E2,27,,,
28094,,0,OI1003,Algebra II,OI1003.4,5,A5;C3;E1,8,,,
28094,,0,ADVHS01,Advisory HS,ADVHS01.10,9,E3,21,,,
28094,,0,OJ1203,Entrepreneurship Business Technology,OJ1203.1,3,A3;C1;D4,22,,,
27057,,0,OA1319,AP Physics 1,OA1319.2,7,B2;C5;E4,31,,,
27057,,0,OB1520,AP Statistics,OB1520.1,8,B3;D1;E5,37,,,
27057,,0,OH1305,Art of Fiction Intermediate Level,OH1305.1,4,A4;C2;D5,23,,,
27057,,0,G1203,Español & Literatura 11,G1203.1,2,A2;B5;D3,36,,,
27057,,0,L1304,Life Purpose,L1304.2,1,A1;B4;D2,24,,,
27057,,0,E1101,Physical Education and Health 11,E1101.1,5,A5;C3;E1,27,,,
27057,,0,OI1003,Algebra II,OI1003.5,3,A3;C1;D4,8,,,
27057,,0,ADVHS01,Advisory HS,ADVHS01.17,9,E3,29,,,
29014,,0,OC1306,Sculpture I,OC1306.1,3,A3;C1;D4,5,,,
29014,,0,J0901,Technology 9,J0901.1,6,B1;C4;E2,21,,,
29014,,0,I0903,Algebra I 9,I0903.3,4,A4;C2;D5,37,,,
29014,,0,E0901,Physical Education and Health 9,E0901.6,8,B3;D1;E5,9,,,
29014,,0,A0901,Biology 9,A0901.5,1,A1;B4;D2,49,,,
29014,,0,H0904,English 9,H0904.4,2,A2;B5;D3,29,,,
29014,,0,B0901,Social Studies 9,B0901.7,7,B2;C5;E4,40,,,
29014,,0,G0901,Español & Literatura 9,G0901.4,5,A5;C3;E1,28,,,
29014,,0,ADVHS01,Advisory HS,ADVHS01.6,9,E3,8,,,
27180,,0,OZ1207,Anatomy and Physiology,OZ1207.2,2,A2;B5;D3,49,,,
27180,,0,OH1306,Art of Fiction Higher Level,OH1306.2,7,B2;C5;E4,23,,,
27180,,0,L1304,Life Purpose,L1304.3,4,A4;C2;D5,33,,,
27180,,0,J1203,Tech. and Innovation for Social Change,J1203.4,5,A5;C3;E1,22,,,
27180,,0,OI1305,Calculus,OI1305.5,8,B3;D1;E5,44,,,
27180,,0,G1201,Español & Literatura 12,G1201.4,1,A1;B4;D2,6,,,
27180,,0,E1201,Physical Education and Health 12,E1201.6,3,A3;C1;D4,30,,,
27180,,0,ADVHS01,Advisory HS,ADVHS01.8,9,E3,19,,,
27180,,0,B1001,Social Sciences 10,B1001.1,6,B1;C4;E2,25,,,
30158,,0,J0901,Technology 9,J0901.2,3,A3;C1;D4,21,,,
30158,,0,OC1305,Painting I,OC1305.4,1,A1;B4;D2,46,,,
30158,,0,E0901,Physical Education and Health 9,E0901.5,7,B2;C5;E4,9,,,
30158,,0,A0901,Biology 9,A0901.4,6,B1;C4;E2,49,,,
30158,,0,H0904,English 9,H0904.6,4,A4;C2;D5,15,,,
30158,,0,B0901,Social Studies 9,B0901.3,2,A2;B5;D3,32,,,
30158,,0,G0901,Español & Literatura 9,G0901.7,8,B3;D1;E5,48,,,
30158,,0,I1003,Geometry,I1003.7,5,A5;C3;E1,42,,,
30158,,0,ADVHS01,Advisory HS,ADVHS01.2,9,E3,4,,,
27110,,0,OH1501,Journalism Higher Level,OH1501.2,7,B2;C5;E4,43,,,
27110,,0,L1302,Introduction to Law,L1302.2,3,A3;C1;D4,24,,,
27110,,0,A1204,Environmental Science,A1204.1,2,A2;B5;D3,13,,,
27110,,0,OI1303,Financial Math,OI1303.1,4,A4;C2;D5,4,,,
27110,,0,J1203,Tech. and Innovation for Social Change,J1203.4,5,A5;C3;E1,22,,,
27110,,0,OI1305,Calculus,OI1305.5,8,B3;D1;E5,44,,,
27110,,0,G1201,Español & Literatura 12,G1201.4,1,A1;B4;D2,6,,,
27110,,0,E1201,Physical Education and Health 12,E1201.4,6,B1;C4;E2,30,,,
27110,,0,ADVHS01,Advisory HS,ADVHS01.35,9,E3,48,,,
30087,,0,OC1306,Sculpture I,OC1306.1,3,A3;C1;D4,5,,,
30087,,0,J0901,Technology 9,J0901.3,5,A5;C3;E1,21,,,
30087,,0,E0901,Physical Education and Health 9,E0901.4,4,A4;C2;D5,9,,,
30087,,0,A0901,Biology 9,A0901.3,8,B3;D1;E5,49,,,
30087,,0,H0904,English 9,H0904.3,6,B1;C4;E2,29,,,
30087,,0,B0901,Social Studies 9,B0901.4,1,A1;B4;D2,34,,,
30087,,0,G0901,Español & Literatura 9,G0901.6,7,B2;C5;E4,48,,,
30087,,0,I1003,Geometry,I1003.2,2,A2;B5;D3,35,,,
30087,,0,ADVHS01,Advisory HS,ADVHS01.30,9,E3,15,,,
28175,,0,OA1319,AP Physics 1,OA1319.2,7,B2;C5;E4,31,,,
28175,,0,OB1520,AP Statistics,OB1520.1,8,B3;D1;E5,37,,,
28175,,0,I1214,AP Seminar,I1214.2,5,A5;C3;E1,19,,,
28175,,0,L1304,Life Purpose,L1304.3,4,A4;C2;D5,33,,,
28175,,0,E1101,Physical Education and Health 11,E1101.6,6,B1;C4;E2,27,,,
28175,,0,ADVHS01,Advisory HS,ADVHS01.2,9,E3,4,,,
28175,,0,B1001,Social Sciences 10,B1001.3,3,A3;C1;D4,26,,,
28110,,0,OB1520,AP Statistics,OB1520.2,5,A5;C3;E1,37,,,
28110,,0,OH1305,Art of Fiction Intermediate Level,OH1305.1,4,A4;C2;D5,23,,,
28110,,0,G1203,Español & Literatura 11,G1203.2,1,A1;B4;D2,36,,,
28110,,0,I1213,AP Microeconomics,I1213.1,6,B1;C4;E2,34,,,
28110,,0,I1212,AP Macroeconomics,I1212.1,6,B1;C4;E2,34,,,
28110,,0,A1105,Physics 11,A1105.2,2,A2;B5;D3,31,,,
28110,,0,E1101,Physical Education and Health 11,E1101.2,7,B2;C5;E4,27,,,
28110,,0,OI1003,Algebra II,OI1003.5,3,A3;C1;D4,8,,,
28110,,0,ADVHS01,Advisory HS,ADVHS01.27,9,E3,41,,,
29023,,0,H1001,English 10,H1001.4,8,B3;D1;E5,15,,,
29023,,0,OZ1323,AP Human Geography,OZ1323.4,7,B2;C5;E4,45,,,
29023,,0,OI1003,Algebra II,OI1003.4,5,A5;C3;E1,8,,,
29023,,0,E1001,Physical Education and Health 10,E1001.5,3,A3;C1;D4,12,,,
29023,,0,A1006,Chemistry 10,A1006.1,6,B1;C4;E2,7,,,
29023,,0,B1001,Social Sciences 10,B1001.6,4,A4;C2;D5,26,,,
29023,,0,G1004,AP Spanish Language and Culture,G1004.2,2,A2;B5;D3,47,,,
29023,,0,ADVHS01,Advisory HS,ADVHS01.29,9,E3,43,,,
27020,,0,OA1317,AP Chemistry,OA1317.1,6,B1;C4;E2,38,,,
27020,,0,OH1306,Art of Fiction Higher Level,OH1306.1,1,A1;B4;D2,23,,,
27020,,0,L1301,AP Psychology,L1301.2,3,A3;C1;D4,33,,,
27020,,0,J1203,Tech. and Innovation for Social Change,J1203.4,5,A5;C3;E1,22,,,
27020,,0,OI1305,Calculus,OI1305.1,7,B2;C5;E4,35,,,
27020,,0,G1201,Español & Literatura 12,G1201.6,4,A4;C2;D5,36,,,
27020,,0,E1201,Physical Education and Health 12,E1201.5,8,B3;D1;E5,30,,,
27020,,0,ADVHS01,Advisory HS,ADVHS01.13,9,E3,24,,,
27020,,0,OC1305,Painting I,OC1305.1,2,A2;B5;D3,5,,,
30005,,0,OC1306,Sculpture I,OC1306.1,3,A3;C1;D4,5,,,
30005,,0,J0903,FRC 9,J0903.2,1,A1;B4;D2,20,,,
30005,,0,E0901,Physical Education and Health 9,E0901.1,5,A5;C3;E1,9,,,
30005,,0,A0901,Biology 9,A0901.6,4,A4;C2;D5,49,,,
30005,,0,H0904,English 9,H0904.2,8,B3;D1;E5,29,,,
30005,,0,B0901,Social Studies 9,B0901.6,6,B1;C4;E2,40,,,
30005,,0,G0901,Español & Literatura 9,G0901.1,2,A2;B5;D3,28,,,
30005,,0,I1003,Geometry,I1003.3,7,B2;C5;E4,42,,,
30005,,0,ADVHS01,Advisory HS,ADVHS01.15,9,E3,26,,,
29092,,0,I1214,AP Seminar,I1214.1,1,A1;B4;D2,19,,,
29092,,0,OZ1323,AP Human Geography,OZ1323.3,6,B1;C4;E2,45,,,
29092,,0,OI1003,Algebra II,OI1003.1,2,A2;B5;D3,4,,,
29092,,0,E1001,Physical Education and Health 10,E1001.4,7,B2;C5;E4,12,,,
29092,,0,A1006,Chemistry 10,A1006.7,4,A4;C2;D5,38,,,
29092,,0,B1001,Social Sciences 10,B1001.7,5,A5;C3;E1,26,,,
29092,,0,G1004,AP Spanish Language and Culture,G1004.3,3,A3;C1;D4,47,,,
29092,,0,ADVHS01,Advisory HS,ADVHS01.7,9,E3,13,,,
30076,,0,J0901,Technology 9,J0901.2,3,A3;C1;D4,21,,,
30076,,0,OC1305,Painting I,OC1305.4,1,A1;B4;D2,46,,,
30076,,0,E0901,Physical Education and Health 9,E0901.6,8,B3;D1;E5,9,,,
30076,,0,A0901,Biology 9,A0901.1,5,A5;C3;E1,41,,,
30076,,0,H0904,English 9,H0904.1,7,B2;C5;E4,29,,,
30076,,0,B0901,Social Studies 9,B0901.3,2,A2;B5;D3,32,,,
30076,,0,G0901,Español & Literatura 9,G0901.3,4,A4;C2;D5,28,,,
30076,,0,I1003,Geometry,I1003.1,6,B1;C4;E2,35,,,
30076,,0,ADVHS01,Advisory HS,ADVHS01.27,9,E3,41,,,
27119,,0,L1303,Pensar nuestro tiempo,L1303.1,7,B2;C5;E4,24,,,
27119,,0,I1208,AP Calculus BC,I1208.1,4,A4;C2;D5,44,,,
27119,,0,G1202,AP Spanish Literature and Culture,G1202.1,3,A3;C1;D4,6,,,
27119,,0,OH1306,Art of Fiction Higher Level,OH1306.3,8,B3;D1;E5,23,,,
27119,,0,A1204,Environmental Science,A1204.1,2,A2;B5;D3,13,,,
27119,,0,J1203,Tech. and Innovation for Social Change,J1203.5,1,A1;B4;D2,22,,,
27119,,0,E1201,Physical Education and Health 12,E1201.3,5,A5;C3;E1,30,,,
27119,,0,ADVHS01,Advisory HS,ADVHS01.24,9,E3,37,,,
27044,,0,L1303,Pensar nuestro tiempo,L1303.1,7,B2;C5;E4,24,,,
27044,,0,OA1322,AP Physics 2,OA1322.2,8,B3;D1;E5,31,,,
27044,,0,OI1303,Financial Math,OI1303.2,5,A5;C3;E1,4,,,
27044,,0,OH1306,Art of Fiction Higher Level,OH1306.1,1,A1;B4;D2,23,,,
27044,,0,J1203,Tech. and Innovation for Social Change,J1203.1,6,B1;C4;E2,20,,,
27044,,0,OI1305,Calculus,OI1305.3,4,A4;C2;D5,35,,,
27044,,0,G1201,Español & Literatura 12,G1201.3,2,A2;B5;D3,6,,,
27044,,0,E1201,Physical Education and Health 12,E1201.6,3,A3;C1;D4,30,,,
27044,,0,ADVHS01,Advisory HS,ADVHS01.11,9,E3,22,,,
29068,,0,H1001,English 10,H1001.3,2,A2;B5;D3,15,,,
29068,,0,OZ1323,AP Human Geography,OZ1323.2,4,A4;C2;D5,45,,,
29068,,0,E1001,Physical Education and Health 10,E1001.2,6,B1;C4;E2,12,,,
29068,,0,A1006,Chemistry 10,A1006.3,7,B2;C5;E4,7,,,
29068,,0,B1001,Social Sciences 10,B1001.3,3,A3;C1;D4,26,,,
29068,,0,I1003,Geometry,I1003.6,8,B3;D1;E5,42,,,
29068,,0,G1004,AP Spanish Language and Culture,G1004.5,5,A5;C3;E1,47,,,
29068,,0,ADVHS01,Advisory HS,ADVHS01.25,9,E3,38,,,
30002,,0,OC1306,Sculpture I,OC1306.1,3,A3;C1;D4,5,,,
30002,,0,J0903,FRC 9,J0903.1,8,B3;D1;E5,20,,,
30002,,0,E0901,Physical Education and Health 9,E0901.3,1,A1;B4;D2,9,,,
30002,,0,A0901,Biology 9,A0901.4,6,B1;C4;E2,49,,,
30002,,0,H0904,English 9,H0904.7,5,A5;C3;E1,15,,,
30002,,0,B0901,Social Studies 9,B0901.7,7,B2;C5;E4,40,,,
30002,,0,G0901,Español & Literatura 9,G0901.1,2,A2;B5;D3,28,,,
30002,,0,I1003,Geometry,I1003.5,4,A4;C2;D5,42,,,
30002,,0,ADVHS01,Advisory HS,ADVHS01.5,9,E3,7,,,
29101,,0,H1001,English 10,H1001.1,4,A4;C2;D5,29,,,
29101,,0,OZ1323,AP Human Geography,OZ1323.1,1,A1;B4;D2,45,,,
29101,,0,OI1003,Algebra II,OI1003.6,6,B1;C4;E2,8,,,
29101,,0,E1001,Physical Education and Health 10,E1001.6,8,B3;D1;E5,12,,,
29101,,0,A1006,Chemistry 10,A1006.2,2,A2;B5;D3,7,,,
29101,,0,B1001,Social Sciences 10,B1001.2,7,B2;C5;E4,25,,,
29101,,0,G1004,AP Spanish Language and Culture,G1004.5,5,A5;C3;E1,47,,,
29101,,0,ADVHS01,Advisory HS,ADVHS01.36,9,E3,49,,,
29101,,0,C0904,Band Level I,C0904.3,3,A3;C1;D4,3,,,
27100,,0,I1204,AP Calculus AB,I1204.2,7,B2;C5;E4,44,,,
27100,,0,L1302,Introduction to Law,L1302.2,3,A3;C1;D4,24,,,
27100,,0,H1206,AP English Language & Composition,H1206.2,2,A2;B5;D3,19,,,
27100,,0,L1301,AP Psychology,L1301.3,6,B1;C4;E2,33,,,
27100,,0,G1203,Español & Literatura 11,G1203.2,1,A1;B4;D2,36,,,
27100,,0,A1105,Physics 11,A1105.5,4,A4;C2;D5,41,,,
27100,,0,E1101,Physical Education and Health 11,E1101.1,5,A5;C3;E1,27,,,
27100,,0,ADVHS01,Advisory HS,ADVHS01.1,9,E3,3,,,
28077,,0,B1006,Cultural Studies,B1006.1,6,B1;C4;E2,32,,,
28077,,0,H1001,English 10,H1001.3,2,A2;B5;D3,15,,,
28077,,0,E1001,Physical Education and Health 10,E1001.1,5,A5;C3;E1,12,,,
28077,,0,A1006,Chemistry 10,A1006.4,3,A3;C1;D4,38,,,
28077,,0,B1001,Social Sciences 10,B1001.5,1,A1;B4;D2,26,,,
28077,,0,I1003,Geometry,I1003.6,8,B3;D1;E5,42,,,
28077,,0,G1004,AP Spanish Language and Culture,G1004.6,4,A4;C2;D5,48,,,
28077,,0,ADVHS01,Advisory HS,ADVHS01.20,9,E3,33,,,
29045,,0,I1214,AP Seminar,I1214.2,5,A5;C3;E1,19,,,
29045,,0,OZ1323,AP Human Geography,OZ1323.2,4,A4;C2;D5,45,,,
29045,,0,OI1003,Algebra II,OI1003.2,1,A1;B4;D2,8,,,
29045,,0,E1001,Physical Education and Health 10,E1001.2,6,B1;C4;E2,12,,,
29045,,0,A1006,Chemistry 10,A1006.3,7,B2;C5;E4,7,,,
29045,,0,B1001,Social Sciences 10,B1001.4,8,B3;D1;E5,26,,,
29045,,0,G1004,AP Spanish Language and Culture,G1004.2,2,A2;B5;D3,47,,,
29045,,0,ADVHS01,Advisory HS,ADVHS01.16,9,E3,28,,,
29045,,0,OJ1306,AP Computer Science Principles,OJ1306.1,3,A3;C1;D4,50,,,
29116,,0,H1001,English 10,H1001.4,8,B3;D1;E5,15,,,
29116,,0,OZ1323,AP Human Geography,OZ1323.3,6,B1;C4;E2,45,,,
29116,,0,OI1003,Algebra II,OI1003.1,2,A2;B5;D3,4,,,
29116,,0,E1001,Physical Education and Health 10,E1001.1,5,A5;C3;E1,12,,,
29116,,0,A1006,Chemistry 10,A1006.7,4,A4;C2;D5,38,,,
29116,,0,G1004,AP Spanish Language and Culture,G1004.1,1,A1;B4;D2,47,,,
29116,,0,B1001,Social Sciences 10,B1001.3,3,A3;C1;D4,26,,,
29116,,0,I1003,Geometry,I1003.3,7,B2;C5;E4,42,,,
29116,,0,ADVHS01,Advisory HS,ADVHS01.22,9,E3,35,,,
100052,,0,I1204,AP Calculus AB,I1204.1,2,A2;B5;D3,44,,,
100052,,0,H1206,AP English Language & Composition,H1206.1,3,A3;C1;D4,19,,,
100052,,0,G1203,Español & Literatura 11,G1203.2,1,A1;B4;D2,36,,,
100052,,0,I1212,AP Macroeconomics,I1212.2,7,B2;C5;E4,34,,,
100052,,0,I1213,AP Microeconomics,I1213.2,7,B2;C5;E4,34,,,
100052,,0,A1105,Physics 11,A1105.1,8,B3;D1;E5,7,,,
100052,,0,E1101,Physical Education and Health 11,E1101.5,4,A4;C2;D5,27,,,
100052,,0,ADVHS01,Advisory HS,ADVHS01.24,9,E3,37,,,
100052,,0,C0904,Band Level I,C0904.1,6,B1;C4;E2,3,,,
28173,,0,VHS0052,Spanish Film, Art, and Literature,VHS0052.1,8,B3;D1;E5,25,,,
28173,,0,OA1319,AP Physics 1,OA1319.1,5,A5;C3;E1,31,,,
28173,,0,OH1305,Art of Fiction Intermediate Level,OH1305.3,2,A2;B5;D3,40,,,
28173,,0,I1212,AP Macroeconomics,I1212.1,6,B1;C4;E2,34,,,
28173,,0,I1213,AP Microeconomics,I1213.1,6,B1;C4;E2,34,,,
28173,,0,E1101,Physical Education and Health 11,E1101.4,1,A1;B4;D2,27,,,
28173,,0,OI1003,Algebra II,OI1003.3,4,A4;C2;D5,8,,,
28173,,0,ADVHS01,Advisory HS,ADVHS01.31,9,E3,44,,,
28173,,0,OJ1203,Entrepreneurship Business Technology,OJ1203.1,3,A3;C1;D4,22,,,
29021,,0,B1006,Cultural Studies,B1006.2,7,B2;C5;E4,32,,,
29021,,0,H1001,English 10,H1001.2,5,A5;C3;E1,43,,,
29021,,0,OI1003,Algebra II,OI1003.5,3,A3;C1;D4,8,,,
29021,,0,E1001,Physical Education and Health 10,E1001.3,2,A2;B5;D3,12,,,
29021,,0,A1006,Chemistry 10,A1006.1,6,B1;C4;E2,7,,,
29021,,0,B1001,Social Sciences 10,B1001.6,4,A4;C2;D5,26,,,
29021,,0,G1004,AP Spanish Language and Culture,G1004.1,1,A1;B4;D2,47,,,
29021,,0,ADVHS01,Advisory HS,ADVHS01.12,9,E3,23,,,
28034,,0,VHS0052,Spanish Film, Art, and Literature,VHS0052.2,1,A1;B4;D2,25,,,
28034,,0,I1214,AP Seminar,I1214.2,5,A5;C3;E1,19,,,
28034,,0,L1301,AP Psychology,L1301.2,3,A3;C1;D4,33,,,
28034,,0,I1212,AP Macroeconomics,I1212.3,8,B3;D1;E5,34,,,
28034,,0,I1213,AP Microeconomics,I1213.3,8,B3;D1;E5,34,,,
28034,,0,OI1305,Calculus,OI1305.1,7,B2;C5;E4,35,,,
28034,,0,A1105,Physics 11,A1105.3,6,B1;C4;E2,41,,,
28034,,0,E1101,Physical Education and Health 11,E1101.5,4,A4;C2;D5,27,,,
28034,,0,ADVHS01,Advisory HS,ADVHS01.11,9,E3,22,,,
29058,,0,I1214,AP Seminar,I1214.1,1,A1;B4;D2,19,,,
29058,,0,OZ1323,AP Human Geography,OZ1323.5,2,A2;B5;D3,45,,,
29058,,0,OI1003,Algebra II,OI1003.4,5,A5;C3;E1,8,,,
29058,,0,E1001,Physical Education and Health 10,E1001.4,7,B2;C5;E4,12,,,
29058,,0,A1006,Chemistry 10,A1006.7,4,A4;C2;D5,38,,,
29058,,0,B1001,Social Sciences 10,B1001.1,6,B1;C4;E2,25,,,
29058,,0,G1004,AP Spanish Language and Culture,G1004.3,3,A3;C1;D4,47,,,
29058,,0,ADVHS01,Advisory HS,ADVHS01.28,9,E3,42,,,
27146,,0,OA1318,AP Environmental Science,OA1318.1,1,A1;B4;D2,13,,,
27146,,0,I1204,AP Calculus AB,I1204.2,7,B2;C5;E4,44,,,
27146,,0,H1201B,AP English Literature and Composition,H1201B.1,3,A3;C1;D4,23,,,
27146,,0,OB1520,AP Statistics,OB1520.2,5,A5;C3;E1,37,,,
27146,,0,L1304,Life Purpose,L1304.4,2,A2;B5;D3,33,,,
27146,,0,J1203,Tech. and Innovation for Social Change,J1203.1,6,B1;C4;E2,20,,,
27146,,0,G1201,Español & Literatura 12,G1201.2,8,B3;D1;E5,6,,,
27146,,0,E1201,Physical Education and Health 12,E1201.2,4,A4;C2;D5,30,,,
27146,,0,ADVHS01,Advisory HS,ADVHS01.10,9,E3,21,,,
28117,,0,H1201B,AP English Literature and Composition,H1201B.2,0,,23,,,
28117,,0,OA1319,AP Physics 1,OA1319.2,7,B2;C5;E4,31,,,
28117,,0,L1301,AP Psychology,L1301.1,5,A5;C3;E1,33,,,
28117,,0,G1203,Español & Literatura 11,G1203.1,2,A2;B5;D3,36,,,
28117,,0,E1101,Physical Education and Health 11,E1101.4,1,A1;B4;D2,27,,,
28117,,0,OI1003,Algebra II,OI1003.6,6,B1;C4;E2,8,,,
28117,,0,ADVHS01,Advisory HS,ADVHS01.34,9,E3,47,,,
28117,,0,I1215,AP 3-D Art and Design,I1215.1,8,B3;D1;E5,5,,,
28117,,0,OC1310,Painting II,OC1310.3,3,A3;C1;D4,46,,,
30162,,0,J0901,Technology 9,J0901.1,6,B1;C4;E2,21,,,
30162,,0,I0903,Algebra I 9,I0903.2,2,A2;B5;D3,37,,,
30162,,0,OC1305,Painting I,OC1305.3,5,A5;C3;E1,5,,,
30162,,0,E0901,Physical Education and Health 9,E0901.2,3,A3;C1;D4,9,,,
30162,,0,A0901,Biology 9,A0901.5,1,A1;B4;D2,49,,,
30162,,0,H0904,English 9,H0904.6,4,A4;C2;D5,15,,,
30162,,0,B0901,Social Studies 9,B0901.5,8,B3;D1;E5,40,,,
30162,,0,G0901,Español & Literatura 9,G0901.6,7,B2;C5;E4,48,,,
30162,,0,ADVHS01,Advisory HS,ADVHS01.34,9,E3,47,,,
27019,,0,L1302,Introduction to Law,L1302.1,4,A4;C2;D5,24,,,
27019,,0,OH1501,Journalism Higher Level,OH1501.2,7,B2;C5;E4,43,,,
27019,,0,A1204,Environmental Science,A1204.3,8,B3;D1;E5,13,,,
27019,,0,J1203,Tech. and Innovation for Social Change,J1203.2,2,A2;B5;D3,20,,,
27019,,0,OI1305,Calculus,OI1305.2,5,A5;C3;E1,35,,,
27019,,0,G1201,Español & Literatura 12,G1201.4,1,A1;B4;D2,6,,,
27019,,0,E1201,Physical Education and Health 12,E1201.6,3,A3;C1;D4,30,,,
27019,,0,ADVHS01,Advisory HS,ADVHS01.23,9,E3,36,,,
29091,,0,I1211,AP Precalculus,I1211.1,3,A3;C1;D4,4,,,
29091,,0,H1206,AP English Language & Composition,H1206.2,2,A2;B5;D3,19,,,
29091,,0,OZ1323,AP Human Geography,OZ1323.4,7,B2;C5;E4,45,,,
29091,,0,E1001,Physical Education and Health 10,E1001.6,8,B3;D1;E5,12,,,
29091,,0,A1006,Chemistry 10,A1006.6,1,A1;B4;D2,38,,,
29091,,0,B1001,Social Sciences 10,B1001.7,5,A5;C3;E1,26,,,
29091,,0,G1004,AP Spanish Language and Culture,G1004.7,6,B1;C4;E2,48,,,
29091,,0,ADVHS01,Advisory HS,ADVHS01.6,9,E3,8,,,
29091,,0,OJ1204,Creative Design,OJ1204.1,4,A4;C2;D5,21,,,
30075,,0,J0901,Technology 9,J0901.3,5,A5;C3;E1,21,,,
30075,,0,C0904,Band Level I,C0904.4,7,B2;C5;E4,3,,,
30075,,0,E0901,Physical Education and Health 9,E0901.2,3,A3;C1;D4,9,,,
30075,,0,A0901,Biology 9,A0901.6,4,A4;C2;D5,49,,,
30075,,0,H0904,English 9,H0904.5,1,A1;B4;D2,15,,,
30075,,0,B0901,Social Studies 9,B0901.6,6,B1;C4;E2,40,,,
30075,,0,G0901,Español & Literatura 9,G0901.7,8,B3;D1;E5,48,,,
30075,,0,I1003,Geometry,I1003.2,2,A2;B5;D3,35,,,
30075,,0,ADVHS01,Advisory HS,ADVHS01.19,9,E3,32,,,
28147,,0,OH1401,Journalism Intermediate Level,OH1401.2,1,A1;B4;D2,43,,,
28147,,0,L1301,AP Psychology,L1301.2,3,A3;C1;D4,33,,,
28147,,0,G1203,Español & Literatura 11,G1203.1,2,A2;B5;D3,36,,,
28147,,0,A1105,Physics 11,A1105.3,6,B1;C4;E2,41,,,
28147,,0,E1101,Physical Education and Health 11,E1101.2,7,B2;C5;E4,27,,,
28147,,0,OI1003,Algebra II,OI1003.3,4,A4;C2;D5,8,,,
28147,,0,ADVHS01,Advisory HS,ADVHS01.19,9,E3,32,,,
28147,,0,I1215,AP 3-D Art and Design,I1215.1,8,B3;D1;E5,5,,,
27043,,0,OB1532,AP Research,OB1532.1,2,A2;B5;D3,10,,,
27043,,0,OH1501,Journalism Higher Level,OH1501.1,4,A4;C2;D5,43,,,
27043,,0,OB1520,AP Statistics,OB1520.2,5,A5;C3;E1,37,,,
27043,,0,A1204,Environmental Science,A1204.3,8,B3;D1;E5,13,,,
27043,,0,I1212,AP Macroeconomics,I1212.2,7,B2;C5;E4,34,,,
27043,,0,I1213,AP Microeconomics,I1213.2,7,B2;C5;E4,34,,,
27043,,0,L1304,Life Purpose,L1304.2,1,A1;B4;D2,24,,,
27043,,0,G1201,Español & Literatura 12,G1201.5,3,A3;C1;D4,25,,,
27043,,0,E1201,Physical Education and Health 12,E1201.4,6,B1;C4;E2,30,,,
27043,,0,ADVHS01,Advisory HS,ADVHS01.23,9,E3,36,,,
29067,,0,H1001,English 10,H1001.4,8,B3;D1;E5,15,,,
29067,,0,OZ1323,AP Human Geography,OZ1323.1,1,A1;B4;D2,45,,,
29067,,0,E1001,Physical Education and Health 10,E1001.5,3,A3;C1;D4,12,,,
29067,,0,A1006,Chemistry 10,A1006.1,6,B1;C4;E2,7,,,
29067,,0,B1001,Social Sciences 10,B1001.2,7,B2;C5;E4,25,,,
29067,,0,I1003,Geometry,I1003.7,5,A5;C3;E1,42,,,
29067,,0,G1004,AP Spanish Language and Culture,G1004.6,4,A4;C2;D5,48,,,
29067,,0,ADVHS01,Advisory HS,ADVHS01.2,9,E3,4,,,
29067,,0,OZ1207,Anatomy and Physiology,OZ1207.2,2,A2;B5;D3,49,,,
30009,,0,I0903,Algebra I 9,I0903.1,6,B1;C4;E2,37,,,
30009,,0,J0903,FRC 9,J0903.3,3,A3;C1;D4,20,,,
30009,,0,OC1305,Painting I,OC1305.1,2,A2;B5;D3,5,,,
30009,,0,E0901,Physical Education and Health 9,E0901.5,7,B2;C5;E4,9,,,
30009,,0,A0901,Biology 9,A0901.1,5,A5;C3;E1,41,,,
30009,,0,H0904,English 9,H0904.5,1,A1;B4;D2,15,,,
30009,,0,B0901,Social Studies 9,B0901.5,8,B3;D1;E5,40,,,
30009,,0,G0901,Español & Literatura 9,G0901.3,4,A4;C2;D5,28,,,
30009,,0,ADVHS01,Advisory HS,ADVHS01.3,9,E3,5,,,
28001,,0,L1302,Introduction to Law,L1302.1,4,A4;C2;D5,24,,,
28001,,0,OH1401,Journalism Intermediate Level,OH1401.2,1,A1;B4;D2,43,,,
28001,,0,L1301,AP Psychology,L1301.1,5,A5;C3;E1,33,,,
28001,,0,G1203,Español & Literatura 11,G1203.4,7,B2;C5;E4,36,,,
28001,,0,A1105,Physics 11,A1105.1,8,B3;D1;E5,7,,,
28001,,0,E1101,Physical Education and Health 11,E1101.6,6,B1;C4;E2,27,,,
28001,,0,OI1003,Algebra II,OI1003.1,2,A2;B5;D3,4,,,
28001,,0,ADVHS01,Advisory HS,ADVHS01.35,9,E3,48,,,
30049,,0,I0903,Algebra I 9,I0903.1,6,B1;C4;E2,37,,,
30049,,0,J0903,FRC 9,J0903.3,3,A3;C1;D4,20,,,
30049,,0,C0904,Band Level I,C0904.2,2,A2;B5;D3,3,,,
30049,,0,E0901,Physical Education and Health 9,E0901.1,5,A5;C3;E1,9,,,
30049,,0,A0901,Biology 9,A0901.3,8,B3;D1;E5,49,,,
30049,,0,H0904,English 9,H0904.1,7,B2;C5;E4,29,,,
30049,,0,B0901,Social Studies 9,B0901.4,1,A1;B4;D2,34,,,
30049,,0,G0901,Español & Literatura 9,G0901.3,4,A4;C2;D5,28,,,
30049,,0,ADVHS01,Advisory HS,ADVHS01.18,9,E3,31,,,
28016,,0,L1302,Introduction to Law,L1302.1,4,A4;C2;D5,24,,,
28016,,0,OH1305,Art of Fiction Intermediate Level,OH1305.2,3,A3;C1;D4,40,,,
28016,,0,G1203,Español & Literatura 11,G1203.4,7,B2;C5;E4,36,,,
28016,,0,A1105,Physics 11,A1105.2,2,A2;B5;D3,31,,,
28016,,0,E1101,Physical Education and Health 11,E1101.3,8,B3;D1;E5,27,,,
28016,,0,OI1003,Algebra II,OI1003.4,5,A5;C3;E1,8,,,
28016,,0,ADVHS01,Advisory HS,ADVHS01.3,9,E3,5,,,
28016,,0,C0904,Band Level I,C0904.1,6,B1;C4;E2,3,,,
29115,,0,H1001,English 10,H1001.1,4,A4;C2;D5,29,,,
29115,,0,OZ1323,AP Human Geography,OZ1323.3,6,B1;C4;E2,45,,,
29115,,0,E1001,Physical Education and Health 10,E1001.1,5,A5;C3;E1,12,,,
29115,,0,A1006,Chemistry 10,A1006.2,2,A2;B5;D3,7,,,
29115,,0,B1001,Social Sciences 10,B1001.3,3,A3;C1;D4,26,,,
29115,,0,I1003,Geometry,I1003.4,1,A1;B4;D2,42,,,
29115,,0,G1004,AP Spanish Language and Culture,G1004.4,7,B2;C5;E4,47,,,
29115,,0,ADVHS01,Advisory HS,ADVHS01.30,9,E3,15,,,
30064,,0,J0901,Technology 9,J0901.2,3,A3;C1;D4,21,,,
30064,,0,I0903,Algebra I 9,I0903.3,4,A4;C2;D5,37,,,
30064,,0,C0904,Band Level I,C0904.4,7,B2;C5;E4,3,,,
30064,,0,E0901,Physical Education and Health 9,E0901.3,1,A1;B4;D2,9,,,
30064,,0,A0901,Biology 9,A0901.4,6,B1;C4;E2,49,,,
30064,,0,H0904,English 9,H0904.4,2,A2;B5;D3,29,,,
30064,,0,B0901,Social Studies 9,B0901.1,5,A5;C3;E1,32,,,
30064,,0,G0901,Español & Literatura 9,G0901.7,8,B3;D1;E5,48,,,
30064,,0,ADVHS01,Advisory HS,ADVHS01.9,9,E3,20,,,
27088,,0,OH1305,Art of Fiction Intermediate Level,OH1305.1,4,A4;C2;D5,23,,,
27088,,0,G1203,Español & Literatura 11,G1203.3,3,A3;C1;D4,36,,,
27088,,0,L1304,Life Purpose,L1304.2,1,A1;B4;D2,24,,,
27088,,0,A1105,Physics 11,A1105.2,2,A2;B5;D3,31,,,
27088,,0,E1101,Physical Education and Health 11,E1101.6,6,B1;C4;E2,27,,,
27088,,0,OI1003,Algebra II,OI1003.4,5,A5;C3;E1,8,,,
27088,,0,ADVHS01,Advisory HS,ADVHS01.18,9,E3,31,,,
27088,,0,OJ1203,Entrepreneurship Business Technology,OJ1203.2,8,B3;D1;E5,22,,,
28041,,0,VHS0052,Spanish Film, Art, and Literature,VHS0052.2,1,A1;B4;D2,25,,,
28041,,0,OH1305,Art of Fiction Intermediate Level,OH1305.2,3,A3;C1;D4,40,,,
28041,,0,I1212,AP Macroeconomics,I1212.1,6,B1;C4;E2,34,,,
28041,,0,I1213,AP Microeconomics,I1213.1,6,B1;C4;E2,34,,,
28041,,0,OI1305,Calculus,OI1305.3,4,A4;C2;D5,35,,,
28041,,0,A1105,Physics 11,A1105.2,2,A2;B5;D3,31,,,
28041,,0,E1101,Physical Education and Health 11,E1101.2,7,B2;C5;E4,27,,,
28041,,0,ADVHS01,Advisory HS,ADVHS01.36,9,E3,49,,,
28041,,0,OC1305,Painting I,OC1305.3,5,A5;C3;E1,5,,,
28177,,0,I1204,AP Calculus AB,I1204.2,7,B2;C5;E4,44,,,
28177,,0,VHS0052,Spanish Film, Art, and Literature,VHS0052.1,8,B3;D1;E5,25,,,
28177,,0,OA1319,AP Physics 1,OA1319.1,5,A5;C3;E1,31,,,
28177,,0,OH1305,Art of Fiction Intermediate Level,OH1305.1,4,A4;C2;D5,23,,,
28177,,0,I1212,AP Macroeconomics,I1212.4,3,A3;C1;D4,34,,,
28177,,0,I1213,AP Microeconomics,I1213.4,3,A3;C1;D4,34,,,
28177,,0,E1101,Physical Education and Health 11,E1101.4,1,A1;B4;D2,27,,,
28177,,0,ADVHS01,Advisory HS,ADVHS01.20,9,E3,33,,,
28177,,0,OA1317,AP Chemistry,OA1317.1,6,B1;C4;E2,38,,,
28032,,0,H1001,English 10,H1001.3,2,A2;B5;D3,15,,,
28032,,0,OZ1323,AP Human Geography,OZ1323.2,4,A4;C2;D5,45,,,
28032,,0,E1001,Physical Education and Health 10,E1001.2,6,B1;C4;E2,12,,,
28032,,0,A1006,Chemistry 10,A1006.5,8,B3;D1;E5,38,,,
28032,,0,B1001,Social Sciences 10,B1001.5,1,A1;B4;D2,26,,,
28032,,0,I1003,Geometry,I1003.7,5,A5;C3;E1,42,,,
28032,,0,G1004,AP Spanish Language and Culture,G1004.4,7,B2;C5;E4,47,,,
28032,,0,ADVHS01,Advisory HS,ADVHS01.15,9,E3,26,,,
29065,,0,H1001,English 10,H1001.2,5,A5;C3;E1,43,,,
29065,,0,OZ1323,AP Human Geography,OZ1323.5,2,A2;B5;D3,45,,,
29065,,0,OI1003,Algebra II,OI1003.6,6,B1;C4;E2,8,,,
29065,,0,E1001,Physical Education and Health 10,E1001.4,7,B2;C5;E4,12,,,
29065,,0,G1004,AP Spanish Language and Culture,G1004.1,1,A1;B4;D2,47,,,
29065,,0,B1001,Social Sciences 10,B1001.4,8,B3;D1;E5,26,,,
29065,,0,A1006,Chemistry 10,A1006.4,3,A3;C1;D4,38,,,
29065,,0,ADVHS01,Advisory HS,ADVHS01.27,9,E3,41,,,
27112,,0,L1303,Pensar nuestro tiempo,L1303.1,7,B2;C5;E4,24,,,
27112,,0,OA1322,AP Physics 2,OA1322.1,3,A3;C1;D4,31,,,
27112,,0,OI1303,Financial Math,OI1303.1,4,A4;C2;D5,4,,,
27112,,0,OH1306,Art of Fiction Higher Level,OH1306.1,1,A1;B4;D2,23,,,
27112,,0,J1203,Tech. and Innovation for Social Change,J1203.1,6,B1;C4;E2,20,,,
27112,,0,G1201,Español & Literatura 12,G1201.3,2,A2;B5;D3,6,,,
27112,,0,E1201,Physical Education and Health 12,E1201.5,8,B3;D1;E5,30,,,
27112,,0,ADVHS01,Advisory HS,ADVHS01.11,9,E3,22,,,
27112,,0,OC1305,Painting I,OC1305.3,5,A5;C3;E1,5,,,
30169,,0,J0903,FRC 9,J0903.1,8,B3;D1;E5,20,,,
30169,,0,OC1305,Painting I,OC1305.4,1,A1;B4;D2,46,,,
30169,,0,E0901,Physical Education and Health 9,E0901.4,4,A4;C2;D5,9,,,
30169,,0,A0901,Biology 9,A0901.2,3,A3;C1;D4,41,,,
30169,,0,B0901,Social Studies 9,B0901.3,2,A2;B5;D3,32,,,
30169,,0,H0904,English 9,H0904.7,5,A5;C3;E1,15,,,
30169,,0,G0901,Español & Literatura 9,G0901.6,7,B2;C5;E4,48,,,
30169,,0,I1003,Geometry,I1003.1,6,B1;C4;E2,35,,,
30169,,0,ADVHS01,Advisory HS,ADVHS01.14,9,E3,25,,,
30126,,0,J0903,FRC 9,J0903.2,1,A1;B4;D2,20,,,
30126,,0,OC1305,Painting I,OC1305.2,4,A4;C2;D5,5,,,
30126,,0,E0901,Physical Education and Health 9,E0901.6,8,B3;D1;E5,9,,,
30126,,0,A0901,Biology 9,A0901.2,3,A3;C1;D4,41,,,
30126,,0,H0904,English 9,H0904.3,6,B1;C4;E2,29,,,
30126,,0,B0901,Social Studies 9,B0901.1,5,A5;C3;E1,32,,,
30126,,0,G0901,Español & Literatura 9,G0901.6,7,B2;C5;E4,48,,,
30126,,0,I1003,Geometry,I1003.2,2,A2;B5;D3,35,,,
30126,,0,ADVHS01,Advisory HS,ADVHS01.26,9,E3,40,,,
29136,,0,B1006,Cultural Studies,B1006.1,6,B1;C4;E2,32,,,
29136,,0,I1214,AP Seminar,I1214.2,5,A5;C3;E1,19,,,
29136,,0,OI1003,Algebra II,OI1003.3,4,A4;C2;D5,8,,,
29136,,0,E1001,Physical Education and Health 10,E1001.3,2,A2;B5;D3,12,,,
29136,,0,G1004,AP Spanish Language and Culture,G1004.1,1,A1;B4;D2,47,,,
29136,,0,B1001,Social Sciences 10,B1001.3,3,A3;C1;D4,26,,,
29136,,0,A1006,Chemistry 10,A1006.3,7,B2;C5;E4,7,,,
29136,,0,ADVHS01,Advisory HS,ADVHS01.5,9,E3,7,,,
28054,,0,I1204,AP Calculus AB,I1204.1,2,A2;B5;D3,44,,,
28054,,0,VHS0052,Spanish Film, Art, and Literature,VHS0052.1,8,B3;D1;E5,25,,,
28054,,0,OA1319,AP Physics 1,OA1319.1,5,A5;C3;E1,31,,,
28054,,0,OH1305,Art of Fiction Intermediate Level,OH1305.2,3,A3;C1;D4,40,,,
28054,,0,L1304,Life Purpose,L1304.3,4,A4;C2;D5,33,,,
28054,,0,E1101,Physical Education and Health 11,E1101.2,7,B2;C5;E4,27,,,
28054,,0,ADVHS01,Advisory HS,ADVHS01.9,9,E3,20,,,
28054,,0,OA1317,AP Chemistry,OA1317.1,6,B1;C4;E2,38,,,
30055,,0,J0901,Technology 9,J0901.1,6,B1;C4;E2,21,,,
30055,,0,C0904,Band Level I,C0904.3,3,A3;C1;D4,3,,,
30055,,0,E0901,Physical Education and Health 9,E0901.5,7,B2;C5;E4,9,,,
30055,,0,A0901,Biology 9,A0901.5,1,A1;B4;D2,49,,,
30055,,0,H0904,English 9,H0904.2,8,B3;D1;E5,29,,,
30055,,0,G0901,Español & Literatura 9,G0901.4,5,A5;C3;E1,28,,,
30055,,0,B0901,Social Studies 9,B0901.3,2,A2;B5;D3,32,,,
30055,,0,I1003,Geometry,I1003.5,4,A4;C2;D5,42,,,
30055,,0,ADVHS01,Advisory HS,ADVHS01.4,9,E3,6,,,
28121,,0,VHS0052,Spanish Film, Art, and Literature,VHS0052.2,1,A1;B4;D2,25,,,
28121,,0,OB1520,AP Statistics,OB1520.1,8,B3;D1;E5,37,,,
28121,,0,H1206,AP English Language & Composition,H1206.2,2,A2;B5;D3,19,,,
28121,,0,I1212,AP Macroeconomics,I1212.2,7,B2;C5;E4,34,,,
28121,,0,I1213,AP Microeconomics,I1213.2,7,B2;C5;E4,34,,,
28121,,0,A1105,Physics 11,A1105.3,6,B1;C4;E2,41,,,
28121,,0,E1101,Physical Education and Health 11,E1101.1,5,A5;C3;E1,27,,,
28121,,0,ADVHS01,Advisory HS,ADVHS01.16,9,E3,28,,,
28121,,0,OJ1203,Entrepreneurship Business Technology,OJ1203.1,3,A3;C1;D4,22,,,
28121,,0,OC1305,Painting I,OC1305.2,4,A4;C2;D5,5,,,
30102,,0,J0901,Technology 9,J0901.3,5,A5;C3;E1,21,,,
30102,,0,C0904,Band Level I,C0904.3,3,A3;C1;D4,3,,,
30102,,0,E0901,Physical Education and Health 9,E0901.4,4,A4;C2;D5,9,,,
30102,,0,A0901,Biology 9,A0901.3,8,B3;D1;E5,49,,,
30102,,0,H0904,English 9,H0904.4,2,A2;B5;D3,29,,,
30102,,0,B0901,Social Studies 9,B0901.4,1,A1;B4;D2,34,,,
30102,,0,G0901,Español & Literatura 9,G0901.6,7,B2;C5;E4,48,,,
30102,,0,I1003,Geometry,I1003.1,6,B1;C4;E2,35,,,
30102,,0,ADVHS01,Advisory HS,ADVHS01.25,9,E3,38,,,
30031,,0,J0901,Technology 9,J0901.2,3,A3;C1;D4,21,,,
30031,,0,I0903,Algebra I 9,I0903.2,2,A2;B5;D3,37,,,
30031,,0,C0904,Band Level I,C0904.4,7,B2;C5;E4,3,,,
30031,,0,E0901,Physical Education and Health 9,E0901.1,5,A5;C3;E1,9,,,
30031,,0,A0901,Biology 9,A0901.6,4,A4;C2;D5,49,,,
30031,,0,H0904,English 9,H0904.3,6,B1;C4;E2,29,,,
30031,,0,B0901,Social Studies 9,B0901.5,8,B3;D1;E5,40,,,
30031,,0,G0901,Español & Literatura 9,G0901.5,1,A1;B4;D2,48,,,
30031,,0,ADVHS01,Advisory HS,ADVHS01.1,9,E3,3,,,
28103,,0,VHS0052,Spanish Film, Art, and Literature,VHS0052.1,8,B3;D1;E5,25,,,
28103,,0,H1206,AP English Language & Composition,H1206.2,2,A2;B5;D3,19,,,
28103,,0,I1212,AP Macroeconomics,I1212.1,6,B1;C4;E2,34,,,
28103,,0,I1213,AP Microeconomics,I1213.1,6,B1;C4;E2,34,,,
28103,,0,OI1305,Calculus,OI1305.2,5,A5;C3;E1,35,,,
28103,,0,A1105,Physics 11,A1105.5,4,A4;C2;D5,41,,,
28103,,0,E1101,Physical Education and Health 11,E1101.2,7,B2;C5;E4,27,,,
28103,,0,ADVHS01,Advisory HS,ADVHS01.31,9,E3,44,,,
28103,,0,OJ1203,Entrepreneurship Business Technology,OJ1203.1,3,A3;C1;D4,22,,,
29036,,0,I1214,AP Seminar,I1214.1,1,A1;B4;D2,19,,,
29036,,0,OZ1323,AP Human Geography,OZ1323.4,7,B2;C5;E4,45,,,
29036,,0,E1001,Physical Education and Health 10,E1001.6,8,B3;D1;E5,12,,,
29036,,0,A1006,Chemistry 10,A1006.7,4,A4;C2;D5,38,,,
29036,,0,B1001,Social Sciences 10,B1001.1,6,B1;C4;E2,25,,,
29036,,0,I1003,Geometry,I1003.7,5,A5;C3;E1,42,,,
29036,,0,G1004,AP Spanish Language and Culture,G1004.2,2,A2;B5;D3,47,,,
29036,,0,ADVHS01,Advisory HS,ADVHS01.22,9,E3,35,,,
28164,,0,I1214,AP Seminar,I1214.2,5,A5;C3;E1,19,,,
28164,,0,L1301,AP Psychology,L1301.3,6,B1;C4;E2,33,,,
28164,,0,G1203,Español & Literatura 11,G1203.3,3,A3;C1;D4,36,,,
28164,,0,A1105,Physics 11,A1105.2,2,A2;B5;D3,31,,,
28164,,0,E1101,Physical Education and Health 11,E1101.5,4,A4;C2;D5,27,,,
28164,,0,OI1003,Algebra II,OI1003.2,1,A1;B4;D2,8,,,
28164,,0,ADVHS01,Advisory HS,ADVHS01.22,9,E3,35,,,
28164,,0,OC1310,Painting II,OC1310.1,7,B2;C5;E4,46,,,
28164,,0,I1212,AP Macroeconomics,I1212.3,8,B3;D1;E5,34,,,
28164,,0,I1213,AP Microeconomics,I1213.3,8,B3;D1;E5,34,,,
27094,,0,OH1305,Art of Fiction Intermediate Level,OH1305.3,2,A2;B5;D3,40,,,
27094,,0,G1203,Español & Literatura 11,G1203.3,3,A3;C1;D4,36,,,
27094,,0,L1304,Life Purpose,L1304.1,5,A5;C3;E1,24,,,
27094,,0,A1105,Physics 11,A1105.4,1,A1;B4;D2,41,,,
27094,,0,E1101,Physical Education and Health 11,E1101.5,4,A4;C2;D5,27,,,
27094,,0,OI1003,Algebra II,OI1003.6,6,B1;C4;E2,8,,,
27094,,0,ADVHS01,Advisory HS,ADVHS01.26,9,E3,40,,,
27094,,0,OJ1203,Entrepreneurship Business Technology,OJ1203.2,8,B3;D1;E5,22,,,
26023,,0,OA1318,AP Environmental Science,OA1318.1,1,A1;B4;D2,13,,,
26023,,0,OH1501,Journalism Higher Level,OH1501.1,4,A4;C2;D5,43,,,
26023,,0,OI1303,Financial Math,OI1303.2,5,A5;C3;E1,4,,,
26023,,0,L1304,Life Purpose,L1304.4,2,A2;B5;D3,33,,,
26023,,0,J1203,Tech. and Innovation for Social Change,J1203.3,7,B2;C5;E4,22,,,
26023,,0,OI1305,Calculus,OI1305.4,6,B1;C4;E2,44,,,
26023,,0,G1201,Español & Literatura 12,G1201.2,8,B3;D1;E5,6,,,
26023,,0,E1201,Physical Education and Health 12,E1201.6,3,A3;C1;D4,30,,,
26023,,0,ADVHS01,Advisory HS,ADVHS01.33,9,E3,46,,,
28031,,0,VHS0052,Spanish Film, Art, and Literature,VHS0052.2,1,A1;B4;D2,25,,,
28031,,0,OH1305,Art of Fiction Intermediate Level,OH1305.3,2,A2;B5;D3,40,,,
28031,,0,I1212,AP Macroeconomics,I1212.3,8,B3;D1;E5,34,,,
28031,,0,I1213,AP Microeconomics,I1213.3,8,B3;D1;E5,34,,,
28031,,0,A1105,Physics 11,A1105.3,6,B1;C4;E2,41,,,
28031,,0,E1101,Physical Education and Health 11,E1101.2,7,B2;C5;E4,27,,,
28031,,0,OI1003,Algebra II,OI1003.4,5,A5;C3;E1,8,,,
28031,,0,ADVHS01,Advisory HS,ADVHS01.12,9,E3,23,,,
28031,,0,OZ1207,Anatomy and Physiology,OZ1207.1,4,A4;C2;D5,13,,,
28031,,0,OC1310,Painting II,OC1310.3,3,A3;C1;D4,46,,,
29142,,0,I1214,AP Seminar,I1214.3,6,B1;C4;E2,19,,,
29142,,0,OZ1323,AP Human Geography,OZ1323.2,4,A4;C2;D5,45,,,
29142,,0,OI1003,Algebra II,OI1003.2,1,A1;B4;D2,8,,,
29142,,0,E1001,Physical Education and Health 10,E1001.4,7,B2;C5;E4,12,,,
29142,,0,A1006,Chemistry 10,A1006.2,2,A2;B5;D3,7,,,
29142,,0,G1004,AP Spanish Language and Culture,G1004.5,5,A5;C3;E1,47,,,
29142,,0,B1001,Social Sciences 10,B1001.4,8,B3;D1;E5,26,,,
29142,,0,ADVHS01,Advisory HS,ADVHS01.21,9,E3,34,,,
30079,,0,I0903,Algebra I 9,I0903.1,6,B1;C4;E2,37,,,
30079,,0,J0903,FRC 9,J0903.3,3,A3;C1;D4,20,,,
30079,,0,OC1305,Painting I,OC1305.1,2,A2;B5;D3,5,,,
30079,,0,E0901,Physical Education and Health 9,E0901.3,1,A1;B4;D2,9,,,
30079,,0,A0901,Biology 9,A0901.1,5,A5;C3;E1,41,,,
30079,,0,H0904,English 9,H0904.6,4,A4;C2;D5,15,,,
30079,,0,B0901,Social Studies 9,B0901.7,7,B2;C5;E4,40,,,
30079,,0,G0901,Español & Literatura 9,G0901.7,8,B3;D1;E5,48,,,
30079,,0,ADVHS01,Advisory HS,ADVHS01.32,9,E3,45,,,
27118,,0,H1201B,AP English Literature and Composition,H1201B.1,3,A3;C1;D4,23,,,
27118,,0,A1204,Environmental Science,A1204.3,8,B3;D1;E5,13,,,
27118,,0,L1301,AP Psychology,L1301.3,6,B1;C4;E2,33,,,
27118,,0,J1203,Tech. and Innovation for Social Change,J1203.3,7,B2;C5;E4,22,,,
27118,,0,OI1305,Calculus,OI1305.3,4,A4;C2;D5,35,,,
27118,,0,G1201,Español & Literatura 12,G1201.3,2,A2;B5;D3,6,,,
27118,,0,E1201,Physical Education and Health 12,E1201.1,1,A1;B4;D2,30,,,
27118,,0,ADVHS01,Advisory HS,ADVHS01.10,9,E3,21,,,
27118,,0,OC1305,Painting I,OC1305.3,5,A5;C3;E1,5,,,
27103,,0,L1303,Pensar nuestro tiempo,L1303.1,7,B2;C5;E4,24,,,
27103,,0,OB1532,AP Research,OB1532.1,2,A2;B5;D3,10,,,
27103,,0,OH1501,Journalism Higher Level,OH1501.1,4,A4;C2;D5,43,,,
27103,,0,OI1303,Financial Math,OI1303.2,5,A5;C3;E1,4,,,
27103,,0,A1204,Environmental Science,A1204.3,8,B3;D1;E5,13,,,
27103,,0,OI1305,Calculus,OI1305.4,6,B1;C4;E2,44,,,
27103,,0,G1201,Español & Literatura 12,G1201.5,3,A3;C1;D4,25,,,
27103,,0,E1201,Physical Education and Health 12,E1201.1,1,A1;B4;D2,30,,,
27103,,0,ADVHS01,Advisory HS,ADVHS01.17,9,E3,29,,,
27028,,0,L1303,Pensar nuestro tiempo,L1303.1,7,B2;C5;E4,24,,,
27028,,0,OB1532,AP Research,OB1532.1,2,A2;B5;D3,10,,,
27028,,0,OH1501,Journalism Higher Level,OH1501.1,4,A4;C2;D5,43,,,
27028,,0,A1204,Environmental Science,A1204.2,6,B1;C4;E2,13,,,
27028,,0,G1201,Español & Literatura 12,G1201.2,8,B3;D1;E5,6,,,
27028,,0,E1201,Physical Education and Health 12,E1201.3,5,A5;C3;E1,30,,,
27028,,0,ADVHS01,Advisory HS,ADVHS01.33,9,E3,46,,,
28005,,0,I1204,AP Calculus AB,I1204.2,7,B2;C5;E4,44,,,
28005,,0,L1302,Introduction to Law,L1302.2,3,A3;C1;D4,24,,,
28005,,0,OH1305,Art of Fiction Intermediate Level,OH1305.1,4,A4;C2;D5,23,,,
28005,,0,G1203,Español & Literatura 11,G1203.1,2,A2;B5;D3,36,,,
28005,,0,E1101,Physical Education and Health 11,E1101.1,5,A5;C3;E1,27,,,
28005,,0,A1105,Physics 11,A1105.1,8,B3;D1;E5,7,,,
28005,,0,ADVHS01,Advisory HS,ADVHS01.14,9,E3,25,,,
28047,,0,VHS0052,Spanish Film, Art, and Literature,VHS0052.1,8,B3;D1;E5,25,,,
28047,,0,H1206,AP English Language & Composition,H1206.1,3,A3;C1;D4,19,,,
28047,,0,I1212,AP Macroeconomics,I1212.2,7,B2;C5;E4,34,,,
28047,,0,I1213,AP Microeconomics,I1213.2,7,B2;C5;E4,34,,,
28047,,0,OI1305,Calculus,OI1305.3,4,A4;C2;D5,35,,,
28047,,0,A1105,Physics 11,A1105.4,1,A1;B4;D2,41,,,
28047,,0,E1101,Physical Education and Health 11,E1101.6,6,B1;C4;E2,27,,,
28047,,0,ADVHS01,Advisory HS,ADVHS01.28,9,E3,42,,,
28047,,0,OI1303,Financial Math,OI1303.2,5,A5;C3;E1,4,,,
28047,,0,OC1305,Painting I,OC1305.1,2,A2;B5;D3,5,,,
30100,,0,J0901,Technology 9,J0901.1,6,B1;C4;E2,21,,,
30100,,0,I0903,Algebra I 9,I0903.3,4,A4;C2;D5,37,,,
30100,,0,C0904,Band Level I,C0904.2,2,A2;B5;D3,3,,,
30100,,0,E0901,Physical Education and Health 9,E0901.2,3,A3;C1;D4,9,,,
30100,,0,A0901,Biology 9,A0901.5,1,A1;B4;D2,49,,,
30100,,0,H0904,English 9,H0904.7,5,A5;C3;E1,15,,,
30100,,0,B0901,Social Studies 9,B0901.5,8,B3;D1;E5,40,,,
30100,,0,G0901,Español & Literatura 9,G0901.6,7,B2;C5;E4,48,,,
30100,,0,ADVHS01,Advisory HS,ADVHS01.8,9,E3,19,,,
27127,,0,OB1532,AP Research,OB1532.1,2,A2;B5;D3,10,,,
27127,,0,I1204,AP Calculus AB,I1204.2,7,B2;C5;E4,44,,,
27127,,0,OA1322,AP Physics 2,OA1322.2,8,B3;D1;E5,31,,,
27127,,0,OH1306,Art of Fiction Higher Level,OH1306.1,1,A1;B4;D2,23,,,
27127,,0,L1304,Life Purpose,L1304.1,5,A5;C3;E1,24,,,
27127,,0,G1201,Español & Literatura 12,G1201.6,4,A4;C2;D5,36,,,
27127,,0,E1201,Physical Education and Health 12,E1201.4,6,B1;C4;E2,30,,,
27127,,0,ADVHS01,Advisory HS,ADVHS01.34,9,E3,47,,,
27127,,0,OJ1203,Entrepreneurship Business Technology,OJ1203.1,3,A3;C1;D4,22,,,
28061,,0,L1301,AP Psychology,L1301.1,5,A5;C3;E1,33,,,
28061,,0,OH1305,Art of Fiction Intermediate Level,OH1305.3,2,A2;B5;D3,40,,,
28061,,0,G1203,Español & Literatura 11,G1203.2,1,A1;B4;D2,36,,,
28061,,0,A1105,Physics 11,A1105.5,4,A4;C2;D5,41,,,
28061,,0,E1101,Physical Education and Health 11,E1101.3,8,B3;D1;E5,27,,,
28061,,0,OI1003,Algebra II,OI1003.5,3,A3;C1;D4,8,,,
28061,,0,ADVHS01,Advisory HS,ADVHS01.4,9,E3,6,,,
28061,,0,OC1310,Painting II,OC1310.1,7,B2;C5;E4,46,,,
28002,,0,OA1319,AP Physics 1,OA1319.2,7,B2;C5;E4,31,,,
28002,,0,I1214,AP Seminar,I1214.1,1,A1;B4;D2,19,,,
28002,,0,G1203,Español & Literatura 11,G1203.3,3,A3;C1;D4,36,,,
28002,,0,L1304,Life Purpose,L1304.4,2,A2;B5;D3,33,,,
28002,,0,OI1305,Calculus,OI1305.3,4,A4;C2;D5,35,,,
28002,,0,E1101,Physical Education and Health 11,E1101.6,6,B1;C4;E2,27,,,
28002,,0,ADVHS01,Advisory HS,ADVHS01.25,9,E3,38,,,
28002,,0,OC1305,Painting I,OC1305.3,5,A5;C3;E1,5,,,
29125,,0,H1001,English 10,H1001.4,8,B3;D1;E5,15,,,
29125,,0,OZ1323,AP Human Geography,OZ1323.1,1,A1;B4;D2,45,,,
29125,,0,OI1003,Algebra II,OI1003.5,3,A3;C1;D4,8,,,
29125,,0,E1001,Physical Education and Health 10,E1001.2,6,B1;C4;E2,12,,,
29125,,0,A1006,Chemistry 10,A1006.2,2,A2;B5;D3,7,,,
29125,,0,B1001,Social Sciences 10,B1001.7,5,A5;C3;E1,26,,,
29125,,0,G1004,AP Spanish Language and Culture,G1004.6,4,A4;C2;D5,48,,,
29125,,0,ADVHS01,Advisory HS,ADVHS01.19,9,E3,32,,,
30109,,0,J0901,Technology 9,J0901.3,5,A5;C3;E1,21,,,
30109,,0,I0903,Algebra I 9,I0903.2,2,A2;B5;D3,37,,,
30109,,0,OC1305,Painting I,OC1305.2,4,A4;C2;D5,5,,,
30109,,0,E0901,Physical Education and Health 9,E0901.6,8,B3;D1;E5,9,,,
30109,,0,A0901,Biology 9,A0901.2,3,A3;C1;D4,41,,,
30109,,0,H0904,English 9,H0904.5,1,A1;B4;D2,15,,,
30109,,0,B0901,Social Studies 9,B0901.6,6,B1;C4;E2,40,,,
30109,,0,G0901,Español & Literatura 9,G0901.6,7,B2;C5;E4,48,,,
30109,,0,ADVHS01,Advisory HS,ADVHS01.29,9,E3,43,,,
28058,,0,L1302,Introduction to Law,L1302.1,4,A4;C2;D5,24,,,
28058,,0,H1201B,AP English Literature and Composition,H1201B.1,3,A3;C1;D4,23,,,
28058,,0,OA1319,AP Physics 1,OA1319.1,5,A5;C3;E1,31,,,
28058,,0,OB1520,AP Statistics,OB1520.1,8,B3;D1;E5,37,,,
28058,,0,G1203,Español & Literatura 11,G1203.4,7,B2;C5;E4,36,,,
28058,,0,E1101,Physical Education and Health 11,E1101.4,1,A1;B4;D2,27,,,
28058,,0,ADVHS01,Advisory HS,ADVHS01.1,9,E3,3,,,
28058,,0,OA1317,AP Chemistry,OA1317.1,6,B1;C4;E2,38,,,
28058,,0,OC1310,Painting II,OC1310.2,2,A2;B5;D3,46,,,
27074,,0,L1303,Pensar nuestro tiempo,L1303.1,7,B2;C5;E4,24,,,
27074,,0,I1204,AP Calculus AB,I1204.1,2,A2;B5;D3,44,,,
27074,,0,OI1303,Financial Math,OI1303.1,4,A4;C2;D5,4,,,
27074,,0,OH1306,Art of Fiction Higher Level,OH1306.3,8,B3;D1;E5,23,,,
27074,,0,A1204,Environmental Science,A1204.2,6,B1;C4;E2,13,,,
27074,,0,J1203,Tech. and Innovation for Social Change,J1203.5,1,A1;B4;D2,22,,,
27074,,0,G1201,Español & Literatura 12,G1201.5,3,A3;C1;D4,25,,,
27074,,0,E1201,Physical Education and Health 12,E1201.3,5,A5;C3;E1,30,,,
27074,,0,ADVHS01,Advisory HS,ADVHS01.13,9,E3,24,,,
29002,,0,I1214,AP Seminar,I1214.2,5,A5;C3;E1,19,,,
29002,,0,OZ1323,AP Human Geography,OZ1323.3,6,B1;C4;E2,45,,,
29002,,0,OI1003,Algebra II,OI1003.2,1,A1;B4;D2,8,,,
29002,,0,E1001,Physical Education and Health 10,E1001.5,3,A3;C1;D4,12,,,
29002,,0,A1006,Chemistry 10,A1006.5,8,B3;D1;E5,38,,,
29002,,0,B1001,Social Sciences 10,B1001.6,4,A4;C2;D5,26,,,
29002,,0,G1004,AP Spanish Language and Culture,G1004.4,7,B2;C5;E4,47,,,
29002,,0,ADVHS01,Advisory HS,ADVHS01.3,9,E3,5,,,
27139,,0,I1208,AP Calculus BC,I1208.1,4,A4;C2;D5,44,,,
27139,,0,G1202,AP Spanish Literature and Culture,G1202.1,3,A3;C1;D4,6,,,
27139,,0,OH1501,Journalism Higher Level,OH1501.2,7,B2;C5;E4,43,,,
27139,,0,OI1303,Financial Math,OI1303.2,5,A5;C3;E1,4,,,
27139,,0,A1204,Environmental Science,A1204.1,2,A2;B5;D3,13,,,
27139,,0,L1304,Life Purpose,L1304.2,1,A1;B4;D2,24,,,
27139,,0,J1203,Tech. and Innovation for Social Change,J1203.1,6,B1;C4;E2,20,,,
27139,,0,E1201,Physical Education and Health 12,E1201.5,8,B3;D1;E5,30,,,
27139,,0,ADVHS01,Advisory HS,ADVHS01.7,9,E3,13,,,
30106,,0,J0903,FRC 9,J0903.2,1,A1;B4;D2,20,,,
30106,,0,C0904,Band Level I,C0904.3,3,A3;C1;D4,3,,,
30106,,0,E0901,Physical Education and Health 9,E0901.5,7,B2;C5;E4,9,,,
30106,,0,A0901,Biology 9,A0901.4,6,B1;C4;E2,49,,,
30106,,0,H0904,English 9,H0904.2,8,B3;D1;E5,29,,,
30106,,0,B0901,Social Studies 9,B0901.1,5,A5;C3;E1,32,,,
30106,,0,G0901,Español & Literatura 9,G0901.1,2,A2;B5;D3,28,,,
30106,,0,I1003,Geometry,I1003.5,4,A4;C2;D5,42,,,
30106,,0,ADVHS01,Advisory HS,ADVHS01.24,9,E3,37,,,
29035,,0,I1214,AP Seminar,I1214.1,1,A1;B4;D2,19,,,
29035,,0,OZ1323,AP Human Geography,OZ1323.2,4,A4;C2;D5,45,,,
29035,,0,OI1003,Algebra II,OI1003.4,5,A5;C3;E1,8,,,
29035,,0,E1001,Physical Education and Health 10,E1001.4,7,B2;C5;E4,12,,,
29035,,0,A1006,Chemistry 10,A1006.1,6,B1;C4;E2,7,,,
29035,,0,B1001,Social Sciences 10,B1001.4,8,B3;D1;E5,26,,,
29035,,0,G1004,AP Spanish Language and Culture,G1004.2,2,A2;B5;D3,47,,,
29035,,0,ADVHS01,Advisory HS,ADVHS01.18,9,E3,31,,,
29035,,0,C0904,Band Level I,C0904.3,3,A3;C1;D4,3,,,
27101,,0,OA1322,AP Physics 2,OA1322.1,3,A3;C1;D4,31,,,
27101,,0,OB1520,AP Statistics,OB1520.2,5,A5;C3;E1,37,,,
27101,,0,H1206,AP English Language & Composition,H1206.2,2,A2;B5;D3,19,,,
27101,,0,J1203,Tech. and Innovation for Social Change,J1203.3,7,B2;C5;E4,22,,,
27101,,0,G1201,Español & Literatura 12,G1201.2,8,B3;D1;E5,6,,,
27101,,0,E1201,Physical Education and Health 12,E1201.2,4,A4;C2;D5,30,,,
27101,,0,ADVHS01,Advisory HS,ADVHS01.9,9,E3,20,,,
27101,,0,OZ1313,AP Computer Science A,OZ1313.1,1,A1;B4;D2,50,,,
29173,,0,I1211,AP Precalculus,I1211.2,6,B1;C4;E2,4,,,
29173,,0,H1001,English 10,H1001.1,4,A4;C2;D5,29,,,
29173,,0,OZ1323,AP Human Geography,OZ1323.5,2,A2;B5;D3,45,,,
29173,,0,E1001,Physical Education and Health 10,E1001.1,5,A5;C3;E1,12,,,
29173,,0,A1006,Chemistry 10,A1006.6,1,A1;B4;D2,38,,,
29173,,0,B1001,Social Sciences 10,B1001.2,7,B2;C5;E4,25,,,
29173,,0,G1004,AP Spanish Language and Culture,G1004.3,3,A3;C1;D4,47,,,
29173,,0,ADVHS01,Advisory HS,ADVHS01.26,9,E3,40,,,
27002,,0,I1208,AP Calculus BC,I1208.1,4,A4;C2;D5,44,,,
27002,,0,G1202,AP Spanish Literature and Culture,G1202.1,3,A3;C1;D4,6,,,
27002,,0,OB1532,AP Research,OB1532.1,2,A2;B5;D3,10,,,
27002,,0,OH1306,Art of Fiction Higher Level,OH1306.1,1,A1;B4;D2,23,,,
27002,,0,A1204,Environmental Science,A1204.3,8,B3;D1;E5,13,,,
27002,,0,L1304,Life Purpose,L1304.1,5,A5;C3;E1,24,,,
27002,,0,E1201,Physical Education and Health 12,E1201.4,6,B1;C4;E2,30,,,
27002,,0,ADVHS01,Advisory HS,ADVHS01.21,9,E3,34,,,
30093,,0,J0901,Technology 9,J0901.2,3,A3;C1;D4,21,,,
30093,,0,C0904,Band Level I,C0904.2,2,A2;B5;D3,3,,,
30093,,0,E0901,Physical Education and Health 9,E0901.1,5,A5;C3;E1,9,,,
30093,,0,A0901,Biology 9,A0901.6,4,A4;C2;D5,49,,,
30093,,0,H0904,English 9,H0904.1,7,B2;C5;E4,29,,,
30093,,0,B0901,Social Studies 9,B0901.4,1,A1;B4;D2,34,,,
30093,,0,G0901,Español & Literatura 9,G0901.7,8,B3;D1;E5,48,,,
30093,,0,I1003,Geometry,I1003.1,6,B1;C4;E2,35,,,
30093,,0,ADVHS01,Advisory HS,ADVHS01.36,9,E3,49,,,
30114,,0,J0901,Technology 9,J0901.1,6,B1;C4;E2,21,,,
30114,,0,I0903,Algebra I 9,I0903.3,4,A4;C2;D5,37,,,
30114,,0,C0904,Band Level I,C0904.4,7,B2;C5;E4,3,,,
30114,,0,E0901,Physical Education and Health 9,E0901.2,3,A3;C1;D4,9,,,
30114,,0,A0901,Biology 9,A0901.1,5,A5;C3;E1,41,,,
30114,,0,H0904,English 9,H0904.4,2,A2;B5;D3,29,,,
30114,,0,B0901,Social Studies 9,B0901.4,1,A1;B4;D2,34,,,
30114,,0,G0901,Español & Literatura 9,G0901.7,8,B3;D1;E5,48,,,
30114,,0,ADVHS01,Advisory HS,ADVHS01.20,9,E3,33,,,
29149,,0,I1211,AP Precalculus,I1211.2,6,B1;C4;E2,4,,,
29149,,0,H1206,AP English Language & Composition,H1206.1,3,A3;C1;D4,19,,,
29149,,0,OZ1323,AP Human Geography,OZ1323.5,2,A2;B5;D3,45,,,
29149,,0,E1001,Physical Education and Health 10,E1001.4,7,B2;C5;E4,12,,,
29149,,0,A1006,Chemistry 10,A1006.5,8,B3;D1;E5,38,,,
29149,,0,B1001,Social Sciences 10,B1001.6,4,A4;C2;D5,26,,,
29149,,0,G1004,AP Spanish Language and Culture,G1004.5,5,A5;C3;E1,47,,,
29149,,0,ADVHS01,Advisory HS,ADVHS01.32,9,E3,45,,,
29050,,0,H1001,English 10,H1001.1,4,A4;C2;D5,29,,,
29050,,0,OZ1323,AP Human Geography,OZ1323.5,2,A2;B5;D3,45,,,
29050,,0,OI1003,Algebra II,OI1003.6,6,B1;C4;E2,8,,,
29050,,0,E1001,Physical Education and Health 10,E1001.6,8,B3;D1;E5,12,,,
29050,,0,A1006,Chemistry 10,A1006.6,1,A1;B4;D2,38,,,
29050,,0,B1001,Social Sciences 10,B1001.7,5,A5;C3;E1,26,,,
29050,,0,I1003,Geometry,I1003.3,7,B2;C5;E4,42,,,
29050,,0,G1004,AP Spanish Language and Culture,G1004.3,3,A3;C1;D4,47,,,
29050,,0,ADVHS01,Advisory HS,ADVHS01.16,9,E3,28,,,
30090,,0,I0903,Algebra I 9,I0903.1,6,B1;C4;E2,37,,,
30090,,0,J0903,FRC 9,J0903.1,8,B3;D1;E5,20,,,
30090,,0,C0904,Band Level I,C0904.3,3,A3;C1;D4,3,,,
30090,,0,E0901,Physical Education and Health 9,E0901.4,4,A4;C2;D5,9,,,
30090,,0,A0901,Biology 9,A0901.5,1,A1;B4;D2,49,,,
30090,,0,H0904,English 9,H0904.7,5,A5;C3;E1,15,,,
30090,,0,B0901,Social Studies 9,B0901.7,7,B2;C5;E4,40,,,
30090,,0,G0901,Español & Literatura 9,G0901.1,2,A2;B5;D3,28,,,
30090,,0,ADVHS01,Advisory HS,ADVHS01.31,9,E3,44,,,
27027,,0,L1302,Introduction to Law,L1302.2,3,A3;C1;D4,24,,,
27027,,0,OH1501,Journalism Higher Level,OH1501.1,4,A4;C2;D5,43,,,
27027,,0,A1204,Environmental Science,A1204.2,6,B1;C4;E2,13,,,
27027,,0,J1203,Tech. and Innovation for Social Change,J1203.4,5,A5;C3;E1,22,,,
27027,,0,OI1305,Calculus,OI1305.5,8,B3;D1;E5,44,,,
27027,,0,G1201,Español & Literatura 12,G1201.1,7,B2;C5;E4,6,,,
27027,,0,E1201,Physical Education and Health 12,E1201.1,1,A1;B4;D2,30,,,
27027,,0,ADVHS01,Advisory HS,ADVHS01.14,9,E3,25,,,
27027,,0,OC1310,Painting II,OC1310.2,2,A2;B5;D3,46,,,
27018,,0,G1202,AP Spanish Literature and Culture,G1202.1,3,A3;C1;D4,6,,,
27018,,0,OA1322,AP Physics 2,OA1322.2,8,B3;D1;E5,31,,,
27018,,0,OB1520,AP Statistics,OB1520.2,5,A5;C3;E1,37,,,
27018,,0,OH1306,Art of Fiction Higher Level,OH1306.2,7,B2;C5;E4,23,,,
27018,,0,L1304,Life Purpose,L1304.2,1,A1;B4;D2,24,,,
27018,,0,J1203,Tech. and Innovation for Social Change,J1203.2,2,A2;B5;D3,20,,,
27018,,0,E1201,Physical Education and Health 12,E1201.2,4,A4;C2;D5,30,,,
27018,,0,ADVHS01,Advisory HS,ADVHS01.17,9,E3,29,,,
28009,,0,L1302,Introduction to Law,L1302.1,4,A4;C2;D5,24,,,
28009,,0,OH1401,Journalism Intermediate Level,OH1401.1,6,B1;C4;E2,43,,,
28009,,0,L1301,AP Psychology,L1301.2,3,A3;C1;D4,33,,,
28009,,0,G1203,Español & Literatura 11,G1203.2,1,A1;B4;D2,36,,,
28009,,0,A1105,Physics 11,A1105.2,2,A2;B5;D3,31,,,
28009,,0,E1101,Physical Education and Health 11,E1101.3,8,B3;D1;E5,27,,,
28009,,0,OI1003,Algebra II,OI1003.4,5,A5;C3;E1,8,,,
28009,,0,ADVHS01,Advisory HS,ADVHS01.4,9,E3,6,,,
30104,,0,J0901,Technology 9,J0901.3,5,A5;C3;E1,21,,,
30104,,0,C0904,Band Level I,C0904.1,6,B1;C4;E2,3,,,
30104,,0,E0901,Physical Education and Health 9,E0901.3,1,A1;B4;D2,9,,,
30104,,0,A0901,Biology 9,A0901.3,8,B3;D1;E5,49,,,
30104,,0,H0904,English 9,H0904.6,4,A4;C2;D5,15,,,
30104,,0,B0901,Social Studies 9,B0901.2,3,A3;C1;D4,32,,,
30104,,0,G0901,Español & Literatura 9,G0901.1,2,A2;B5;D3,28,,,
30104,,0,I1003,Geometry,I1003.3,7,B2;C5;E4,42,,,
30104,,0,ADVHS01,Advisory HS,ADVHS01.12,9,E3,23,,,
28022,,0,I1204,AP Calculus AB,I1204.1,2,A2;B5;D3,44,,,
28022,,0,OH1305,Art of Fiction Intermediate Level,OH1305.2,3,A3;C1;D4,40,,,
28022,,0,G1203,Español & Literatura 11,G1203.2,1,A1;B4;D2,36,,,
28022,,0,L1304,Life Purpose,L1304.1,5,A5;C3;E1,24,,,
28022,,0,A1105,Physics 11,A1105.3,6,B1;C4;E2,41,,,
28022,,0,E1101,Physical Education and Health 11,E1101.5,4,A4;C2;D5,27,,,
28022,,0,ADVHS01,Advisory HS,ADVHS01.33,9,E3,46,,,
28022,,0,OC1310,Painting II,OC1310.1,7,B2;C5;E4,46,,,
27081,,0,I1208,AP Calculus BC,I1208.1,4,A4;C2;D5,44,,,
27081,,0,OA1322,AP Physics 2,OA1322.2,8,B3;D1;E5,31,,,
27081,,0,OB1520,AP Statistics,OB1520.2,5,A5;C3;E1,37,,,
27081,,0,OH1306,Art of Fiction Higher Level,OH1306.2,7,B2;C5;E4,23,,,
27081,,0,I1212,AP Macroeconomics,I1212.1,6,B1;C4;E2,34,,,
27081,,0,I1213,AP Microeconomics,I1213.1,6,B1;C4;E2,34,,,
27081,,0,G1201,Español & Literatura 12,G1201.5,3,A3;C1;D4,25,,,
27081,,0,E1201,Physical Education and Health 12,E1201.1,1,A1;B4;D2,30,,,
27081,,0,ADVHS01,Advisory HS,ADVHS01.5,9,E3,7,,,
27081,,0,J1203,Tech. and Innovation for Social Change,J1203.2,2,A2;B5;D3,20,,,
29022,,0,B1006,Cultural Studies,B1006.1,6,B1;C4;E2,32,,,
29022,,0,H1001,English 10,H1001.2,5,A5;C3;E1,43,,,
29022,,0,OI1003,Algebra II,OI1003.5,3,A3;C1;D4,8,,,
29022,,0,A1006,Chemistry 10,A1006.6,1,A1;B4;D2,38,,,
29022,,0,B1001,Social Sciences 10,B1001.2,7,B2;C5;E4,25,,,
29022,,0,E1001,Physical Education and Health 10,E1001.3,2,A2;B5;D3,12,,,
29022,,0,G1004,AP Spanish Language and Culture,G1004.6,4,A4;C2;D5,48,,,
29022,,0,ADVHS01,Advisory HS,ADVHS01.8,9,E3,19,,,
27174,,0,OA1318,AP Environmental Science,OA1318.1,1,A1;B4;D2,13,,,
27174,,0,G1202,AP Spanish Literature and Culture,G1202.1,3,A3;C1;D4,6,,,
27174,,0,OH1306,Art of Fiction Higher Level,OH1306.3,8,B3;D1;E5,23,,,
27174,,0,L1304,Life Purpose,L1304.4,2,A2;B5;D3,33,,,
27174,,0,J1203,Tech. and Innovation for Social Change,J1203.3,7,B2;C5;E4,22,,,
27174,,0,OI1305,Calculus,OI1305.4,6,B1;C4;E2,44,,,
27174,,0,E1201,Physical Education and Health 12,E1201.2,4,A4;C2;D5,30,,,
27174,,0,ADVHS01,Advisory HS,ADVHS01.29,9,E3,43,,,
30177,,0,J0901,Technology 9,J0901.1,6,B1;C4;E2,21,,,
30177,,0,I0903,Algebra I 9,I0903.2,2,A2;B5;D3,37,,,
30177,,0,C0904,Band Level I,C0904.4,7,B2;C5;E4,3,,,
30177,,0,E0901,Physical Education and Health 9,E0901.2,3,A3;C1;D4,9,,,
30177,,0,A0901,Biology 9,A0901.6,4,A4;C2;D5,49,,,
30177,,0,H0904,English 9,H0904.2,8,B3;D1;E5,29,,,
30177,,0,B0901,Social Studies 9,B0901.1,5,A5;C3;E1,32,,,
30177,,0,G0901,Español & Literatura 9,G0901.5,1,A1;B4;D2,48,,,
30177,,0,ADVHS01,Advisory HS,ADVHS01.23,9,E3,36,,,
30070,,0,J0901,Technology 9,J0901.2,3,A3;C1;D4,21,,,
30070,,0,C0904,Band Level I,C0904.2,2,A2;B5;D3,3,,,
30070,,0,E0901,Physical Education and Health 9,E0901.6,8,B3;D1;E5,9,,,
30070,,0,A0901,Biology 9,A0901.4,6,B1;C4;E2,49,,,
30070,,0,H0904,English 9,H0904.5,1,A1;B4;D2,15,,,
30070,,0,B0901,Social Studies 9,B0901.1,5,A5;C3;E1,32,,,
30070,,0,G0901,Español & Literatura 9,G0901.3,4,A4;C2;D5,28,,,
30070,,0,I1003,Geometry,I1003.3,7,B2;C5;E4,42,,,
30070,,0,ADVHS01,Advisory HS,ADVHS01.28,9,E3,42,,,
28089,,0,L1302,Introduction to Law,L1302.2,3,A3;C1;D4,24,,,
28089,,0,OH1401,Journalism Intermediate Level,OH1401.2,1,A1;B4;D2,43,,,
28089,,0,L1301,AP Psychology,L1301.1,5,A5;C3;E1,33,,,
28089,,0,G1203,Español & Literatura 11,G1203.1,2,A2;B5;D3,36,,,
28089,,0,A1105,Physics 11,A1105.3,6,B1;C4;E2,41,,,
28089,,0,E1101,Physical Education and Health 11,E1101.5,4,A4;C2;D5,27,,,
28089,,0,ADVHS01,Advisory HS,ADVHS01.25,9,E3,38,,,
28089,,0,C0904,Band Level I,C0904.4,7,B2;C5;E4,3,,,
28144,,0,I1211,AP Precalculus,I1211.1,3,A3;C1;D4,4,,,
28144,,0,B1006,Cultural Studies,B1006.2,7,B2;C5;E4,32,,,
28144,,0,VHS0052,Spanish Film, Art, and Literature,VHS0052.2,1,A1;B4;D2,25,,,
28144,,0,H1001,English 10,H1001.3,2,A2;B5;D3,15,,,
28144,,0,E1001,Physical Education and Health 10,E1001.6,8,B3;D1;E5,12,,,
28144,,0,B1001,Social Sciences 10,B1001.1,6,B1;C4;E2,25,,,
28144,,0,A1006,Chemistry 10,A1006.7,4,A4;C2;D5,38,,,
28144,,0,ADVHS01,Advisory HS,ADVHS01.1,9,E3,3,,,
28174,,0,H1201B,AP English Literature and Composition,H1201B.2,0,,23,,,
28174,,0,L1301,AP Psychology,L1301.3,6,B1;C4;E2,33,,,
28174,,0,A1105,Physics 11,A1105.4,1,A1;B4;D2,41,,,
28174,,0,E1101,Physical Education and Health 11,E1101.5,4,A4;C2;D5,27,,,
28174,,0,OI1003,Algebra II,OI1003.1,2,A2;B5;D3,4,,,
28174,,0,ADVHS01,Advisory HS,ADVHS01.35,9,E3,48,,,
28174,,0,OJ1203,Entrepreneurship Business Technology,OJ1203.2,8,B3;D1;E5,22,,,
28174,,0,C0904,Band Level I,C0904.3,3,A3;C1;D4,3,,,
27096,,0,OA1304,AP Biology,OA1304.1,4,A4;C2;D5,7,,,
27096,,0,OB1532,AP Research,OB1532.1,2,A2;B5;D3,10,,,
27096,,0,H1201B,AP English Literature and Composition,H1201B.2,0,,23,,,
27096,,0,L1301,AP Psychology,L1301.3,6,B1;C4;E2,33,,,
27096,,0,OI1305,Calculus,OI1305.2,5,A5;C3;E1,35,,,
27096,,0,G1201,Español & Literatura 12,G1201.1,7,B2;C5;E4,6,,,
27096,,0,E1201,Physical Education and Health 12,E1201.5,8,B3;D1;E5,30,,,
27096,,0,ADVHS01,Advisory HS,ADVHS01.33,9,E3,46,,,
27096,,0,OC1310,Painting II,OC1310.3,3,A3;C1;D4,46,,,
30121,,0,J0901,Technology 9,J0901.3,5,A5;C3;E1,21,,,
30121,,0,I0903,Algebra I 9,I0903.3,4,A4;C2;D5,37,,,
30121,,0,C0904,Band Level I,C0904.1,6,B1;C4;E2,3,,,
30121,,0,E0901,Physical Education and Health 9,E0901.3,1,A1;B4;D2,9,,,
30121,,0,A0901,Biology 9,A0901.2,3,A3;C1;D4,41,,,
30121,,0,B0901,Social Studies 9,B0901.3,2,A2;B5;D3,32,,,
30121,,0,G0901,Español & Literatura 9,G0901.7,8,B3;D1;E5,48,,,
30121,,0,H0904,English 9,H0904.1,7,B2;C5;E4,29,,,
30121,,0,ADVHS01,Advisory HS,ADVHS01.2,9,E3,4,,,
30014,,0,I0903,Algebra I 9,I0903.1,6,B1;C4;E2,37,,,
30014,,0,J0903,FRC 9,J0903.3,3,A3;C1;D4,20,,,
30014,,0,OC1305,Painting I,OC1305.3,5,A5;C3;E1,5,,,
30014,,0,E0901,Physical Education and Health 9,E0901.5,7,B2;C5;E4,9,,,
30014,,0,A0901,Biology 9,A0901.3,8,B3;D1;E5,49,,,
30014,,0,H0904,English 9,H0904.4,2,A2;B5;D3,29,,,
30014,,0,B0901,Social Studies 9,B0901.4,1,A1;B4;D2,34,,,
30014,,0,G0901,Español & Literatura 9,G0901.3,4,A4;C2;D5,28,,,
30014,,0,ADVHS01,Advisory HS,ADVHS01.6,9,E3,8,,,
29088,,0,I1214,AP Seminar,I1214.2,5,A5;C3;E1,19,,,
29088,,0,OZ1323,AP Human Geography,OZ1323.4,7,B2;C5;E4,45,,,
29088,,0,OI1003,Algebra II,OI1003.6,6,B1;C4;E2,8,,,
29088,,0,E1001,Physical Education and Health 10,E1001.3,2,A2;B5;D3,12,,,
29088,,0,A1006,Chemistry 10,A1006.4,3,A3;C1;D4,38,,,
29088,,0,B1001,Social Sciences 10,B1001.5,1,A1;B4;D2,26,,,
29088,,0,G1004,AP Spanish Language and Culture,G1004.6,4,A4;C2;D5,48,,,
29088,,0,ADVHS01,Advisory HS,ADVHS01.21,9,E3,34,,,
28040,,0,I1204,AP Calculus AB,I1204.2,7,B2;C5;E4,44,,,
28040,,0,OA1319,AP Physics 1,OA1319.1,5,A5;C3;E1,31,,,
28040,,0,OH1305,Art of Fiction Intermediate Level,OH1305.1,4,A4;C2;D5,23,,,
28040,,0,G1203,Español & Literatura 11,G1203.1,2,A2;B5;D3,36,,,
28040,,0,L1304,Life Purpose,L1304.2,1,A1;B4;D2,24,,,
28040,,0,E1101,Physical Education and Health 11,E1101.3,8,B3;D1;E5,27,,,
28040,,0,ADVHS01,Advisory HS,ADVHS01.21,9,E3,34,,,
28040,,0,OJ1203,Entrepreneurship Business Technology,OJ1203.1,3,A3;C1;D4,22,,,
30097,,0,I0903,Algebra I 9,I0903.2,2,A2;B5;D3,37,,,
30097,,0,J0903,FRC 9,J0903.2,1,A1;B4;D2,20,,,
30097,,0,OC1305,Painting I,OC1305.3,5,A5;C3;E1,5,,,
30097,,0,E0901,Physical Education and Health 9,E0901.4,4,A4;C2;D5,9,,,
30097,,0,A0901,Biology 9,A0901.2,3,A3;C1;D4,41,,,
30097,,0,B0901,Social Studies 9,B0901.6,6,B1;C4;E2,40,,,
30097,,0,H0904,English 9,H0904.2,8,B3;D1;E5,29,,,
30097,,0,G0901,Español & Literatura 9,G0901.6,7,B2;C5;E4,48,,,
30097,,0,ADVHS01,Advisory HS,ADVHS01.35,9,E3,48,,,
30054,,0,OC1307,Drawing I,OC1307.1,5,A5;C3;E1,46,,,
30054,,0,J0901,Technology 9,J0901.2,3,A3;C1;D4,21,,,
30054,,0,I0903,Algebra I 9,I0903.1,6,B1;C4;E2,37,,,
30054,,0,E0901,Physical Education and Health 9,E0901.6,8,B3;D1;E5,9,,,
30054,,0,A0901,Biology 9,A0901.5,1,A1;B4;D2,49,,,
30054,,0,H0904,English 9,H0904.6,4,A4;C2;D5,15,,,
30054,,0,B0901,Social Studies 9,B0901.7,7,B2;C5;E4,40,,,
30054,,0,G0901,Español & Literatura 9,G0901.1,2,A2;B5;D3,28,,,
30054,,0,ADVHS01,Advisory HS,ADVHS01.30,9,E3,15,,,
28062,,0,H1201B,AP English Literature and Composition,H1201B.2,0,,23,,,
28062,,0,L1301,AP Psychology,L1301.3,6,B1;C4;E2,33,,,
28062,,0,G1203,Español & Literatura 11,G1203.4,7,B2;C5;E4,36,,,
28062,,0,A1105,Physics 11,A1105.4,1,A1;B4;D2,41,,,
28062,,0,OI1305,Calculus,OI1305.2,5,A5;C3;E1,35,,,
28062,,0,E1101,Physical Education and Health 11,E1101.5,4,A4;C2;D5,27,,,
28062,,0,ADVHS01,Advisory HS,ADVHS01.32,9,E3,45,,,
28062,,0,C0904,Band Level I,C0904.3,3,A3;C1;D4,3,,,
27025,,0,G1202,AP Spanish Literature and Culture,G1202.1,3,A3;C1;D4,6,,,
27025,,0,OH1501,Journalism Higher Level,OH1501.2,7,B2;C5;E4,43,,,
27025,,0,OI1303,Financial Math,OI1303.1,4,A4;C2;D5,4,,,
27025,,0,A1204,Environmental Science,A1204.3,8,B3;D1;E5,13,,,
27025,,0,I1212,AP Macroeconomics,I1212.1,6,B1;C4;E2,34,,,
27025,,0,I1213,AP Microeconomics,I1213.1,6,B1;C4;E2,34,,,
27025,,0,J1203,Tech. and Innovation for Social Change,J1203.5,1,A1;B4;D2,22,,,
27025,,0,E1201,Physical Education and Health 12,E1201.3,5,A5;C3;E1,30,,,
27025,,0,ADVHS01,Advisory HS,ADVHS01.22,9,E3,35,,,
29110,,0,I1214,AP Seminar,I1214.1,1,A1;B4;D2,19,,,
29110,,0,OZ1323,AP Human Geography,OZ1323.3,6,B1;C4;E2,45,,,
29110,,0,OI1003,Algebra II,OI1003.1,2,A2;B5;D3,4,,,
29110,,0,E1001,Physical Education and Health 10,E1001.5,3,A3;C1;D4,12,,,
29110,,0,A1006,Chemistry 10,A1006.3,7,B2;C5;E4,7,,,
29110,,0,B1001,Social Sciences 10,B1001.7,5,A5;C3;E1,26,,,
29110,,0,G1004,AP Spanish Language and Culture,G1004.6,4,A4;C2;D5,48,,,
29110,,0,ADVHS01,Advisory HS,ADVHS01.32,9,E3,45,,,
27148,,0,OB1532,AP Research,OB1532.1,2,A2;B5;D3,10,,,
27148,,0,H1201B,AP English Literature and Composition,H1201B.1,3,A3;C1;D4,23,,,
27148,,0,A1204,Environmental Science,A1204.2,6,B1;C4;E2,13,,,
27148,,0,L1304,Life Purpose,L1304.2,1,A1;B4;D2,24,,,
27148,,0,OI1305,Calculus,OI1305.2,5,A5;C3;E1,35,,,
27148,,0,E1201,Physical Education and Health 12,E1201.2,4,A4;C2;D5,30,,,
27148,,0,ADVHS01,Advisory HS,ADVHS01.24,9,E3,37,,,
27071,,0,OA1318,AP Environmental Science,OA1318.1,1,A1;B4;D2,13,,,
27071,,0,L1303,Pensar nuestro tiempo,L1303.1,7,B2;C5;E4,24,,,
27071,,0,OH1501,Journalism Higher Level,OH1501.1,4,A4;C2;D5,43,,,
27071,,0,J1203,Tech. and Innovation for Social Change,J1203.2,2,A2;B5;D3,20,,,
27071,,0,OI1305,Calculus,OI1305.4,6,B1;C4;E2,44,,,
27071,,0,G1201,Español & Literatura 12,G1201.2,8,B3;D1;E5,6,,,
27071,,0,E1201,Physical Education and Health 12,E1201.3,5,A5;C3;E1,30,,,
27071,,0,ADVHS01,Advisory HS,ADVHS01.17,9,E3,29,,,
29015,,0,H1001,English 10,H1001.2,5,A5;C3;E1,43,,,
29015,,0,OZ1323,AP Human Geography,OZ1323.1,1,A1;B4;D2,45,,,
29015,,0,E1001,Physical Education and Health 10,E1001.2,6,B1;C4;E2,12,,,
29015,,0,A1006,Chemistry 10,A1006.2,2,A2;B5;D3,7,,,
29015,,0,B1001,Social Sciences 10,B1001.6,4,A4;C2;D5,26,,,
29015,,0,I1003,Geometry,I1003.6,8,B3;D1;E5,42,,,
29015,,0,G1004,AP Spanish Language and Culture,G1004.4,7,B2;C5;E4,47,,,
29015,,0,ADVHS01,Advisory HS,ADVHS01.8,9,E3,19,,,
27078,,0,OA1318,AP Environmental Science,OA1318.1,1,A1;B4;D2,13,,,
27078,,0,OH1501,Journalism Higher Level,OH1501.1,4,A4;C2;D5,43,,,
27078,,0,L1304,Life Purpose,L1304.4,2,A2;B5;D3,33,,,
27078,,0,J1203,Tech. and Innovation for Social Change,J1203.1,6,B1;C4;E2,20,,,
27078,,0,OI1305,Calculus,OI1305.1,7,B2;C5;E4,35,,,
27078,,0,G1201,Español & Literatura 12,G1201.2,8,B3;D1;E5,6,,,
27078,,0,E1201,Physical Education and Health 12,E1201.3,5,A5;C3;E1,30,,,
27078,,0,ADVHS01,Advisory HS,ADVHS01.29,9,E3,43,,,
28015,,0,I1204,AP Calculus AB,I1204.1,2,A2;B5;D3,44,,,
28015,,0,OH1401,Journalism Intermediate Level,OH1401.2,1,A1;B4;D2,43,,,
28015,,0,OB1520,AP Statistics,OB1520.1,8,B3;D1;E5,37,,,
28015,,0,G1203,Español & Literatura 11,G1203.4,7,B2;C5;E4,36,,,
28015,,0,I1212,AP Macroeconomics,I1212.4,3,A3;C1;D4,34,,,
28015,,0,I1213,AP Microeconomics,I1213.4,3,A3;C1;D4,34,,,
28015,,0,A1105,Physics 11,A1105.5,4,A4;C2;D5,41,,,
28015,,0,E1101,Physical Education and Health 11,E1101.1,5,A5;C3;E1,27,,,
28015,,0,ADVHS01,Advisory HS,ADVHS01.10,9,E3,21,,,
28015,,0,C0904,Band Level I,C0904.1,6,B1;C4;E2,3,,,
27172,,0,L1303,Pensar nuestro tiempo,L1303.1,7,B2;C5;E4,24,,,
27172,,0,I1208,AP Calculus BC,I1208.1,4,A4;C2;D5,44,,,
27172,,0,OB1532,AP Research,OB1532.1,2,A2;B5;D3,10,,,
27172,,0,OA1322,AP Physics 2,OA1322.1,3,A3;C1;D4,31,,,
27172,,0,G1201,Español & Literatura 12,G1201.2,8,B3;D1;E5,6,,,
27172,,0,E1201,Physical Education and Health 12,E1201.3,5,A5;C3;E1,30,,,
27172,,0,ADVHS01,Advisory HS,ADVHS01.13,9,E3,24,,,
29119,,0,I1211,AP Precalculus,I1211.2,6,B1;C4;E2,4,,,
29119,,0,H1001,English 10,H1001.4,8,B3;D1;E5,15,,,
29119,,0,OZ1323,AP Human Geography,OZ1323.2,4,A4;C2;D5,45,,,
29119,,0,E1001,Physical Education and Health 10,E1001.1,5,A5;C3;E1,12,,,
29119,,0,G1004,AP Spanish Language and Culture,G1004.1,1,A1;B4;D2,47,,,
29119,,0,A1006,Chemistry 10,A1006.4,3,A3;C1;D4,38,,,
29119,,0,B1001,Social Sciences 10,B1001.2,7,B2;C5;E4,25,,,
29119,,0,ADVHS01,Advisory HS,ADVHS01.13,9,E3,24,,,
29119,,0,OC1310,Painting II,OC1310.2,2,A2;B5;D3,46,,,
27116,,0,OB1532,AP Research,OB1532.1,2,A2;B5;D3,10,,,
27116,,0,I1204,AP Calculus AB,I1204.2,7,B2;C5;E4,44,,,
27116,,0,OH1501,Journalism Higher Level,OH1501.1,4,A4;C2;D5,43,,,
27116,,0,A1204,Environmental Science,A1204.3,8,B3;D1;E5,13,,,
27116,,0,L1301,AP Psychology,L1301.2,3,A3;C1;D4,33,,,
27116,,0,G1201,Español & Literatura 12,G1201.4,1,A1;B4;D2,6,,,
27116,,0,E1201,Physical Education and Health 12,E1201.3,5,A5;C3;E1,30,,,
27116,,0,ADVHS01,Advisory HS,ADVHS01.7,9,E3,13,,,
27116,,0,OC1314,AP Drawing,OC1314.1,6,B1;C4;E2,46,,,
28029,,0,OH1305,Art of Fiction Intermediate Level,OH1305.3,2,A2;B5;D3,40,,,
28029,,0,G1203,Español & Literatura 11,G1203.3,3,A3;C1;D4,36,,,
28029,,0,L1304,Life Purpose,L1304.3,4,A4;C2;D5,33,,,
28029,,0,A1105,Physics 11,A1105.1,8,B3;D1;E5,7,,,
28029,,0,E1101,Physical Education and Health 11,E1101.2,7,B2;C5;E4,27,,,
28029,,0,OI1003,Algebra II,OI1003.6,6,B1;C4;E2,8,,,
28029,,0,ADVHS01,Advisory HS,ADVHS01.17,9,E3,29,,,
28029,,0,OC1305,Painting I,OC1305.4,1,A1;B4;D2,46,,,
28116,,0,OH1401,Journalism Intermediate Level,OH1401.1,6,B1;C4;E2,43,,,
28116,,0,G1203,Español & Literatura 11,G1203.2,1,A1;B4;D2,36,,,
28116,,0,L1304,Life Purpose,L1304.4,2,A2;B5;D3,33,,,
28116,,0,OI1305,Calculus,OI1305.1,7,B2;C5;E4,35,,,
28116,,0,A1105,Physics 11,A1105.5,4,A4;C2;D5,41,,,
28116,,0,E1101,Physical Education and Health 11,E1101.1,5,A5;C3;E1,27,,,
28116,,0,ADVHS01,Advisory HS,ADVHS01.8,9,E3,19,,,
28116,,0,OJ1203,Entrepreneurship Business Technology,OJ1203.2,8,B3;D1;E5,22,,,
28116,,0,OC1310,Painting II,OC1310.3,3,A3;C1;D4,46,,,
29164,,0,H1001,English 10,H1001.1,4,A4;C2;D5,29,,,
29164,,0,OZ1323,AP Human Geography,OZ1323.5,2,A2;B5;D3,45,,,
29164,,0,E1001,Physical Education and Health 10,E1001.4,7,B2;C5;E4,12,,,
29164,,0,A1006,Chemistry 10,A1006.6,1,A1;B4;D2,38,,,
29164,,0,B1001,Social Sciences 10,B1001.1,6,B1;C4;E2,25,,,
29164,,0,I1003,Geometry,I1003.7,5,A5;C3;E1,42,,,
29164,,0,G1004,AP Spanish Language and Culture,G1004.3,3,A3;C1;D4,47,,,
29164,,0,ADVHS01,Advisory HS,ADVHS01.24,9,E3,37,,,
30077,,0,J0901,Technology 9,J0901.1,6,B1;C4;E2,21,,,
30077,,0,C0904,Band Level I,C0904.3,3,A3;C1;D4,3,,,
30077,,0,E0901,Physical Education and Health 9,E0901.1,5,A5;C3;E1,9,,,
30077,,0,A0901,Biology 9,A0901.6,4,A4;C2;D5,49,,,
30077,,0,H0904,English 9,H0904.5,1,A1;B4;D2,15,,,
30077,,0,B0901,Social Studies 9,B0901.5,8,B3;D1;E5,40,,,
30077,,0,G0901,Español & Literatura 9,G0901.1,2,A2;B5;D3,28,,,
30077,,0,I1003,Geometry,I1003.3,7,B2;C5;E4,42,,,
30077,,0,ADVHS01,Advisory HS,ADVHS01.15,9,E3,26,,,
27012,,0,OH1501,Journalism Higher Level,OH1501.2,7,B2;C5;E4,43,,,
27012,,0,A1204,Environmental Science,A1204.1,2,A2;B5;D3,13,,,
27012,,0,L1304,Life Purpose,L1304.3,4,A4;C2;D5,33,,,
27012,,0,J1203,Tech. and Innovation for Social Change,J1203.5,1,A1;B4;D2,22,,,
27012,,0,OI1305,Calculus,OI1305.5,8,B3;D1;E5,44,,,
27012,,0,G1201,Español & Literatura 12,G1201.5,3,A3;C1;D4,25,,,
27012,,0,E1201,Physical Education and Health 12,E1201.4,6,B1;C4;E2,30,,,
27012,,0,ADVHS01,Advisory HS,ADVHS01.7,9,E3,13,,,
28159,,0,I1204,AP Calculus AB,I1204.2,7,B2;C5;E4,44,,,
28159,,0,OH1401,Journalism Intermediate Level,OH1401.2,1,A1;B4;D2,43,,,
28159,,0,OA1319,AP Physics 1,OA1319.1,5,A5;C3;E1,31,,,
28159,,0,G1203,Español & Literatura 11,G1203.1,2,A2;B5;D3,36,,,
28159,,0,I1212,AP Macroeconomics,I1212.4,3,A3;C1;D4,34,,,
28159,,0,L1304,Life Purpose,L1304.3,4,A4;C2;D5,33,,,
28159,,0,I1213,AP Microeconomics,I1213.4,3,A3;C1;D4,34,,,
28159,,0,E1101,Physical Education and Health 11,E1101.6,6,B1;C4;E2,27,,,
28159,,0,ADVHS01,Advisory HS,ADVHS01.27,9,E3,41,,,
30052,,0,I0903,Algebra I 9,I0903.3,4,A4;C2;D5,37,,,
30052,,0,J0903,FRC 9,J0903.1,8,B3;D1;E5,20,,,
30052,,0,C0904,Band Level I,C0904.2,2,A2;B5;D3,3,,,
30052,,0,E0901,Physical Education and Health 9,E0901.5,7,B2;C5;E4,9,,,
30052,,0,A0901,Biology 9,A0901.1,5,A5;C3;E1,41,,,
30052,,0,H0904,English 9,H0904.3,6,B1;C4;E2,29,,,
30052,,0,B0901,Social Studies 9,B0901.2,3,A3;C1;D4,32,,,
30052,,0,G0901,Español & Literatura 9,G0901.5,1,A1;B4;D2,48,,,
30052,,0,ADVHS01,Advisory HS,ADVHS01.11,9,E3,22,,,
30103,,0,J0903,FRC 9,J0903.3,3,A3;C1;D4,20,,,
30103,,0,OC1305,Painting I,OC1305.4,1,A1;B4;D2,46,,,
30103,,0,E0901,Physical Education and Health 9,E0901.1,5,A5;C3;E1,9,,,
30103,,0,A0901,Biology 9,A0901.4,6,B1;C4;E2,49,,,
30103,,0,H0904,English 9,H0904.1,7,B2;C5;E4,29,,,
30103,,0,B0901,Social Studies 9,B0901.3,2,A2;B5;D3,32,,,
30103,,0,G0901,Español & Literatura 9,G0901.3,4,A4;C2;D5,28,,,
30103,,0,I1003,Geometry,I1003.6,8,B3;D1;E5,42,,,
30103,,0,ADVHS01,Advisory HS,ADVHS01.5,9,E3,7,,,
29103,,0,I1214,AP Seminar,I1214.3,6,B1;C4;E2,19,,,
29103,,0,OZ1323,AP Human Geography,OZ1323.4,7,B2;C5;E4,45,,,
29103,,0,E1001,Physical Education and Health 10,E1001.3,2,A2;B5;D3,12,,,
29103,,0,A1006,Chemistry 10,A1006.5,8,B3;D1;E5,38,,,
29103,,0,B1001,Social Sciences 10,B1001.3,3,A3;C1;D4,26,,,
29103,,0,I1003,Geometry,I1003.4,1,A1;B4;D2,42,,,
29103,,0,G1004,AP Spanish Language and Culture,G1004.5,5,A5;C3;E1,47,,,
29103,,0,ADVHS01,Advisory HS,ADVHS01.36,9,E3,49,,,
29103,,0,OZ1207,Anatomy and Physiology,OZ1207.1,4,A4;C2;D5,13,,,
29108,,0,H1206,AP English Language & Composition,H1206.1,3,A3;C1;D4,19,,,
29108,,0,OZ1323,AP Human Geography,OZ1323.1,1,A1;B4;D2,45,,,
29108,,0,E1001,Physical Education and Health 10,E1001.6,8,B3;D1;E5,12,,,
29108,,0,A1006,Chemistry 10,A1006.1,6,B1;C4;E2,7,,,
29108,,0,B1001,Social Sciences 10,B1001.7,5,A5;C3;E1,26,,,
29108,,0,I1003,Geometry,I1003.5,4,A4;C2;D5,42,,,
29108,,0,G1004,AP Spanish Language and Culture,G1004.2,2,A2;B5;D3,47,,,
29108,,0,ADVHS01,Advisory HS,ADVHS01.20,9,E3,33,,,
28055,,0,OH1401,Journalism Intermediate Level,OH1401.2,1,A1;B4;D2,43,,,
28055,,0,L1301,AP Psychology,L1301.2,3,A3;C1;D4,33,,,
28055,,0,G1203,Español & Literatura 11,G1203.1,2,A2;B5;D3,36,,,
28055,,0,A1105,Physics 11,A1105.3,6,B1;C4;E2,41,,,
28055,,0,E1101,Physical Education and Health 11,E1101.2,7,B2;C5;E4,27,,,
28055,,0,OI1003,Algebra II,OI1003.3,4,A4;C2;D5,8,,,
28055,,0,ADVHS01,Advisory HS,ADVHS01.29,9,E3,43,,,
28055,,0,I1215,AP 3-D Art and Design,I1215.1,8,B3;D1;E5,5,,,
28004,,0,L1302,Introduction to Law,L1302.1,4,A4;C2;D5,24,,,
28004,,0,OH1401,Journalism Intermediate Level,OH1401.1,6,B1;C4;E2,43,,,
28004,,0,G1203,Español & Literatura 11,G1203.3,3,A3;C1;D4,36,,,
28004,,0,L1304,Life Purpose,L1304.2,1,A1;B4;D2,24,,,
28004,,0,A1105,Physics 11,A1105.1,8,B3;D1;E5,7,,,
28004,,0,E1101,Physical Education and Health 11,E1101.2,7,B2;C5;E4,27,,,
28004,,0,OI1003,Algebra II,OI1003.1,2,A2;B5;D3,4,,,
28004,,0,ADVHS01,Advisory HS,ADVHS01.16,9,E3,28,,,
30061,,0,J0901,Technology 9,J0901.3,5,A5;C3;E1,21,,,
30061,,0,OC1305,Painting I,OC1305.1,2,A2;B5;D3,5,,,
30061,,0,E0901,Physical Education and Health 9,E0901.2,3,A3;C1;D4,9,,,
30061,,0,A0901,Biology 9,A0901.3,8,B3;D1;E5,49,,,
30061,,0,H0904,English 9,H0904.3,6,B1;C4;E2,29,,,
30061,,0,B0901,Social Studies 9,B0901.7,7,B2;C5;E4,40,,,
30061,,0,G0901,Español & Literatura 9,G0901.5,1,A1;B4;D2,48,,,
30061,,0,I1003,Geometry,I1003.5,4,A4;C2;D5,42,,,
30061,,0,ADVHS01,Advisory HS,ADVHS01.22,9,E3,35,,,
28060,,0,VHS0052,Spanish Film, Art, and Literature,VHS0052.1,8,B3;D1;E5,25,,,
28060,,0,OA1319,AP Physics 1,OA1319.2,7,B2;C5;E4,31,,,
28060,,0,OH1305,Art of Fiction Intermediate Level,OH1305.2,3,A3;C1;D4,40,,,
28060,,0,I1212,AP Macroeconomics,I1212.1,6,B1;C4;E2,34,,,
28060,,0,I1213,AP Microeconomics,I1213.1,6,B1;C4;E2,34,,,
28060,,0,E1101,Physical Education and Health 11,E1101.1,5,A5;C3;E1,27,,,
28060,,0,OI1003,Algebra II,OI1003.3,4,A4;C2;D5,8,,,
28060,,0,ADVHS01,Advisory HS,ADVHS01.31,9,E3,44,,,
30058,,0,J0901,Technology 9,J0901.2,3,A3;C1;D4,21,,,
30058,,0,C0904,Band Level I,C0904.1,6,B1;C4;E2,3,,,
30058,,0,E0901,Physical Education and Health 9,E0901.4,4,A4;C2;D5,9,,,
30058,,0,A0901,Biology 9,A0901.1,5,A5;C3;E1,41,,,
30058,,0,H0904,English 9,H0904.4,2,A2;B5;D3,29,,,
30058,,0,B0901,Social Studies 9,B0901.5,8,B3;D1;E5,40,,,
30058,,0,G0901,Español & Literatura 9,G0901.5,1,A1;B4;D2,48,,,
30058,,0,I1003,Geometry,I1003.3,7,B2;C5;E4,42,,,
30058,,0,ADVHS01,Advisory HS,ADVHS01.10,9,E3,21,,,
27085,,0,G1202,AP Spanish Literature and Culture,G1202.1,3,A3;C1;D4,6,,,
27085,,0,OA1322,AP Physics 2,OA1322.2,8,B3;D1;E5,31,,,
27085,,0,OI1303,Financial Math,OI1303.1,4,A4;C2;D5,4,,,
27085,,0,OH1306,Art of Fiction Higher Level,OH1306.2,7,B2;C5;E4,23,,,
27085,,0,L1304,Life Purpose,L1304.4,2,A2;B5;D3,33,,,
27085,,0,J1203,Tech. and Innovation for Social Change,J1203.5,1,A1;B4;D2,22,,,
27085,,0,E1201,Physical Education and Health 12,E1201.3,5,A5;C3;E1,30,,,
27085,,0,ADVHS01,Advisory HS,ADVHS01.12,9,E3,23,,,
29059,,0,H1001,English 10,H1001.3,2,A2;B5;D3,15,,,
29059,,0,OZ1323,AP Human Geography,OZ1323.3,6,B1;C4;E2,45,,,
29059,,0,E1001,Physical Education and Health 10,E1001.5,3,A3;C1;D4,12,,,
29059,,0,A1006,Chemistry 10,A1006.7,4,A4;C2;D5,38,,,
29059,,0,B1001,Social Sciences 10,B1001.5,1,A1;B4;D2,26,,,
29059,,0,I1003,Geometry,I1003.7,5,A5;C3;E1,42,,,
29059,,0,G1004,AP Spanish Language and Culture,G1004.4,7,B2;C5;E4,47,,,
29059,,0,ADVHS01,Advisory HS,ADVHS01.28,9,E3,42,,,
30043,,0,I0903,Algebra I 9,I0903.2,2,A2;B5;D3,37,,,
30043,,0,J0903,FRC 9,J0903.2,1,A1;B4;D2,20,,,
30043,,0,C0904,Band Level I,C0904.4,7,B2;C5;E4,3,,,
30043,,0,E0901,Physical Education and Health 9,E0901.6,8,B3;D1;E5,9,,,
30043,,0,A0901,Biology 9,A0901.2,3,A3;C1;D4,41,,,
30043,,0,H0904,English 9,H0904.7,5,A5;C3;E1,15,,,
30043,,0,B0901,Social Studies 9,B0901.6,6,B1;C4;E2,40,,,
30043,,0,G0901,Español & Literatura 9,G0901.3,4,A4;C2;D5,28,,,
30043,,0,ADVHS01,Advisory HS,ADVHS01.34,9,E3,47,,,
30072,,0,J0903,FRC 9,J0903.1,8,B3;D1;E5,20,,,
30072,,0,OC1305,Painting I,OC1305.2,4,A4;C2;D5,5,,,
30072,,0,E0901,Physical Education and Health 9,E0901.3,1,A1;B4;D2,9,,,
30072,,0,A0901,Biology 9,A0901.4,6,B1;C4;E2,49,,,
30072,,0,H0904,English 9,H0904.7,5,A5;C3;E1,15,,,
30072,,0,B0901,Social Studies 9,B0901.2,3,A3;C1;D4,32,,,
30072,,0,G0901,Español & Literatura 9,G0901.1,2,A2;B5;D3,28,,,
30072,,0,I1003,Geometry,I1003.3,7,B2;C5;E4,42,,,
30072,,0,ADVHS01,Advisory HS,ADVHS01.19,9,E3,32,,,
28115,,0,OH1401,Journalism Intermediate Level,OH1401.1,6,B1;C4;E2,43,,,
28115,,0,L1301,AP Psychology,L1301.1,5,A5;C3;E1,33,,,
28115,,0,G1203,Español & Literatura 11,G1203.4,7,B2;C5;E4,36,,,
28115,,0,A1105,Physics 11,A1105.2,2,A2;B5;D3,31,,,
28115,,0,E1101,Physical Education and Health 11,E1101.4,1,A1;B4;D2,27,,,
28115,,0,OI1003,Algebra II,OI1003.5,3,A3;C1;D4,8,,,
28115,,0,ADVHS01,Advisory HS,ADVHS01.13,9,E3,24,,,
28115,,0,OJ1203,Entrepreneurship Business Technology,OJ1203.2,8,B3;D1;E5,22,,,
27130,,0,OH1501,Journalism Higher Level,OH1501.2,7,B2;C5;E4,43,,,
27130,,0,A1204,Environmental Science,A1204.1,2,A2;B5;D3,13,,,
27130,,0,L1304,Life Purpose,L1304.3,4,A4;C2;D5,33,,,
27130,,0,J1203,Tech. and Innovation for Social Change,J1203.4,5,A5;C3;E1,22,,,
27130,,0,OI1305,Calculus,OI1305.4,6,B1;C4;E2,44,,,
27130,,0,G1201,Español & Literatura 12,G1201.2,8,B3;D1;E5,6,,,
27130,,0,E1201,Physical Education and Health 12,E1201.1,1,A1;B4;D2,30,,,
27130,,0,ADVHS01,Advisory HS,ADVHS01.23,9,E3,36,,,
27130,,0,OC1310,Painting II,OC1310.3,3,A3;C1;D4,46,,,
30051,,0,OC1307,Drawing I,OC1307.1,5,A5;C3;E1,46,,,
30051,,0,J0901,Technology 9,J0901.1,6,B1;C4;E2,21,,,
30051,,0,I0903,Algebra I 9,I0903.3,4,A4;C2;D5,37,,,
30051,,0,E0901,Physical Education and Health 9,E0901.5,7,B2;C5;E4,9,,,
30051,,0,A0901,Biology 9,A0901.5,1,A1;B4;D2,49,,,
30051,,0,H0904,English 9,H0904.2,8,B3;D1;E5,29,,,
30051,,0,B0901,Social Studies 9,B0901.2,3,A3;C1;D4,32,,,
30051,,0,G0901,Español & Literatura 9,G0901.1,2,A2;B5;D3,28,,,
30051,,0,ADVHS01,Advisory HS,ADVHS01.3,9,E3,5,,,
29074,,0,I1214,AP Seminar,I1214.2,5,A5;C3;E1,19,,,
29074,,0,OZ1323,AP Human Geography,OZ1323.2,4,A4;C2;D5,45,,,
29074,,0,OI1003,Algebra II,OI1003.2,1,A1;B4;D2,8,,,
29074,,0,E1001,Physical Education and Health 10,E1001.2,6,B1;C4;E2,12,,,
29074,,0,A1006,Chemistry 10,A1006.3,7,B2;C5;E4,7,,,
29074,,0,B1001,Social Sciences 10,B1001.4,8,B3;D1;E5,26,,,
29074,,0,G1004,AP Spanish Language and Culture,G1004.2,2,A2;B5;D3,47,,,
29074,,0,ADVHS01,Advisory HS,ADVHS01.6,9,E3,8,,,
28074,,0,L1302,Introduction to Law,L1302.2,3,A3;C1;D4,24,,,
28074,,0,VHS0052,Spanish Film, Art, and Literature,VHS0052.1,8,B3;D1;E5,25,,,
28074,,0,I1214,AP Seminar,I1214.1,1,A1;B4;D2,19,,,
28074,,0,I1212,AP Macroeconomics,I1212.2,7,B2;C5;E4,34,,,
28074,,0,I1213,AP Microeconomics,I1213.2,7,B2;C5;E4,34,,,
28074,,0,OI1305,Calculus,OI1305.2,5,A5;C3;E1,35,,,
28074,,0,A1105,Physics 11,A1105.2,2,A2;B5;D3,31,,,
28074,,0,E1101,Physical Education and Health 11,E1101.6,6,B1;C4;E2,27,,,
28074,,0,ADVHS01,Advisory HS,ADVHS01.34,9,E3,47,,,
28074,,0,OC1305,Painting I,OC1305.2,4,A4;C2;D5,5,,,
29107,,0,H1206,AP English Language & Composition,H1206.1,3,A3;C1;D4,19,,,
29107,,0,OZ1323,AP Human Geography,OZ1323.5,2,A2;B5;D3,45,,,
29107,,0,OI1003,Algebra II,OI1003.6,6,B1;C4;E2,8,,,
29107,,0,E1001,Physical Education and Health 10,E1001.1,5,A5;C3;E1,12,,,
29107,,0,A1006,Chemistry 10,A1006.6,1,A1;B4;D2,38,,,
29107,,0,B1001,Social Sciences 10,B1001.6,4,A4;C2;D5,26,,,
29107,,0,G1004,AP Spanish Language and Culture,G1004.4,7,B2;C5;E4,47,,,
29107,,0,ADVHS01,Advisory HS,ADVHS01.2,9,E3,4,,,
27026,,0,OH1306,Art of Fiction Higher Level,OH1306.3,8,B3;D1;E5,23,,,
27026,,0,A1204,Environmental Science,A1204.2,6,B1;C4;E2,13,,,
27026,,0,L1304,Life Purpose,L1304.1,5,A5;C3;E1,24,,,
27026,,0,J1203,Tech. and Innovation for Social Change,J1203.3,7,B2;C5;E4,22,,,
27026,,0,OI1305,Calculus,OI1305.3,4,A4;C2;D5,35,,,
27026,,0,G1201,Español & Literatura 12,G1201.3,2,A2;B5;D3,6,,,
27026,,0,E1201,Physical Education and Health 12,E1201.1,1,A1;B4;D2,30,,,
27026,,0,ADVHS01,Advisory HS,ADVHS01.35,9,E3,48,,,
27026,,0,OJ1203,Entrepreneurship Business Technology,OJ1203.1,3,A3;C1;D4,22,,,
30027,,0,OC1307,Drawing I,OC1307.1,5,A5;C3;E1,46,,,
30027,,0,J0901,Technology 9,J0901.2,3,A3;C1;D4,21,,,
30027,,0,E0901,Physical Education and Health 9,E0901.4,4,A4;C2;D5,9,,,
30027,,0,A0901,Biology 9,A0901.3,8,B3;D1;E5,49,,,
30027,,0,H0904,English 9,H0904.3,6,B1;C4;E2,29,,,
30027,,0,B0901,Social Studies 9,B0901.4,1,A1;B4;D2,34,,,
30027,,0,G0901,Español & Literatura 9,G0901.6,7,B2;C5;E4,48,,,
30027,,0,I1003,Geometry,I1003.2,2,A2;B5;D3,35,,,
30027,,0,ADVHS01,Advisory HS,ADVHS01.18,9,E3,31,,,
26040,,0,OH1501,Journalism Higher Level,OH1501.2,7,B2;C5;E4,43,,,
26040,,0,OI1303,Financial Math,OI1303.1,4,A4;C2;D5,4,,,
26040,,0,A1204,Environmental Science,A1204.2,6,B1;C4;E2,13,,,
26040,,0,I1212,AP Macroeconomics,I1212.4,3,A3;C1;D4,34,,,
26040,,0,I1213,AP Microeconomics,I1213.4,3,A3;C1;D4,34,,,
26040,,0,J1203,Tech. and Innovation for Social Change,J1203.4,5,A5;C3;E1,22,,,
26040,,0,OI1305,Calculus,OI1305.5,8,B3;D1;E5,44,,,
26040,,0,G1201,Español & Literatura 12,G1201.3,2,A2;B5;D3,6,,,
26040,,0,E1201,Physical Education and Health 12,E1201.1,1,A1;B4;D2,30,,,
26040,,0,ADVHS01,Advisory HS,ADVHS01.6,9,E3,8,,,
30056,,0,OC1307,Drawing I,OC1307.1,5,A5;C3;E1,46,,,
30056,,0,J0901,Technology 9,J0901.1,6,B1;C4;E2,21,,,
30056,,0,E0901,Physical Education and Health 9,E0901.2,3,A3;C1;D4,9,,,
30056,,0,A0901,Biology 9,A0901.6,4,A4;C2;D5,49,,,
30056,,0,H0904,English 9,H0904.5,1,A1;B4;D2,15,,,
30056,,0,B0901,Social Studies 9,B0901.3,2,A2;B5;D3,32,,,
30056,,0,G0901,Español & Literatura 9,G0901.7,8,B3;D1;E5,48,,,
30056,,0,I1003,Geometry,I1003.3,7,B2;C5;E4,42,,,
30056,,0,ADVHS01,Advisory HS,ADVHS01.9,9,E3,20,,,
28003,,0,I1204,AP Calculus AB,I1204.1,2,A2;B5;D3,44,,,
28003,,0,VHS0052,Spanish Film, Art, and Literature,VHS0052.2,1,A1;B4;D2,25,,,
28003,,0,OA1319,AP Physics 1,OA1319.2,7,B2;C5;E4,31,,,
28003,,0,OH1305,Art of Fiction Intermediate Level,OH1305.2,3,A3;C1;D4,40,,,
28003,,0,I1212,AP Macroeconomics,I1212.3,8,B3;D1;E5,34,,,
28003,,0,I1213,AP Microeconomics,I1213.3,8,B3;D1;E5,34,,,
28003,,0,E1101,Physical Education and Health 11,E1101.5,4,A4;C2;D5,27,,,
28003,,0,ADVHS01,Advisory HS,ADVHS01.23,9,E3,36,,,
28003,,0,OC1307,Drawing I,OC1307.1,5,A5;C3;E1,46,,,
29083,,0,OZ1323,AP Human Geography,OZ1323.4,7,B2;C5;E4,45,,,
29083,,0,H1001,English 10,H1001.2,5,A5;C3;E1,43,,,
29083,,0,E1001,Physical Education and Health 10,E1001.3,2,A2;B5;D3,12,,,
29083,,0,A1006,Chemistry 10,A1006.1,6,B1;C4;E2,7,,,
29083,,0,B1001,Social Sciences 10,B1001.3,3,A3;C1;D4,26,,,
29083,,0,G1004,AP Spanish Language and Culture,G1004.1,1,A1;B4;D2,47,,,
29083,,0,I1003,Geometry,I1003.6,8,B3;D1;E5,42,,,
29083,,0,ADVHS01,Advisory HS,ADVHS01.30,9,E3,15,,,
29083,,0,OZ1207,Anatomy and Physiology,OZ1207.1,4,A4;C2;D5,13,,,
28160,,0,B1006,Cultural Studies,B1006.1,6,B1;C4;E2,32,,,
28160,,0,H1001,English 10,H1001.4,8,B3;D1;E5,15,,,
28160,,0,E1001,Physical Education and Health 10,E1001.4,7,B2;C5;E4,12,,,
28160,,0,A1006,Chemistry 10,A1006.2,2,A2;B5;D3,7,,,
28160,,0,B1001,Social Sciences 10,B1001.5,1,A1;B4;D2,26,,,
28160,,0,I1003,Geometry,I1003.7,5,A5;C3;E1,42,,,
28160,,0,G1004,AP Spanish Language and Culture,G1004.6,4,A4;C2;D5,48,,,
28160,,0,ADVHS01,Advisory HS,ADVHS01.15,9,E3,26,,,
30032,,0,I0903,Algebra I 9,I0903.1,6,B1;C4;E2,37,,,
30032,,0,J0903,FRC 9,J0903.3,3,A3;C1;D4,20,,,
30032,,0,OC1305,Painting I,OC1305.4,1,A1;B4;D2,46,,,
30032,,0,E0901,Physical Education and Health 9,E0901.1,5,A5;C3;E1,9,,,
30032,,0,A0901,Biology 9,A0901.6,4,A4;C2;D5,49,,,
30032,,0,H0904,English 9,H0904.1,7,B2;C5;E4,29,,,
30032,,0,B0901,Social Studies 9,B0901.5,8,B3;D1;E5,40,,,
30032,,0,G0901,Español & Literatura 9,G0901.1,2,A2;B5;D3,28,,,
30032,,0,ADVHS01,Advisory HS,ADVHS01.26,9,E3,40,,,
28008,,0,VHS0052,Spanish Film, Art, and Literature,VHS0052.1,8,B3;D1;E5,25,,,
28008,,0,H1206,AP English Language & Composition,H1206.2,2,A2;B5;D3,19,,,
28008,,0,I1212,AP Macroeconomics,I1212.4,3,A3;C1;D4,34,,,
28008,,0,I1213,AP Microeconomics,I1213.4,3,A3;C1;D4,34,,,
28008,,0,A1105,Physics 11,A1105.5,4,A4;C2;D5,41,,,
28008,,0,E1101,Physical Education and Health 11,E1101.2,7,B2;C5;E4,27,,,
28008,,0,OI1003,Algebra II,OI1003.6,6,B1;C4;E2,8,,,
28008,,0,ADVHS01,Advisory HS,ADVHS01.6,9,E3,8,,,
28008,,0,C0907,Band Level III,C0907.1,5,A5;C3;E1,3,,,
29128,,0,I1214,AP Seminar,I1214.1,1,A1;B4;D2,19,,,
29128,,0,OZ1323,AP Human Geography,OZ1323.3,6,B1;C4;E2,45,,,
29128,,0,E1001,Physical Education and Health 10,E1001.6,8,B3;D1;E5,12,,,
29128,,0,A1006,Chemistry 10,A1006.4,3,A3;C1;D4,38,,,
29128,,0,B1001,Social Sciences 10,B1001.2,7,B2;C5;E4,25,,,
29128,,0,I1003,Geometry,I1003.7,5,A5;C3;E1,42,,,
29128,,0,G1004,AP Spanish Language and Culture,G1004.6,4,A4;C2;D5,48,,,
29128,,0,ADVHS01,Advisory HS,ADVHS01.27,9,E3,41,,,
30065,,0,I0903,Algebra I 9,I0903.2,2,A2;B5;D3,37,,,
30065,,0,J0903,FRC 9,J0903.2,1,A1;B4;D2,20,,,
30065,,0,OC1305,Painting I,OC1305.3,5,A5;C3;E1,5,,,
30065,,0,E0901,Physical Education and Health 9,E0901.6,8,B3;D1;E5,9,,,
30065,,0,A0901,Biology 9,A0901.2,3,A3;C1;D4,41,,,
30065,,0,H0904,English 9,H0904.6,4,A4;C2;D5,15,,,
30065,,0,B0901,Social Studies 9,B0901.6,6,B1;C4;E2,40,,,
30065,,0,G0901,Español & Literatura 9,G0901.6,7,B2;C5;E4,48,,,
30065,,0,ADVHS01,Advisory HS,ADVHS01.14,9,E3,25,,,
28137,,0,OH1401,Journalism Intermediate Level,OH1401.2,1,A1;B4;D2,43,,,
28137,,0,L1301,AP Psychology,L1301.3,6,B1;C4;E2,33,,,
28137,,0,G1203,Español & Literatura 11,G1203.3,3,A3;C1;D4,36,,,
28137,,0,A1105,Physics 11,A1105.5,4,A4;C2;D5,41,,,
28137,,0,E1101,Physical Education and Health 11,E1101.1,5,A5;C3;E1,27,,,
28137,,0,OI1003,Algebra II,OI1003.1,2,A2;B5;D3,4,,,
28137,,0,ADVHS01,Advisory HS,ADVHS01.7,9,E3,13,,,
28137,,0,I1215,AP 3-D Art and Design,I1215.1,8,B3;D1;E5,5,,,
28030,,0,VHS0052,Spanish Film, Art, and Literature,VHS0052.2,1,A1;B4;D2,25,,,
28030,,0,L1301,AP Psychology,L1301.2,3,A3;C1;D4,33,,,
28030,,0,OH1305,Art of Fiction Intermediate Level,OH1305.1,4,A4;C2;D5,23,,,
28030,,0,OI1305,Calculus,OI1305.5,8,B3;D1;E5,44,,,
28030,,0,E1101,Physical Education and Health 11,E1101.6,6,B1;C4;E2,27,,,
28030,,0,A1105,Physics 11,A1105.2,2,A2;B5;D3,31,,,
28030,,0,ADVHS01,Advisory HS,ADVHS01.24,9,E3,37,,,
29161,,0,I1214,AP Seminar,I1214.2,5,A5;C3;E1,19,,,
29161,,0,OZ1323,AP Human Geography,OZ1323.1,1,A1;B4;D2,45,,,
29161,,0,OI1003,Algebra II,OI1003.3,4,A4;C2;D5,8,,,
29161,,0,E1001,Physical Education and Health 10,E1001.6,8,B3;D1;E5,12,,,
29161,,0,B1001,Social Sciences 10,B1001.1,6,B1;C4;E2,25,,,
29161,,0,A1006,Chemistry 10,A1006.2,2,A2;B5;D3,7,,,
29161,,0,ADVHS01,Advisory HS,ADVHS01.36,9,E3,49,,,
27080,,0,OH1501,Journalism Higher Level,OH1501.1,4,A4;C2;D5,43,,,
27080,,0,L1304,Life Purpose,L1304.1,5,A5;C3;E1,24,,,
27080,,0,J1203,Tech. and Innovation for Social Change,J1203.1,6,B1;C4;E2,20,,,
27080,,0,OI1305,Calculus,OI1305.5,8,B3;D1;E5,44,,,
27080,,0,G1201,Español & Literatura 12,G1201.1,7,B2;C5;E4,6,,,
27080,,0,E1201,Physical Education and Health 12,E1201.1,1,A1;B4;D2,30,,,
27080,,0,ADVHS01,Advisory HS,ADVHS01.20,9,E3,33,,,
30094,,0,J0901,Technology 9,J0901.3,5,A5;C3;E1,21,,,
30094,,0,C0904,Band Level I,C0904.3,3,A3;C1;D4,3,,,
30094,,0,E0901,Physical Education and Health 9,E0901.3,1,A1;B4;D2,9,,,
30094,,0,A0901,Biology 9,A0901.4,6,B1;C4;E2,49,,,
30094,,0,B0901,Social Studies 9,B0901.7,7,B2;C5;E4,40,,,
30094,,0,G0901,Español & Literatura 9,G0901.3,4,A4;C2;D5,28,,,
30094,,0,I1003,Geometry,I1003.6,8,B3;D1;E5,42,,,
30094,,0,H0904,English 9,H0904.4,2,A2;B5;D3,29,,,
30094,,0,ADVHS01,Advisory HS,ADVHS01.4,9,E3,6,,,
29137,,0,H1001,English 10,H1001.1,4,A4;C2;D5,29,,,
29137,,0,OZ1323,AP Human Geography,OZ1323.1,1,A1;B4;D2,45,,,
29137,,0,E1001,Physical Education and Health 10,E1001.5,3,A3;C1;D4,12,,,
29137,,0,A1006,Chemistry 10,A1006.5,8,B3;D1;E5,38,,,
29137,,0,G1004,AP Spanish Language and Culture,G1004.7,6,B1;C4;E2,48,,,
29137,,0,B1001,Social Sciences 10,B1001.7,5,A5;C3;E1,26,,,
29137,,0,I1003,Geometry,I1003.2,2,A2;B5;D3,35,,,
29137,,0,ADVHS01,Advisory HS,ADVHS01.11,9,E3,22,,,
27046,,0,OA1322,AP Physics 2,OA1322.1,3,A3;C1;D4,31,,,
27046,,0,OH1501,Journalism Higher Level,OH1501.2,7,B2;C5;E4,43,,,
27046,,0,OI1303,Financial Math,OI1303.1,4,A4;C2;D5,4,,,
27046,,0,L1301,AP Psychology,L1301.1,5,A5;C3;E1,33,,,
27046,,0,J1203,Tech. and Innovation for Social Change,J1203.5,1,A1;B4;D2,22,,,
27046,,0,G1201,Español & Literatura 12,G1201.3,2,A2;B5;D3,6,,,
27046,,0,E1201,Physical Education and Health 12,E1201.5,8,B3;D1;E5,30,,,
27046,,0,ADVHS01,Advisory HS,ADVHS01.5,9,E3,7,,,
30023,,0,J0901,Technology 9,J0901.3,5,A5;C3;E1,21,,,
30023,,0,C0904,Band Level I,C0904.2,2,A2;B5;D3,3,,,
30023,,0,E0901,Physical Education and Health 9,E0901.5,7,B2;C5;E4,9,,,
30023,,0,A0901,Biology 9,A0901.5,1,A1;B4;D2,49,,,
30023,,0,H0904,English 9,H0904.3,6,B1;C4;E2,29,,,
30023,,0,B0901,Social Studies 9,B0901.2,3,A3;C1;D4,32,,,
30023,,0,G0901,Español & Literatura 9,G0901.7,8,B3;D1;E5,48,,,
30023,,0,I1003,Geometry,I1003.5,4,A4;C2;D5,42,,,
30023,,0,ADVHS01,Advisory HS,ADVHS01.25,9,E3,38,,,
28046,,0,H1001,English 10,H1001.3,2,A2;B5;D3,15,,,
28046,,0,OZ1323,AP Human Geography,OZ1323.2,4,A4;C2;D5,45,,,
28046,,0,E1001,Physical Education and Health 10,E1001.2,6,B1;C4;E2,12,,,
28046,,0,A1006,Chemistry 10,A1006.6,1,A1;B4;D2,38,,,
28046,,0,B1001,Social Sciences 10,B1001.4,8,B3;D1;E5,26,,,
28046,,0,I1003,Geometry,I1003.7,5,A5;C3;E1,42,,,
28046,,0,G1004,AP Spanish Language and Culture,G1004.4,7,B2;C5;E4,47,,,
28046,,0,ADVHS01,Advisory HS,ADVHS01.22,9,E3,35,,,
27073,,0,OB1532,AP Research,OB1532.1,2,A2;B5;D3,10,,,
27073,,0,OA1317,AP Chemistry,OA1317.1,6,B1;C4;E2,38,,,
27073,,0,H1201B,AP English Literature and Composition,H1201B.2,0,,23,,,
27073,,0,I1212,AP Macroeconomics,I1212.4,3,A3;C1;D4,34,,,
27073,,0,I1213,AP Microeconomics,I1213.4,3,A3;C1;D4,34,,,
27073,,0,G1201,Español & Literatura 12,G1201.1,7,B2;C5;E4,6,,,
27073,,0,E1201,Physical Education and Health 12,E1201.5,8,B3;D1;E5,30,,,
27073,,0,ADVHS01,Advisory HS,ADVHS01.2,9,E3,4,,,
27073,,0,I1208,AP Calculus BC,I1208.1,4,A4;C2;D5,44,,,
29081,,0,H1001,English 10,H1001.2,5,A5;C3;E1,43,,,
29081,,0,OZ1323,AP Human Geography,OZ1323.5,2,A2;B5;D3,45,,,
29081,,0,E1001,Physical Education and Health 10,E1001.4,7,B2;C5;E4,12,,,
29081,,0,A1006,Chemistry 10,A1006.7,4,A4;C2;D5,38,,,
29081,,0,B1001,Social Sciences 10,B1001.1,6,B1;C4;E2,25,,,
29081,,0,I1003,Geometry,I1003.4,1,A1;B4;D2,42,,,
29081,,0,G1004,AP Spanish Language and Culture,G1004.3,3,A3;C1;D4,47,,,
29081,,0,ADVHS01,Advisory HS,ADVHS01.10,9,E3,21,,,
26009,,0,OH1501,Journalism Higher Level,OH1501.1,4,A4;C2;D5,43,,,
26009,,0,A1204,Environmental Science,A1204.2,6,B1;C4;E2,13,,,
26009,,0,I1212,AP Macroeconomics,I1212.3,8,B3;D1;E5,34,,,
26009,,0,I1213,AP Microeconomics,I1213.3,8,B3;D1;E5,34,,,
26009,,0,J1203,Tech. and Innovation for Social Change,J1203.3,7,B2;C5;E4,22,,,
26009,,0,OI1305,Calculus,OI1305.2,5,A5;C3;E1,35,,,
26009,,0,G1201,Español & Literatura 12,G1201.4,1,A1;B4;D2,6,,,
26009,,0,E1201,Physical Education and Health 12,E1201.6,3,A3;C1;D4,30,,,
26009,,0,ADVHS01,Advisory HS,ADVHS01.19,9,E3,32,,,
26009,,0,OC1310,Painting II,OC1310.2,2,A2;B5;D3,46,,,
28081,,0,VHS0052,Spanish Film, Art, and Literature,VHS0052.1,8,B3;D1;E5,25,,,
28081,,0,OH1305,Art of Fiction Intermediate Level,OH1305.1,4,A4;C2;D5,23,,,
28081,,0,I1212,AP Macroeconomics,I1212.2,7,B2;C5;E4,34,,,
28081,,0,L1304,Life Purpose,L1304.1,5,A5;C3;E1,24,,,
28081,,0,I1213,AP Microeconomics,I1213.2,7,B2;C5;E4,34,,,
28081,,0,A1105,Physics 11,A1105.2,2,A2;B5;D3,31,,,
28081,,0,E1101,Physical Education and Health 11,E1101.6,6,B1;C4;E2,27,,,
28081,,0,OI1003,Algebra II,OI1003.2,1,A1;B4;D2,8,,,
28081,,0,ADVHS01,Advisory HS,ADVHS01.1,9,E3,3,,,
28166,,0,I1204,AP Calculus AB,I1204.2,7,B2;C5;E4,44,,,
28166,,0,VHS0052,Spanish Film, Art, and Literature,VHS0052.2,1,A1;B4;D2,25,,,
28166,,0,I1214,AP Seminar,I1214.3,6,B1;C4;E2,19,,,
28166,,0,I1212,AP Macroeconomics,I1212.3,8,B3;D1;E5,34,,,
28166,,0,I1213,AP Microeconomics,I1213.3,8,B3;D1;E5,34,,,
28166,,0,A1105,Physics 11,A1105.2,2,A2;B5;D3,31,,,
28166,,0,E1101,Physical Education and Health 11,E1101.1,5,A5;C3;E1,27,,,
28166,,0,ADVHS01,Advisory HS,ADVHS01.35,9,E3,48,,,
28166,,0,OJ1203,Entrepreneurship Business Technology,OJ1203.1,3,A3;C1;D4,22,,,
30182,,0,I0903,Algebra I 9,I0903.1,6,B1;C4;E2,37,,,
30182,,0,J0903,FRC 9,J0903.1,8,B3;D1;E5,20,,,
30182,,0,C0904,Band Level I,C0904.4,7,B2;C5;E4,3,,,
30182,,0,E0901,Physical Education and Health 9,E0901.2,3,A3;C1;D4,9,,,
30182,,0,A0901,Biology 9,A0901.1,5,A5;C3;E1,41,,,
30182,,0,H0904,English 9,H0904.6,4,A4;C2;D5,15,,,
30182,,0,B0901,Social Studies 9,B0901.4,1,A1;B4;D2,34,,,
30182,,0,G0901,Español & Literatura 9,G0901.1,2,A2;B5;D3,28,,,
30182,,0,ADVHS01,Advisory HS,ADVHS01.33,9,E3,46,,,
27015,,0,OA1304,AP Biology,OA1304.1,4,A4;C2;D5,7,,,
27015,,0,OH1501,Journalism Higher Level,OH1501.2,7,B2;C5;E4,43,,,
27015,,0,L1304,Life Purpose,L1304.2,1,A1;B4;D2,24,,,
27015,,0,J1203,Tech. and Innovation for Social Change,J1203.1,6,B1;C4;E2,20,,,
27015,,0,OI1305,Calculus,OI1305.2,5,A5;C3;E1,35,,,
27015,,0,G1201,Español & Literatura 12,G1201.3,2,A2;B5;D3,6,,,
27015,,0,E1201,Physical Education and Health 12,E1201.5,8,B3;D1;E5,30,,,
27015,,0,ADVHS01,Advisory HS,ADVHS01.24,9,E3,37,,,
27086,,0,OI1303,Financial Math,OI1303.2,5,A5;C3;E1,4,,,
27086,,0,OH1306,Art of Fiction Higher Level,OH1306.3,8,B3;D1;E5,23,,,
27086,,0,A1204,Environmental Science,A1204.1,2,A2;B5;D3,13,,,
27086,,0,I1212,AP Macroeconomics,I1212.2,7,B2;C5;E4,34,,,
27086,,0,I1213,AP Microeconomics,I1213.2,7,B2;C5;E4,34,,,
27086,,0,J1203,Tech. and Innovation for Social Change,J1203.1,6,B1;C4;E2,20,,,
27086,,0,G1201,Español & Literatura 12,G1201.6,4,A4;C2;D5,36,,,
27086,,0,E1201,Physical Education and Health 12,E1201.6,3,A3;C1;D4,30,,,
27086,,0,ADVHS01,Advisory HS,ADVHS01.3,9,E3,5,,,
28023,,0,I1214,AP Seminar,I1214.2,5,A5;C3;E1,19,,,
28023,,0,OZ1323,AP Human Geography,OZ1323.4,7,B2;C5;E4,45,,,
28023,,0,OI1003,Algebra II,OI1003.6,6,B1;C4;E2,8,,,
28023,,0,E1001,Physical Education and Health 10,E1001.3,2,A2;B5;D3,12,,,
28023,,0,A1006,Chemistry 10,A1006.5,8,B3;D1;E5,38,,,
28023,,0,B1001,Social Sciences 10,B1001.5,1,A1;B4;D2,26,,,
28023,,0,I1003,Geometry,I1003.5,4,A4;C2;D5,42,,,
28023,,0,G1004,AP Spanish Language and Culture,G1004.3,3,A3;C1;D4,47,,,
28023,,0,ADVHS01,Advisory HS,ADVHS01.21,9,E3,34,,,
30047,,0,J0903,FRC 9,J0903.3,3,A3;C1;D4,20,,,
30047,,0,OC1305,Painting I,OC1305.1,2,A2;B5;D3,5,,,
30047,,0,E0901,Physical Education and Health 9,E0901.1,5,A5;C3;E1,9,,,
30047,,0,A0901,Biology 9,A0901.3,8,B3;D1;E5,49,,,
30047,,0,H0904,English 9,H0904.5,1,A1;B4;D2,15,,,
30047,,0,B0901,Social Studies 9,B0901.6,6,B1;C4;E2,40,,,
30047,,0,G0901,Español & Literatura 9,G0901.3,4,A4;C2;D5,28,,,
30047,,0,I1003,Geometry,I1003.3,7,B2;C5;E4,42,,,
30047,,0,ADVHS01,Advisory HS,ADVHS01.32,9,E3,45,,,
29143,,0,H1001,English 10,H1001.4,8,B3;D1;E5,15,,,
29143,,0,OZ1323,AP Human Geography,OZ1323.4,7,B2;C5;E4,45,,,
29143,,0,E1001,Physical Education and Health 10,E1001.1,5,A5;C3;E1,12,,,
29143,,0,A1006,Chemistry 10,A1006.1,6,B1;C4;E2,7,,,
29143,,0,B1001,Social Sciences 10,B1001.6,4,A4;C2;D5,26,,,
29143,,0,I1003,Geometry,I1003.4,1,A1;B4;D2,42,,,
29143,,0,G1004,AP Spanish Language and Culture,G1004.2,2,A2;B5;D3,47,,,
29143,,0,ADVHS01,Advisory HS,ADVHS01.34,9,E3,47,,,
29143,,0,C0904,Band Level I,C0904.3,3,A3;C1;D4,3,,,
27124,,0,I1208,AP Calculus BC,I1208.1,4,A4;C2;D5,44,,,
27124,,0,G1202,AP Spanish Literature and Culture,G1202.1,3,A3;C1;D4,6,,,
27124,,0,OB1532,AP Research,OB1532.1,2,A2;B5;D3,10,,,
27124,,0,OA1322,AP Physics 2,OA1322.2,8,B3;D1;E5,31,,,
27124,,0,H1201B,AP English Literature and Composition,H1201B.2,0,,23,,,
27124,,0,L1304,Life Purpose,L1304.2,1,A1;B4;D2,24,,,
27124,,0,E1201,Physical Education and Health 12,E1201.3,5,A5;C3;E1,30,,,
27124,,0,ADVHS01,Advisory HS,ADVHS01.19,9,E3,32,,,
29052,,0,H1001,English 10,H1001.1,4,A4;C2;D5,29,,,
29052,,0,OZ1323,AP Human Geography,OZ1323.1,1,A1;B4;D2,45,,,
29052,,0,E1001,Physical Education and Health 10,E1001.3,2,A2;B5;D3,12,,,
29052,,0,A1006,Chemistry 10,A1006.3,7,B2;C5;E4,7,,,
29052,,0,B1001,Social Sciences 10,B1001.1,6,B1;C4;E2,25,,,
29052,,0,I1003,Geometry,I1003.6,8,B3;D1;E5,42,,,
29052,,0,G1004,AP Spanish Language and Culture,G1004.5,5,A5;C3;E1,47,,,
29052,,0,ADVHS01,Advisory HS,ADVHS01.3,9,E3,5,,,
28028,,0,I1204,AP Calculus AB,I1204.2,7,B2;C5;E4,44,,,
28028,,0,OA1319,AP Physics 1,OA1319.1,5,A5;C3;E1,31,,,
28028,,0,OH1305,Art of Fiction Intermediate Level,OH1305.3,2,A2;B5;D3,40,,,
28028,,0,G1203,Español & Literatura 11,G1203.3,3,A3;C1;D4,36,,,
28028,,0,I1212,AP Macroeconomics,I1212.3,8,B3;D1;E5,34,,,
28028,,0,L1304,Life Purpose,L1304.3,4,A4;C2;D5,33,,,
28028,,0,I1213,AP Microeconomics,I1213.3,8,B3;D1;E5,34,,,
28028,,0,E1101,Physical Education and Health 11,E1101.4,1,A1;B4;D2,27,,,
28028,,0,ADVHS01,Advisory HS,ADVHS01.18,9,E3,31,,,
28028,,0,C0904,Band Level I,C0904.1,6,B1;C4;E2,3,,,
27095,,0,L1303,Pensar nuestro tiempo,L1303.1,7,B2;C5;E4,24,,,
27095,,0,I1208,AP Calculus BC,I1208.1,4,A4;C2;D5,44,,,
27095,,0,OI1303,Financial Math,OI1303.2,5,A5;C3;E1,4,,,
27095,,0,OH1306,Art of Fiction Higher Level,OH1306.1,1,A1;B4;D2,23,,,
27095,,0,A1204,Environmental Science,A1204.3,8,B3;D1;E5,13,,,
27095,,0,J1203,Tech. and Innovation for Social Change,J1203.2,2,A2;B5;D3,20,,,
27095,,0,G1201,Español & Literatura 12,G1201.5,3,A3;C1;D4,25,,,
27095,,0,E1201,Physical Education and Health 12,E1201.4,6,B1;C4;E2,30,,,
27095,,0,ADVHS01,Advisory HS,ADVHS01.17,9,E3,29,,,
30101,,0,I0903,Algebra I 9,I0903.3,4,A4;C2;D5,37,,,
30101,,0,J0903,FRC 9,J0903.2,1,A1;B4;D2,20,,,
30101,,0,C0904,Band Level I,C0904.1,6,B1;C4;E2,3,,,
30101,,0,E0901,Physical Education and Health 9,E0901.6,8,B3;D1;E5,9,,,
30101,,0,A0901,Biology 9,A0901.1,5,A5;C3;E1,41,,,
30101,,0,H0904,English 9,H0904.1,7,B2;C5;E4,29,,,
30101,,0,B0901,Social Studies 9,B0901.2,3,A3;C1;D4,32,,,
30101,,0,ADVHS01,Advisory HS,ADVHS01.8,9,E3,19,,,
28157,,0,I1204,AP Calculus AB,I1204.1,2,A2;B5;D3,44,,,
28157,,0,OA1319,AP Physics 1,OA1319.2,7,B2;C5;E4,31,,,
28157,,0,I1214,AP Seminar,I1214.3,6,B1;C4;E2,19,,,
28157,,0,G1203,Español & Literatura 11,G1203.2,1,A1;B4;D2,36,,,
28157,,0,L1304,Life Purpose,L1304.1,5,A5;C3;E1,24,,,
28157,,0,E1101,Physical Education and Health 11,E1101.3,8,B3;D1;E5,27,,,
28157,,0,ADVHS01,Advisory HS,ADVHS01.36,9,E3,49,,,
30172,,0,J0903,FRC 9,J0903.1,8,B3;D1;E5,20,,,
30172,,0,OC1305,Painting I,OC1305.2,4,A4;C2;D5,5,,,
30172,,0,E0901,Physical Education and Health 9,E0901.3,1,A1;B4;D2,9,,,
30172,,0,A0901,Biology 9,A0901.2,3,A3;C1;D4,41,,,
30172,,0,H0904,English 9,H0904.7,5,A5;C3;E1,15,,,
30172,,0,B0901,Social Studies 9,B0901.3,2,A2;B5;D3,32,,,
30172,,0,G0901,Español & Literatura 9,G0901.6,7,B2;C5;E4,48,,,
30172,,0,I1003,Geometry,I1003.1,6,B1;C4;E2,35,,,
30172,,0,ADVHS01,Advisory HS,ADVHS01.29,9,E3,43,,,
27053,,0,OI1303,Financial Math,OI1303.1,4,A4;C2;D5,4,,,
27053,,0,OH1306,Art of Fiction Higher Level,OH1306.2,7,B2;C5;E4,23,,,
27053,,0,A1204,Environmental Science,A1204.2,6,B1;C4;E2,13,,,
27053,,0,I1212,AP Macroeconomics,I1212.3,8,B3;D1;E5,34,,,
27053,,0,I1213,AP Microeconomics,I1213.3,8,B3;D1;E5,34,,,
27053,,0,J1203,Tech. and Innovation for Social Change,J1203.4,5,A5;C3;E1,22,,,
27053,,0,G1201,Español & Literatura 12,G1201.4,1,A1;B4;D2,6,,,
27053,,0,E1201,Physical Education and Health 12,E1201.6,3,A3;C1;D4,30,,,
27053,,0,ADVHS01,Advisory HS,ADVHS01.13,9,E3,24,,,
28053,,0,H1206,AP English Language & Composition,H1206.1,3,A3;C1;D4,19,,,
28053,,0,L1301,AP Psychology,L1301.1,5,A5;C3;E1,33,,,
28053,,0,G1203,Español & Literatura 11,G1203.1,2,A2;B5;D3,36,,,
28053,,0,OI1305,Calculus,OI1305.4,6,B1;C4;E2,44,,,
28053,,0,A1105,Physics 11,A1105.4,1,A1;B4;D2,41,,,
28053,,0,E1101,Physical Education and Health 11,E1101.5,4,A4;C2;D5,27,,,
28053,,0,ADVHS01,Advisory HS,ADVHS01.20,9,E3,33,,,
28108,,0,I1211,AP Precalculus,I1211.2,6,B1;C4;E2,4,,,
28108,,0,OH1305,Art of Fiction Intermediate Level,OH1305.2,3,A3;C1;D4,40,,,
28108,,0,G1203,Español & Literatura 11,G1203.2,1,A1;B4;D2,36,,,
28108,,0,L1304,Life Purpose,L1304.3,4,A4;C2;D5,33,,,
28108,,0,A1105,Physics 11,A1105.2,2,A2;B5;D3,31,,,
28108,,0,E1101,Physical Education and Health 11,E1101.2,7,B2;C5;E4,27,,,
28108,,0,ADVHS01,Advisory HS,ADVHS01.16,9,E3,28,,,
28108,,0,OJ1203,Entrepreneurship Business Technology,OJ1203.2,8,B3;D1;E5,22,,,
27068,,0,OA1304,AP Biology,OA1304.1,4,A4;C2;D5,7,,,
27068,,0,OB1532,AP Research,OB1532.1,2,A2;B5;D3,10,,,
27068,,0,OA1322,AP Physics 2,OA1322.1,3,A3;C1;D4,31,,,
27068,,0,L1304,Life Purpose,L1304.2,1,A1;B4;D2,24,,,
27068,,0,G1201,Español & Literatura 12,G1201.1,7,B2;C5;E4,6,,,
27068,,0,E1201,Physical Education and Health 12,E1201.3,5,A5;C3;E1,30,,,
27068,,0,ADVHS01,Advisory HS,ADVHS01.31,9,E3,44,,,
30085,,0,J0903,FRC 9,J0903.3,3,A3;C1;D4,20,,,
30085,,0,OC1305,Painting I,OC1305.4,1,A1;B4;D2,46,,,
30085,,0,E0901,Physical Education and Health 9,E0901.4,4,A4;C2;D5,9,,,
30085,,0,A0901,Biology 9,A0901.4,6,B1;C4;E2,49,,,
30085,,0,B0901,Social Studies 9,B0901.1,5,A5;C3;E1,32,,,
30085,,0,H0904,English 9,H0904.2,8,B3;D1;E5,29,,,
30085,,0,G0901,Español & Literatura 9,G0901.6,7,B2;C5;E4,48,,,
30085,,0,I1003,Geometry,I1003.2,2,A2;B5;D3,35,,,
30085,,0,ADVHS01,Advisory HS,ADVHS01.7,9,E3,13,,,
29042,,0,B1006,Cultural Studies,B1006.2,7,B2;C5;E4,32,,,
29042,,0,H1001,English 10,H1001.3,2,A2;B5;D3,15,,,
29042,,0,E1001,Physical Education and Health 10,E1001.6,8,B3;D1;E5,12,,,
29042,,0,A1006,Chemistry 10,A1006.4,3,A3;C1;D4,38,,,
29042,,0,B1001,Social Sciences 10,B1001.5,1,A1;B4;D2,26,,,
29042,,0,I1003,Geometry,I1003.7,5,A5;C3;E1,42,,,
29042,,0,G1004,AP Spanish Language and Culture,G1004.7,6,B1;C4;E2,48,,,
29042,,0,ADVHS01,Advisory HS,ADVHS01.18,9,E3,31,,,
30082,,0,OC1306,Sculpture I,OC1306.1,3,A3;C1;D4,5,,,
30082,,0,J0901,Technology 9,J0901.1,6,B1;C4;E2,21,,,
30082,,0,I0903,Algebra I 9,I0903.2,2,A2;B5;D3,37,,,
30082,,0,E0901,Physical Education and Health 9,E0901.5,7,B2;C5;E4,9,,,
30082,,0,A0901,Biology 9,A0901.5,1,A1;B4;D2,49,,,
30082,,0,H0904,English 9,H0904.6,4,A4;C2;D5,15,,,
30082,,0,B0901,Social Studies 9,B0901.1,5,A5;C3;E1,32,,,
30082,,0,G0901,Español & Literatura 9,G0901.7,8,B3;D1;E5,48,,,
30082,,0,ADVHS01,Advisory HS,ADVHS01.24,9,E3,37,,,
28170,,0,OH1305,Art of Fiction Intermediate Level,OH1305.2,3,A3;C1;D4,40,,,
28170,,0,G1203,Español & Literatura 11,G1203.4,7,B2;C5;E4,36,,,
28170,,0,L1304,Life Purpose,L1304.2,1,A1;B4;D2,24,,,
28170,,0,A1105,Physics 11,A1105.1,8,B3;D1;E5,7,,,
28170,,0,E1101,Physical Education and Health 11,E1101.6,6,B1;C4;E2,27,,,
28170,,0,OI1003,Algebra II,OI1003.1,2,A2;B5;D3,4,,,
28170,,0,ADVHS01,Advisory HS,ADVHS01.16,9,E3,28,,,
27093,,0,I1208,AP Calculus BC,I1208.1,4,A4;C2;D5,44,,,
27093,,0,OH1501,Journalism Higher Level,OH1501.2,7,B2;C5;E4,43,,,
27093,,0,OI1303,Financial Math,OI1303.2,5,A5;C3;E1,4,,,
27093,,0,A1204,Environmental Science,A1204.1,2,A2;B5;D3,13,,,
27093,,0,L1304,Life Purpose,L1304.2,1,A1;B4;D2,24,,,
27093,,0,J1203,Tech. and Innovation for Social Change,J1203.1,6,B1;C4;E2,20,,,
27093,,0,G1201,Español & Literatura 12,G1201.2,8,B3;D1;E5,6,,,
27093,,0,E1201,Physical Education and Health 12,E1201.6,3,A3;C1;D4,30,,,
27093,,0,ADVHS01,Advisory HS,ADVHS01.36,9,E3,49,,,
29018,,0,I1214,AP Seminar,I1214.3,6,B1;C4;E2,19,,,
29018,,0,OZ1323,AP Human Geography,OZ1323.2,4,A4;C2;D5,45,,,
29018,,0,E1001,Physical Education and Health 10,E1001.5,3,A3;C1;D4,12,,,
29018,,0,A1006,Chemistry 10,A1006.2,2,A2;B5;D3,7,,,
29018,,0,B1001,Social Sciences 10,B1001.2,7,B2;C5;E4,25,,,
29018,,0,I1003,Geometry,I1003.4,1,A1;B4;D2,42,,,
29018,,0,G1004,AP Spanish Language and Culture,G1004.5,5,A5;C3;E1,47,,,
29018,,0,ADVHS01,Advisory HS,ADVHS01.9,9,E3,20,,,
27123,,0,OA1318,AP Environmental Science,OA1318.1,1,A1;B4;D2,13,,,
27123,,0,OB1532,AP Research,OB1532.1,2,A2;B5;D3,10,,,
27123,,0,OH1306,Art of Fiction Higher Level,OH1306.2,7,B2;C5;E4,23,,,
27123,,0,L1301,AP Psychology,L1301.3,6,B1;C4;E2,33,,,
27123,,0,OI1305,Calculus,OI1305.2,5,A5;C3;E1,35,,,
27123,,0,G1201,Español & Literatura 12,G1201.6,4,A4;C2;D5,36,,,
27123,,0,E1201,Physical Education and Health 12,E1201.5,8,B3;D1;E5,30,,,
27123,,0,ADVHS01,Advisory HS,ADVHS01.26,9,E3,40,,,
27114,,0,OA1317,AP Chemistry,OA1317.1,6,B1;C4;E2,38,,,
27114,,0,OI1303,Financial Math,OI1303.1,4,A4;C2;D5,4,,,
27114,,0,OH1306,Art of Fiction Higher Level,OH1306.1,1,A1;B4;D2,23,,,
27114,,0,I1212,AP Macroeconomics,I1212.4,3,A3;C1;D4,34,,,
27114,,0,I1213,AP Microeconomics,I1213.4,3,A3;C1;D4,34,,,
27114,,0,J1203,Tech. and Innovation for Social Change,J1203.4,5,A5;C3;E1,22,,,
27114,,0,G1201,Español & Literatura 12,G1201.1,7,B2;C5;E4,6,,,
27114,,0,E1201,Physical Education and Health 12,E1201.5,8,B3;D1;E5,30,,,
27114,,0,ADVHS01,Advisory HS,ADVHS01.9,9,E3,20,,,
29096,,0,I1211,AP Precalculus,I1211.1,3,A3;C1;D4,4,,,
29096,,0,B1006,Cultural Studies,B1006.1,6,B1;C4;E2,32,,,
29096,,0,I1214,AP Seminar,I1214.2,5,A5;C3;E1,19,,,
29096,,0,E1001,Physical Education and Health 10,E1001.4,7,B2;C5;E4,12,,,
29096,,0,A1006,Chemistry 10,A1006.5,8,B3;D1;E5,38,,,
29096,,0,B1001,Social Sciences 10,B1001.6,4,A4;C2;D5,26,,,
29096,,0,G1004,AP Spanish Language and Culture,G1004.1,1,A1;B4;D2,47,,,
29096,,0,ADVHS01,Advisory HS,ADVHS01.14,9,E3,25,,,
29096,,0,OC1310,Painting II,OC1310.2,2,A2;B5;D3,46,,,
27024,,0,OA1319,AP Physics 1,OA1319.2,7,B2;C5;E4,31,,,
27024,,0,OH1305,Art of Fiction Intermediate Level,OH1305.3,2,A2;B5;D3,40,,,
27024,,0,G1203,Español & Literatura 11,G1203.3,3,A3;C1;D4,36,,,
27024,,0,L1304,Life Purpose,L1304.3,4,A4;C2;D5,33,,,
27024,,0,OI1305,Calculus,OI1305.2,5,A5;C3;E1,35,,,
27024,,0,E1101,Physical Education and Health 11,E1101.4,1,A1;B4;D2,27,,,
27024,,0,ADVHS01,Advisory HS,ADVHS01.31,9,E3,44,,,
27024,,0,OA1317,AP Chemistry,OA1317.1,6,B1;C4;E2,38,,,
26024,,0,L1302,Introduction to Law,L1302.1,4,A4;C2;D5,24,,,
26024,,0,OA1322,AP Physics 2,OA1322.1,3,A3;C1;D4,31,,,
26024,,0,OI1303,Financial Math,OI1303.2,5,A5;C3;E1,4,,,
26024,,0,OH1306,Art of Fiction Higher Level,OH1306.3,8,B3;D1;E5,23,,,
26024,,0,J1203,Tech. and Innovation for Social Change,J1203.3,7,B2;C5;E4,22,,,
26024,,0,OI1305,Calculus,OI1305.4,6,B1;C4;E2,44,,,
26024,,0,G1201,Español & Literatura 12,G1201.3,2,A2;B5;D3,6,,,
26024,,0,E1201,Physical Education and Health 12,E1201.1,1,A1;B4;D2,30,,,
26024,,0,ADVHS01,Advisory HS,ADVHS01.20,9,E3,33,,,
29001,,0,H1206,AP English Language & Composition,H1206.2,2,A2;B5;D3,19,,,
29001,,0,OZ1323,AP Human Geography,OZ1323.3,6,B1;C4;E2,45,,,
29001,,0,OI1003,Algebra II,OI1003.5,3,A3;C1;D4,8,,,
29001,,0,E1001,Physical Education and Health 10,E1001.1,5,A5;C3;E1,12,,,
29001,,0,A1006,Chemistry 10,A1006.7,4,A4;C2;D5,38,,,
29001,,0,B1001,Social Sciences 10,B1001.4,8,B3;D1;E5,26,,,
29001,,0,G1004,AP Spanish Language and Culture,G1004.1,1,A1;B4;D2,47,,,
29001,,0,ADVHS01,Advisory HS,ADVHS01.4,9,E3,6,,,
29001,,0,OC1310,Painting II,OC1310.1,7,B2;C5;E4,46,,,
29072,,0,H1001,English 10,H1001.2,5,A5;C3;E1,43,,,
29072,,0,OZ1323,AP Human Geography,OZ1323.5,2,A2;B5;D3,45,,,
29072,,0,OI1003,Algebra II,OI1003.3,4,A4;C2;D5,8,,,
29072,,0,E1001,Physical Education and Health 10,E1001.2,6,B1;C4;E2,12,,,
29072,,0,A1006,Chemistry 10,A1006.6,1,A1;B4;D2,38,,,
29072,,0,B1001,Social Sciences 10,B1001.3,3,A3;C1;D4,26,,,
29072,,0,G1004,AP Spanish Language and Culture,G1004.4,7,B2;C5;E4,47,,,
29072,,0,ADVHS01,Advisory HS,ADVHS01.25,9,E3,38,,,
27048,,0,OH1306,Art of Fiction Higher Level,OH1306.1,1,A1;B4;D2,23,,,
27048,,0,L1304,Life Purpose,L1304.4,2,A2;B5;D3,33,,,
27048,,0,J1203,Tech. and Innovation for Social Change,J1203.4,5,A5;C3;E1,22,,,
27048,,0,OI1305,Calculus,OI1305.3,4,A4;C2;D5,35,,,
27048,,0,G1201,Español & Literatura 12,G1201.1,7,B2;C5;E4,6,,,
27048,,0,E1201,Physical Education and Health 12,E1201.6,3,A3;C1;D4,30,,,
27048,,0,ADVHS01,Advisory HS,ADVHS01.36,9,E3,49,,,
30179,,0,I0903,Algebra I 9,I0903.1,6,B1;C4;E2,37,,,
30179,,0,J0903,FRC 9,J0903.2,1,A1;B4;D2,20,,,
30179,,0,OC1305,Painting I,OC1305.1,2,A2;B5;D3,5,,,
30179,,0,E0901,Physical Education and Health 9,E0901.2,3,A3;C1;D4,9,,,
30179,,0,A0901,Biology 9,A0901.6,4,A4;C2;D5,49,,,
30179,,0,H0904,English 9,H0904.7,5,A5;C3;E1,15,,,
30179,,0,B0901,Social Studies 9,B0901.5,8,B3;D1;E5,40,,,
30179,,0,G0901,Español & Literatura 9,G0901.6,7,B2;C5;E4,48,,,
30179,,0,ADVHS01,Advisory HS,ADVHS01.16,9,E3,28,,,
28107,,0,H1201B,AP English Literature and Composition,H1201B.1,3,A3;C1;D4,23,,,
28107,,0,L1301,AP Psychology,L1301.3,6,B1;C4;E2,33,,,
28107,,0,G1203,Español & Literatura 11,G1203.2,1,A1;B4;D2,36,,,
28107,,0,OI1305,Calculus,OI1305.1,7,B2;C5;E4,35,,,
28107,,0,A1105,Physics 11,A1105.5,4,A4;C2;D5,41,,,
28107,,0,E1101,Physical Education and Health 11,E1101.1,5,A5;C3;E1,27,,,
28107,,0,ADVHS01,Advisory HS,ADVHS01.12,9,E3,23,,,
28107,,0,OJ1203,Entrepreneurship Business Technology,OJ1203.2,8,B3;D1;E5,22,,,
28107,,0,C0904,Band Level I,C0904.2,2,A2;B5;D3,3,,,
27067,,0,G1202,AP Spanish Literature and Culture,G1202.1,3,A3;C1;D4,6,,,
27067,,0,L1302,Introduction to Law,L1302.1,4,A4;C2;D5,24,,,
27067,,0,OH1306,Art of Fiction Higher Level,OH1306.3,8,B3;D1;E5,23,,,
27067,,0,A1204,Environmental Science,A1204.1,2,A2;B5;D3,13,,,
27067,,0,J1203,Tech. and Innovation for Social Change,J1203.1,6,B1;C4;E2,20,,,
27067,,0,OI1305,Calculus,OI1305.1,7,B2;C5;E4,35,,,
27067,,0,E1201,Physical Education and Health 12,E1201.1,1,A1;B4;D2,30,,,
27067,,0,ADVHS01,Advisory HS,ADVHS01.1,9,E3,3,,,
29016,,0,I1211,AP Precalculus,I1211.2,6,B1;C4;E2,4,,,
29016,,0,H1001,English 10,H1001.4,8,B3;D1;E5,15,,,
29016,,0,OZ1323,AP Human Geography,OZ1323.4,7,B2;C5;E4,45,,,
29016,,0,E1001,Physical Education and Health 10,E1001.3,2,A2;B5;D3,12,,,
29016,,0,A1006,Chemistry 10,A1006.4,3,A3;C1;D4,38,,,
29016,,0,B1001,Social Sciences 10,B1001.7,5,A5;C3;E1,26,,,
29016,,0,G1004,AP Spanish Language and Culture,G1004.6,4,A4;C2;D5,48,,,
29016,,0,ADVHS01,Advisory HS,ADVHS01.33,9,E3,46,,,
28168,,0,OA1319,AP Physics 1,OA1319.1,5,A5;C3;E1,31,,,
28168,,0,I1214,AP Seminar,I1214.1,1,A1;B4;D2,19,,,
28168,,0,I1212,AP Macroeconomics,I1212.4,3,A3;C1;D4,34,,,
28168,,0,I1213,AP Microeconomics,I1213.4,3,A3;C1;D4,34,,,
28168,,0,E1101,Physical Education and Health 11,E1101.2,7,B2;C5;E4,27,,,
28168,,0,OI1003,Algebra II,OI1003.1,2,A2;B5;D3,4,,,
28168,,0,ADVHS01,Advisory HS,ADVHS01.28,9,E3,42,,,
28168,,0,OC1314,AP Drawing,OC1314.1,6,B1;C4;E2,46,,,
30155,,0,J0901,Technology 9,J0901.2,3,A3;C1;D4,21,,,
30155,,0,I0903,Algebra I 9,I0903.3,4,A4;C2;D5,37,,,
30155,,0,C0904,Band Level I,C0904.2,2,A2;B5;D3,3,,,
30155,,0,E0901,Physical Education and Health 9,E0901.1,5,A5;C3;E1,9,,,
30155,,0,A0901,Biology 9,A0901.3,8,B3;D1;E5,49,,,
30155,,0,H0904,English 9,H0904.3,6,B1;C4;E2,29,,,
30155,,0,B0901,Social Studies 9,B0901.7,7,B2;C5;E4,40,,,
30155,,0,G0901,Español & Literatura 9,G0901.5,1,A1;B4;D2,48,,,
30155,,0,ADVHS01,Advisory HS,ADVHS01.31,9,E3,44,,,
28112,,0,I1204,AP Calculus AB,I1204.1,2,A2;B5;D3,44,,,
28112,,0,VHS0052,Spanish Film, Art, and Literature,VHS0052.1,8,B3;D1;E5,25,,,
28112,,0,OA1319,AP Physics 1,OA1319.2,7,B2;C5;E4,31,,,
28112,,0,OH1305,Art of Fiction Intermediate Level,OH1305.1,4,A4;C2;D5,23,,,
28112,,0,I1212,AP Macroeconomics,I1212.1,6,B1;C4;E2,34,,,
28112,,0,I1213,AP Microeconomics,I1213.1,6,B1;C4;E2,34,,,
28112,,0,E1101,Physical Education and Health 11,E1101.4,1,A1;B4;D2,27,,,
28112,,0,ADVHS01,Advisory HS,ADVHS01.30,9,E3,15,,,
28112,,0,OJ1203,Entrepreneurship Business Technology,OJ1203.1,3,A3;C1;D4,22,,,
28112,,0,OC1305,Painting I,OC1305.3,5,A5;C3;E1,5,,,
29049,,0,H1001,English 10,H1001.1,4,A4;C2;D5,29,,,
29049,,0,OZ1323,AP Human Geography,OZ1323.1,1,A1;B4;D2,45,,,
29049,,0,E1001,Physical Education and Health 10,E1001.6,8,B3;D1;E5,12,,,
29049,,0,A1006,Chemistry 10,A1006.1,6,B1;C4;E2,7,,,
29049,,0,G1004,AP Spanish Language and Culture,G1004.5,5,A5;C3;E1,47,,,
29049,,0,B1001,Social Sciences 10,B1001.3,3,A3;C1;D4,26,,,
29049,,0,I1003,Geometry,I1003.2,2,A2;B5;D3,35,,,
29049,,0,ADVHS01,Advisory HS,ADVHS01.21,9,E3,34,,,
29049,,0,OC1310,Painting II,OC1310.1,7,B2;C5;E4,46,,,
27041,,0,I1204,AP Calculus AB,I1204.2,7,B2;C5;E4,44,,,
27041,,0,OA1319,AP Physics 1,OA1319.1,5,A5;C3;E1,31,,,
27041,,0,L1301,AP Psychology,L1301.2,3,A3;C1;D4,33,,,
27041,,0,OH1305,Art of Fiction Intermediate Level,OH1305.1,4,A4;C2;D5,23,,,
27041,,0,G1203,Español & Literatura 11,G1203.1,2,A2;B5;D3,36,,,
27041,,0,E1101,Physical Education and Health 11,E1101.4,1,A1;B4;D2,27,,,
27041,,0,ADVHS01,Advisory HS,ADVHS01.23,9,E3,36,,,
27041,,0,OC1314,AP Drawing,OC1314.1,6,B1;C4;E2,46,,,
29056,,0,B1006,Cultural Studies,B1006.2,7,B2;C5;E4,32,,,
29056,,0,I1214,AP Seminar,I1214.1,1,A1;B4;D2,19,,,
29056,,0,E1001,Physical Education and Health 10,E1001.5,3,A3;C1;D4,12,,,
29056,,0,A1006,Chemistry 10,A1006.2,2,A2;B5;D3,7,,,
29056,,0,B1001,Social Sciences 10,B1001.1,6,B1;C4;E2,25,,,
29056,,0,I1003,Geometry,I1003.6,8,B3;D1;E5,42,,,
29056,,0,G1004,AP Spanish Language and Culture,G1004.5,5,A5;C3;E1,47,,,
29056,,0,ADVHS01,Advisory HS,ADVHS01.32,9,E3,45,,,
30089,,0,I0903,Algebra I 9,I0903.2,2,A2;B5;D3,37,,,
30089,,0,J0903,FRC 9,J0903.1,8,B3;D1;E5,20,,,
30089,,0,C0904,Band Level I,C0904.3,3,A3;C1;D4,3,,,
30089,,0,E0901,Physical Education and Health 9,E0901.4,4,A4;C2;D5,9,,,
30089,,0,A0901,Biology 9,A0901.1,5,A5;C3;E1,41,,,
30089,,0,H0904,English 9,H0904.5,1,A1;B4;D2,15,,,
30089,,0,B0901,Social Studies 9,B0901.6,6,B1;C4;E2,40,,,
30089,,0,G0901,Español & Literatura 9,G0901.6,7,B2;C5;E4,48,,,
30089,,0,ADVHS01,Advisory HS,ADVHS01.12,9,E3,23,,,
30160,,0,I0903,Algebra I 9,I0903.2,2,A2;B5;D3,37,,,
30160,,0,J0901,Technology 9,J0901.2,3,A3;C1;D4,21,,,
30160,,0,E0901,Physical Education and Health 9,E0901.5,7,B2;C5;E4,9,,,
30160,,0,A0901,Biology 9,A0901.4,6,B1;C4;E2,49,,,
30160,,0,OC1305,Painting I,OC1305.3,5,A5;C3;E1,5,,,
30160,,0,B0901,Social Studies 9,B0901.4,1,A1;B4;D2,34,,,
30160,,0,H0904,English 9,H0904.2,8,B3;D1;E5,29,,,
30160,,0,G0901,Español & Literatura 9,G0901.3,4,A4;C2;D5,28,,,
30160,,0,ADVHS01,Advisory HS,ADVHS01.6,9,E3,8,,,
27001,,0,OA1318,AP Environmental Science,OA1318.1,1,A1;B4;D2,13,,,
27001,,0,OB1532,AP Research,OB1532.1,2,A2;B5;D3,10,,,
27001,,0,OB1520,AP Statistics,OB1520.1,8,B3;D1;E5,37,,,
27001,,0,OH1306,Art of Fiction Higher Level,OH1306.2,7,B2;C5;E4,23,,,
27001,,0,L1304,Life Purpose,L1304.3,4,A4;C2;D5,33,,,
27001,,0,OI1305,Calculus,OI1305.2,5,A5;C3;E1,35,,,
27001,,0,G1201,Español & Literatura 12,G1201.5,3,A3;C1;D4,25,,,
27001,,0,E1201,Physical Education and Health 12,E1201.4,6,B1;C4;E2,30,,,
27001,,0,ADVHS01,Advisory HS,ADVHS01.28,9,E3,42,,,
29102,,0,J0901,Technology 9,J0901.3,5,A5;C3;E1,21,,,
29102,,0,I0903,Algebra I 9,I0903.1,6,B1;C4;E2,37,,,
29102,,0,C0904,Band Level I,C0904.4,7,B2;C5;E4,3,,,
29102,,0,E0901,Physical Education and Health 9,E0901.3,1,A1;B4;D2,9,,,
29102,,0,A0901,Biology 9,A0901.2,3,A3;C1;D4,41,,,
29102,,0,H0904,English 9,H0904.4,2,A2;B5;D3,29,,,
29102,,0,B0901,Social Studies 9,B0901.5,8,B3;D1;E5,40,,,
29102,,0,G0901,Español & Literatura 9,G0901.3,4,A4;C2;D5,28,,,
29102,,0,ADVHS01,Advisory HS,ADVHS01.23,9,E3,36,,,
28136,,0,G1202,AP Spanish Literature and Culture,G1202.1,3,A3;C1;D4,6,,,
28136,,0,L1302,Introduction to Law,L1302.1,4,A4;C2;D5,24,,,
28136,,0,H1206,AP English Language & Composition,H1206.2,2,A2;B5;D3,19,,,
28136,,0,L1301,AP Psychology,L1301.1,5,A5;C3;E1,33,,,
28136,,0,OI1305,Calculus,OI1305.5,8,B3;D1;E5,44,,,
28136,,0,A1105,Physics 11,A1105.4,1,A1;B4;D2,41,,,
28136,,0,E1101,Physical Education and Health 11,E1101.6,6,B1;C4;E2,27,,,
28136,,0,ADVHS01,Advisory HS,ADVHS01.17,9,E3,29,,,
28136,,0,C0904,Band Level I,C0904.4,7,B2;C5;E4,3,,,
29089,,0,H1001,English 10,H1001.3,2,A2;B5;D3,15,,,
29089,,0,OZ1323,AP Human Geography,OZ1323.3,6,B1;C4;E2,45,,,
29089,,0,OI1003,Algebra II,OI1003.2,1,A1;B4;D2,8,,,
29089,,0,E1001,Physical Education and Health 10,E1001.1,5,A5;C3;E1,12,,,
29089,,0,A1006,Chemistry 10,A1006.3,7,B2;C5;E4,7,,,
29089,,0,B1001,Social Sciences 10,B1001.4,8,B3;D1;E5,26,,,
29089,,0,G1004,AP Spanish Language and Culture,G1004.3,3,A3;C1;D4,47,,,
29089,,0,ADVHS01,Advisory HS,ADVHS01.8,9,E3,19,,,
27030,,0,OA1322,AP Physics 2,OA1322.2,8,B3;D1;E5,31,,,
27030,,0,OH1306,Art of Fiction Higher Level,OH1306.2,7,B2;C5;E4,23,,,
27030,,0,L1304,Life Purpose,L1304.1,5,A5;C3;E1,24,,,
27030,,0,J1203,Tech. and Innovation for Social Change,J1203.5,1,A1;B4;D2,22,,,
27030,,0,OI1305,Calculus,OI1305.4,6,B1;C4;E2,44,,,
27030,,0,G1201,Español & Literatura 12,G1201.6,4,A4;C2;D5,36,,,
27030,,0,E1201,Physical Education and Health 12,E1201.6,3,A3;C1;D4,30,,,
27030,,0,ADVHS01,Advisory HS,ADVHS01.20,9,E3,33,,,
28158,,0,I1204,AP Calculus AB,I1204.1,2,A2;B5;D3,44,,,
28158,,0,OA1319,AP Physics 1,OA1319.2,7,B2;C5;E4,31,,,
28158,,0,OB1520,AP Statistics,OB1520.1,8,B3;D1;E5,37,,,
28158,,0,OH1305,Art of Fiction Intermediate Level,OH1305.2,3,A3;C1;D4,40,,,
28158,,0,G1203,Español & Literatura 11,G1203.2,1,A1;B4;D2,36,,,
28158,,0,I1213,AP Microeconomics,I1213.1,6,B1;C4;E2,34,,,
28158,,0,I1212,AP Macroeconomics,I1212.1,6,B1;C4;E2,34,,,
28158,,0,E1101,Physical Education and Health 11,E1101.1,5,A5;C3;E1,27,,,
28158,,0,ADVHS01,Advisory HS,ADVHS01.26,9,E3,40,,,
30022,,0,J0903,FRC 9,J0903.3,3,A3;C1;D4,20,,,
30022,,0,C0904,Band Level I,C0904.1,6,B1;C4;E2,3,,,
30022,,0,E0901,Physical Education and Health 9,E0901.6,8,B3;D1;E5,9,,,
30022,,0,A0901,Biology 9,A0901.5,1,A1;B4;D2,49,,,
30022,,0,H0904,English 9,H0904.1,7,B2;C5;E4,29,,,
30022,,0,B0901,Social Studies 9,B0901.1,5,A5;C3;E1,32,,,
30022,,0,G0901,Español & Literatura 9,G0901.1,2,A2;B5;D3,28,,,
30022,,0,I1003,Geometry,I1003.5,4,A4;C2;D5,42,,,
30022,,0,ADVHS01,Advisory HS,ADVHS01.2,9,E3,4,,,
27054,,0,OH1306,Art of Fiction Higher Level,OH1306.2,7,B2;C5;E4,23,,,
27054,,0,A1204,Environmental Science,A1204.3,8,B3;D1;E5,13,,,
27054,,0,L1301,AP Psychology,L1301.2,3,A3;C1;D4,33,,,
27054,,0,J1203,Tech. and Innovation for Social Change,J1203.2,2,A2;B5;D3,20,,,
27054,,0,OI1305,Calculus,OI1305.4,6,B1;C4;E2,44,,,
27054,,0,G1201,Español & Literatura 12,G1201.6,4,A4;C2;D5,36,,,
27054,,0,E1201,Physical Education and Health 12,E1201.1,1,A1;B4;D2,30,,,
27054,,0,ADVHS01,Advisory HS,ADVHS01.29,9,E3,43,,,
30015,,0,J0901,Technology 9,J0901.1,6,B1;C4;E2,21,,,
30015,,0,C0904,Band Level I,C0904.3,3,A3;C1;D4,3,,,
30015,,0,E0901,Physical Education and Health 9,E0901.1,5,A5;C3;E1,9,,,
30015,,0,A0901,Biology 9,A0901.6,4,A4;C2;D5,49,,,
30015,,0,H0904,English 9,H0904.4,2,A2;B5;D3,29,,,
30015,,0,B0901,Social Studies 9,B0901.7,7,B2;C5;E4,40,,,
30015,,0,G0901,Español & Literatura 9,G0901.5,1,A1;B4;D2,48,,,
30015,,0,I1003,Geometry,I1003.6,8,B3;D1;E5,42,,,
30015,,0,ADVHS01,Advisory HS,ADVHS01.35,9,E3,48,,,
29111,,0,I1211,AP Precalculus,I1211.1,3,A3;C1;D4,4,,,
29111,,0,B1006,Cultural Studies,B1006.1,6,B1;C4;E2,32,,,
29111,,0,H1001,English 10,H1001.2,5,A5;C3;E1,43,,,
29111,,0,E1001,Physical Education and Health 10,E1001.4,7,B2;C5;E4,12,,,
29111,,0,A1006,Chemistry 10,A1006.5,8,B3;D1;E5,38,,,
29111,,0,B1001,Social Sciences 10,B1001.5,1,A1;B4;D2,26,,,
29111,,0,G1004,AP Spanish Language and Culture,G1004.2,2,A2;B5;D3,47,,,
29111,,0,ADVHS01,Advisory HS,ADVHS01.13,9,E3,24,,,
29111,,0,OZ1207,Anatomy and Physiology,OZ1207.1,4,A4;C2;D5,13,,,
30036,,0,J0901,Technology 9,J0901.3,5,A5;C3;E1,21,,,
30036,,0,C0904,Band Level I,C0904.2,2,A2;B5;D3,3,,,
30036,,0,E0901,Physical Education and Health 9,E0901.2,3,A3;C1;D4,9,,,
30036,,0,A0901,Biology 9,A0901.3,8,B3;D1;E5,49,,,
30036,,0,H0904,English 9,H0904.3,6,B1;C4;E2,29,,,
30036,,0,B0901,Social Studies 9,B0901.4,1,A1;B4;D2,34,,,
30036,,0,G0901,Español & Literatura 9,G0901.3,4,A4;C2;D5,28,,,
30036,,0,I1003,Geometry,I1003.3,7,B2;C5;E4,42,,,
30036,,0,ADVHS01,Advisory HS,ADVHS01.30,9,E3,15,,,
27140,,0,L1303,Pensar nuestro tiempo,L1303.1,7,B2;C5;E4,24,,,
27140,,0,OH1501,Journalism Higher Level,OH1501.1,4,A4;C2;D5,43,,,
27140,,0,A1204,Environmental Science,A1204.2,6,B1;C4;E2,13,,,
27140,,0,J1203,Tech. and Innovation for Social Change,J1203.4,5,A5;C3;E1,22,,,
27140,,0,OI1305,Calculus,OI1305.5,8,B3;D1;E5,44,,,
27140,,0,G1201,Español & Literatura 12,G1201.3,2,A2;B5;D3,6,,,
27140,,0,E1201,Physical Education and Health 12,E1201.6,3,A3;C1;D4,30,,,
27140,,0,ADVHS01,Advisory HS,ADVHS01.7,9,E3,13,,,
27063,,0,OA1318,AP Environmental Science,OA1318.1,1,A1;B4;D2,13,,,
27063,,0,OB1532,AP Research,OB1532.1,2,A2;B5;D3,10,,,
27063,,0,OB1520,AP Statistics,OB1520.2,5,A5;C3;E1,37,,,
27063,,0,OH1306,Art of Fiction Higher Level,OH1306.3,8,B3;D1;E5,23,,,
27063,,0,L1304,Life Purpose,L1304.3,4,A4;C2;D5,33,,,
27063,,0,OI1305,Calculus,OI1305.1,7,B2;C5;E4,35,,,
27063,,0,G1201,Español & Literatura 12,G1201.5,3,A3;C1;D4,25,,,
27063,,0,E1201,Physical Education and Health 12,E1201.4,6,B1;C4;E2,30,,,
27063,,0,ADVHS01,Advisory HS,ADVHS01.15,9,E3,26,,,
29087,,0,B1006,Cultural Studies,B1006.2,7,B2;C5;E4,32,,,
29087,,0,VHS0052,Spanish Film, Art, and Literature,VHS0052.2,1,A1;B4;D2,25,,,
29087,,0,H1001,English 10,H1001.4,8,B3;D1;E5,15,,,
29087,,0,B1001,Social Sciences 10,B1001.6,4,A4;C2;D5,26,,,
29087,,0,E1001,Physical Education and Health 10,E1001.2,6,B1;C4;E2,12,,,
29087,,0,I1003,Geometry,I1003.2,2,A2;B5;D3,35,,,
29087,,0,A1006,Chemistry 10,A1006.4,3,A3;C1;D4,38,,,
29087,,0,ADVHS01,Advisory HS,ADVHS01.24,9,E3,37,,,
29062,,0,I1211,AP Precalculus,I1211.2,6,B1;C4;E2,4,,,
29062,,0,H1206,AP English Language & Composition,H1206.1,3,A3;C1;D4,19,,,
29062,,0,OZ1323,AP Human Geography,OZ1323.2,4,A4;C2;D5,45,,,
29062,,0,E1001,Physical Education and Health 10,E1001.3,2,A2;B5;D3,12,,,
29062,,0,A1006,Chemistry 10,A1006.6,1,A1;B4;D2,38,,,
29062,,0,B1001,Social Sciences 10,B1001.2,7,B2;C5;E4,25,,,
29062,,0,G1004,AP Spanish Language and Culture,G1004.5,5,A5;C3;E1,47,,,
29062,,0,ADVHS01,Advisory HS,ADVHS01.36,9,E3,49,,,
28071,,0,I1204,AP Calculus AB,I1204.1,2,A2;B5;D3,44,,,
28071,,0,H1201B,AP English Literature and Composition,H1201B.2,0,,23,,,
28071,,0,OA1319,AP Physics 1,OA1319.2,7,B2;C5;E4,31,,,
28071,,0,G1203,Español & Literatura 11,G1203.3,3,A3;C1;D4,36,,,
28071,,0,L1304,Life Purpose,L1304.2,1,A1;B4;D2,24,,,
28071,,0,E1101,Physical Education and Health 11,E1101.3,8,B3;D1;E5,27,,,
28071,,0,ADVHS01,Advisory HS,ADVHS01.6,9,E3,8,,,
28071,,0,OA1317,AP Chemistry,OA1317.1,6,B1;C4;E2,38,,,
27183,,0,OB1520,AP Statistics,OB1520.1,8,B3;D1;E5,37,,,
27183,,0,H1206,AP English Language & Composition,H1206.1,3,A3;C1;D4,19,,,
27183,,0,A1204,Environmental Science,A1204.2,6,B1;C4;E2,13,,,
27183,,0,I1212,AP Macroeconomics,I1212.2,7,B2;C5;E4,34,,,
27183,,0,I1213,AP Microeconomics,I1213.2,7,B2;C5;E4,34,,,
27183,,0,L1304,Life Purpose,L1304.4,2,A2;B5;D3,33,,,
27183,,0,J1203,Tech. and Innovation for Social Change,J1203.5,1,A1;B4;D2,22,,,
27183,,0,E1201,Physical Education and Health 12,E1201.2,4,A4;C2;D5,30,,,
27183,,0,ADVHS01,Advisory HS,ADVHS01.27,9,E3,41,,,
28038,,0,L1302,Introduction to Law,L1302.2,3,A3;C1;D4,24,,,
28038,,0,OH1401,Journalism Intermediate Level,OH1401.1,6,B1;C4;E2,43,,,
28038,,0,G1203,Español & Literatura 11,G1203.4,7,B2;C5;E4,36,,,
28038,,0,OI1305,Calculus,OI1305.3,4,A4;C2;D5,35,,,
28038,,0,A1105,Physics 11,A1105.4,1,A1;B4;D2,41,,,
28038,,0,E1101,Physical Education and Health 11,E1101.1,5,A5;C3;E1,27,,,
28038,,0,ADVHS01,Advisory HS,ADVHS01.2,9,E3,4,,,
28038,,0,OC1305,Painting I,OC1305.1,2,A2;B5;D3,5,,,
28076,,0,G1202,AP Spanish Literature and Culture,G1202.1,3,A3;C1;D4,6,,,
28076,,0,L1302,Introduction to Law,L1302.1,4,A4;C2;D5,24,,,
28076,,0,H1201B,AP English Literature and Composition,H1201B.2,0,,23,,,
28076,,0,OA1319,AP Physics 1,OA1319.2,7,B2;C5;E4,31,,,
28076,,0,OI1305,Calculus,OI1305.5,8,B3;D1;E5,44,,,
28076,,0,E1101,Physical Education and Health 11,E1101.6,6,B1;C4;E2,27,,,
28076,,0,ADVHS01,Advisory HS,ADVHS01.35,9,E3,48,,,
28076,,0,OC1305,Painting I,OC1305.4,1,A1;B4;D2,46,,,
29071,,0,H1001,English 10,H1001.1,4,A4;C2;D5,29,,,
29071,,0,OZ1323,AP Human Geography,OZ1323.5,2,A2;B5;D3,45,,,
29071,,0,OI1003,Algebra II,OI1003.5,3,A3;C1;D4,8,,,
29071,,0,E1001,Physical Education and Health 10,E1001.6,8,B3;D1;E5,12,,,
29071,,0,A1006,Chemistry 10,A1006.1,6,B1;C4;E2,7,,,
29071,,0,B1001,Social Sciences 10,B1001.7,5,A5;C3;E1,26,,,
29071,,0,G1004,AP Spanish Language and Culture,G1004.1,1,A1;B4;D2,47,,,
29071,,0,ADVHS01,Advisory HS,ADVHS01.20,9,E3,33,,,
29076,,0,B1006,Cultural Studies,B1006.1,6,B1;C4;E2,32,,,
29076,,0,I1214,AP Seminar,I1214.2,5,A5;C3;E1,19,,,
29076,,0,E1001,Physical Education and Health 10,E1001.5,3,A3;C1;D4,12,,,
29076,,0,G1004,AP Spanish Language and Culture,G1004.6,4,A4;C2;D5,48,,,
29076,,0,B1001,Social Sciences 10,B1001.2,7,B2;C5;E4,25,,,
29076,,0,I1003,Geometry,I1003.4,1,A1;B4;D2,42,,,
29076,,0,A1006,Chemistry 10,A1006.2,2,A2;B5;D3,7,,,
29076,,0,ADVHS01,Advisory HS,ADVHS01.16,9,E3,28,,,
30175,,0,J0901,Technology 9,J0901.2,3,A3;C1;D4,21,,,
30175,,0,OC1305,Painting I,OC1305.2,4,A4;C2;D5,5,,,
30175,,0,E0901,Physical Education and Health 9,E0901.3,1,A1;B4;D2,9,,,
30175,,0,A0901,Biology 9,A0901.1,5,A5;C3;E1,41,,,
30175,,0,H0904,English 9,H0904.2,8,B3;D1;E5,29,,,
30175,,0,B0901,Social Studies 9,B0901.3,2,A2;B5;D3,32,,,
30175,,0,G0901,Español & Literatura 9,G0901.6,7,B2;C5;E4,48,,,
30175,,0,I1003,Geometry,I1003.1,6,B1;C4;E2,35,,,
30175,,0,ADVHS01,Advisory HS,ADVHS01.11,9,E3,22,,,
30124,,0,I0903,Algebra I 9,I0903.3,4,A4;C2;D5,37,,,
30124,,0,J0903,FRC 9,J0903.2,1,A1;B4;D2,20,,,
30124,,0,OC1305,Painting I,OC1305.1,2,A2;B5;D3,5,,,
30124,,0,E0901,Physical Education and Health 9,E0901.6,8,B3;D1;E5,9,,,
30124,,0,A0901,Biology 9,A0901.2,3,A3;C1;D4,41,,,
30124,,0,H0904,English 9,H0904.7,5,A5;C3;E1,15,,,
30124,,0,B0901,Social Studies 9,B0901.6,6,B1;C4;E2,40,,,
30124,,0,G0901,Español & Literatura 9,G0901.6,7,B2;C5;E4,48,,,
30124,,0,ADVHS01,Advisory HS,ADVHS01.5,9,E3,7,,,
29109,,0,I1214,AP Seminar,I1214.3,6,B1;C4;E2,19,,,
29109,,0,OZ1323,AP Human Geography,OZ1323.4,7,B2;C5;E4,45,,,
29109,,0,E1001,Physical Education and Health 10,E1001.1,5,A5;C3;E1,12,,,
29109,,0,A1006,Chemistry 10,A1006.7,4,A4;C2;D5,38,,,
29109,,0,B1001,Social Sciences 10,B1001.3,3,A3;C1;D4,26,,,
29109,,0,I1003,Geometry,I1003.4,1,A1;B4;D2,42,,,
29109,,0,G1004,AP Spanish Language and Culture,G1004.2,2,A2;B5;D3,47,,,
29109,,0,ADVHS01,Advisory HS,ADVHS01.31,9,E3,44,,,
30029,,0,J0901,Technology 9,J0901.1,6,B1;C4;E2,21,,,
30029,,0,I0903,Algebra I 9,I0903.3,4,A4;C2;D5,37,,,
30029,,0,C0904,Band Level I,C0904.4,7,B2;C5;E4,3,,,
30029,,0,E0901,Physical Education and Health 9,E0901.2,3,A3;C1;D4,9,,,
30029,,0,A0901,Biology 9,A0901.5,1,A1;B4;D2,49,,,
30029,,0,H0904,English 9,H0904.4,2,A2;B5;D3,29,,,
30029,,0,B0901,Social Studies 9,B0901.1,5,A5;C3;E1,32,,,
30029,,0,G0901,Español & Literatura 9,G0901.7,8,B3;D1;E5,48,,,
30029,,0,ADVHS01,Advisory HS,ADVHS01.22,9,E3,35,,,
30050,,0,I0903,Algebra I 9,I0903.1,6,B1;C4;E2,37,,,
30050,,0,J0903,FRC 9,J0903.1,8,B3;D1;E5,20,,,
30050,,0,OC1305,Painting I,OC1305.4,1,A1;B4;D2,46,,,
30050,,0,E0901,Physical Education and Health 9,E0901.4,4,A4;C2;D5,9,,,
30050,,0,A0901,Biology 9,A0901.1,5,A5;C3;E1,41,,,
30050,,0,H0904,English 9,H0904.1,7,B2;C5;E4,29,,,
30050,,0,B0901,Social Studies 9,B0901.2,3,A3;C1;D4,32,,,
30050,,0,G0901,Español & Literatura 9,G0901.1,2,A2;B5;D3,28,,,
30050,,0,ADVHS01,Advisory HS,ADVHS01.10,9,E3,21,,,
28101,,0,L1302,Introduction to Law,L1302.2,3,A3;C1;D4,24,,,
28101,,0,OH1305,Art of Fiction Intermediate Level,OH1305.1,4,A4;C2;D5,23,,,
28101,,0,L1301,AP Psychology,L1301.3,6,B1;C4;E2,33,,,
28101,,0,G1203,Español & Literatura 11,G1203.4,7,B2;C5;E4,36,,,
28101,,0,OI1305,Calculus,OI1305.2,5,A5;C3;E1,35,,,
28101,,0,A1105,Physics 11,A1105.4,1,A1;B4;D2,41,,,
28101,,0,E1101,Physical Education and Health 11,E1101.3,8,B3;D1;E5,27,,,
28101,,0,ADVHS01,Advisory HS,ADVHS01.12,9,E3,23,,,
29085,,0,H1001,English 10,H1001.2,5,A5;C3;E1,43,,,
29085,,0,B1006,Cultural Studies,B1006.2,7,B2;C5;E4,32,,,
29085,,0,A1006,Chemistry 10,A1006.7,4,A4;C2;D5,38,,,
29085,,0,B1001,Social Sciences 10,B1001.1,6,B1;C4;E2,25,,,
29085,,0,E1001,Physical Education and Health 10,E1001.3,2,A2;B5;D3,12,,,
29085,,0,I1003,Geometry,I1003.4,1,A1;B4;D2,42,,,
29085,,0,ADVHS01,Advisory HS,ADVHS01.28,9,E3,42,,,
27061,,0,L1303,Pensar nuestro tiempo,L1303.1,7,B2;C5;E4,24,,,
27061,,0,OH1501,Journalism Higher Level,OH1501.1,4,A4;C2;D5,43,,,
27061,,0,OI1303,Financial Math,OI1303.2,5,A5;C3;E1,4,,,
27061,,0,A1204,Environmental Science,A1204.1,2,A2;B5;D3,13,,,
27061,,0,J1203,Tech. and Innovation for Social Change,J1203.1,6,B1;C4;E2,20,,,
27061,,0,G1201,Español & Literatura 12,G1201.4,1,A1;B4;D2,6,,,
27061,,0,E1201,Physical Education and Health 12,E1201.5,8,B3;D1;E5,30,,,
27061,,0,ADVHS01,Advisory HS,ADVHS01.16,9,E3,28,,,
30026,,0,I0903,Algebra I 9,I0903.2,2,A2;B5;D3,37,,,
30026,,0,C0904,Band Level I,C0904.1,6,B1;C4;E2,3,,,
30026,,0,J0903,FRC 9,J0903.3,3,A3;C1;D4,20,,,
30026,,0,E0901,Physical Education and Health 9,E0901.5,7,B2;C5;E4,9,,,
30026,,0,A0901,Biology 9,A0901.6,4,A4;C2;D5,49,,,
30026,,0,B0901,Social Studies 9,B0901.1,5,A5;C3;E1,32,,,
30026,,0,G0901,Español & Literatura 9,G0901.7,8,B3;D1;E5,48,,,
30026,,0,H0904,English 9,H0904.5,1,A1;B4;D2,15,,,
30026,,0,ADVHS01,Advisory HS,ADVHS01.34,9,E3,47,,,
28098,,0,VHS0052,Spanish Film, Art, and Literature,VHS0052.2,1,A1;B4;D2,25,,,
28098,,0,OA1319,AP Physics 1,OA1319.1,5,A5;C3;E1,31,,,
28098,,0,I1214,AP Seminar,I1214.3,6,B1;C4;E2,19,,,
28098,,0,I1212,AP Macroeconomics,I1212.2,7,B2;C5;E4,34,,,
28098,,0,I1213,AP Microeconomics,I1213.2,7,B2;C5;E4,34,,,
28098,,0,OI1305,Calculus,OI1305.3,4,A4;C2;D5,35,,,
28098,,0,E1101,Physical Education and Health 11,E1101.3,8,B3;D1;E5,27,,,
28098,,0,ADVHS01,Advisory HS,ADVHS01.15,9,E3,26,,,
28098,,0,OJ1203,Entrepreneurship Business Technology,OJ1203.1,3,A3;C1;D4,22,,,
28098,,0,OC1305,Painting I,OC1305.1,2,A2;B5;D3,5,,,
29122,,0,H1001,English 10,H1001.3,2,A2;B5;D3,15,,,
29122,,0,OZ1323,AP Human Geography,OZ1323.1,1,A1;B4;D2,45,,,
29122,,0,E1001,Physical Education and Health 10,E1001.2,6,B1;C4;E2,12,,,
29122,,0,A1006,Chemistry 10,A1006.3,7,B2;C5;E4,7,,,
29122,,0,B1001,Social Sciences 10,B1001.4,8,B3;D1;E5,26,,,
29122,,0,I1003,Geometry,I1003.7,5,A5;C3;E1,42,,,
29122,,0,G1004,AP Spanish Language and Culture,G1004.3,3,A3;C1;D4,47,,,
29122,,0,ADVHS01,Advisory HS,ADVHS01.23,9,E3,36,,,
29122,,0,OZ1207,Anatomy and Physiology,OZ1207.1,4,A4;C2;D5,13,,,
28026,,0,OH1401,Journalism Intermediate Level,OH1401.1,6,B1;C4;E2,43,,,
28026,,0,L1301,AP Psychology,L1301.1,5,A5;C3;E1,33,,,
28026,,0,G1203,Español & Literatura 11,G1203.1,2,A2;B5;D3,36,,,
28026,,0,A1105,Physics 11,A1105.5,4,A4;C2;D5,41,,,
28026,,0,E1101,Physical Education and Health 11,E1101.4,1,A1;B4;D2,27,,,
28026,,0,OI1003,Algebra II,OI1003.5,3,A3;C1;D4,8,,,
28026,,0,ADVHS01,Advisory HS,ADVHS01.12,9,E3,23,,,
28026,,0,I1215,AP 3-D Art and Design,I1215.1,8,B3;D1;E5,5,,,
29069,,0,OZ1323,AP Human Geography,OZ1323.3,6,B1;C4;E2,45,,,
29069,,0,I1214,AP Seminar,I1214.1,1,A1;B4;D2,19,,,
29069,,0,E1001,Physical Education and Health 10,E1001.4,7,B2;C5;E4,12,,,
29069,,0,A1006,Chemistry 10,A1006.2,2,A2;B5;D3,7,,,
29069,,0,B1001,Social Sciences 10,B1001.7,5,A5;C3;E1,26,,,
29069,,0,G1004,AP Spanish Language and Culture,G1004.6,4,A4;C2;D5,48,,,
29069,,0,OI1003,Algebra II,OI1003.5,3,A3;C1;D4,8,,,
29069,,0,ADVHS01,Advisory HS,ADVHS01.6,9,E3,8,,,
27042,,0,OH1501,Journalism Higher Level,OH1501.2,7,B2;C5;E4,43,,,
27042,,0,L1304,Life Purpose,L1304.1,5,A5;C3;E1,24,,,
27042,,0,J1203,Tech. and Innovation for Social Change,J1203.2,2,A2;B5;D3,20,,,
27042,,0,OI1305,Calculus,OI1305.4,6,B1;C4;E2,44,,,
27042,,0,G1201,Español & Literatura 12,G1201.6,4,A4;C2;D5,36,,,
27042,,0,E1201,Physical Education and Health 12,E1201.6,3,A3;C1;D4,30,,,
27042,,0,ADVHS01,Advisory HS,ADVHS01.30,9,E3,15,,,
28045,,0,OH1401,Journalism Intermediate Level,OH1401.2,1,A1;B4;D2,43,,,
28045,,0,L1301,AP Psychology,L1301.1,5,A5;C3;E1,33,,,
28045,,0,G1203,Español & Literatura 11,G1203.1,2,A2;B5;D3,36,,,
28045,,0,A1105,Physics 11,A1105.3,6,B1;C4;E2,41,,,
28045,,0,E1101,Physical Education and Health 11,E1101.5,4,A4;C2;D5,27,,,
28045,,0,OI1003,Algebra II,OI1003.5,3,A3;C1;D4,8,,,
28045,,0,ADVHS01,Advisory HS,ADVHS01.15,9,E3,26,,,
28045,,0,OC1310,Painting II,OC1310.1,7,B2;C5;E4,46,,,
30074,,0,J0901,Technology 9,J0901.3,5,A5;C3;E1,21,,,
30074,,0,OC1305,Painting I,OC1305.2,4,A4;C2;D5,5,,,
30074,,0,E0901,Physical Education and Health 9,E0901.3,1,A1;B4;D2,9,,,
30074,,0,A0901,Biology 9,A0901.4,6,B1;C4;E2,49,,,
30074,,0,H0904,English 9,H0904.2,8,B3;D1;E5,29,,,
30074,,0,B0901,Social Studies 9,B0901.2,3,A3;C1;D4,32,,,
30074,,0,G0901,Español & Literatura 9,G0901.1,2,A2;B5;D3,28,,,
30074,,0,I1003,Geometry,I1003.3,7,B2;C5;E4,42,,,
30074,,0,ADVHS01,Advisory HS,ADVHS01.19,9,E3,32,,,
28178,,0,I1204,AP Calculus AB,I1204.2,7,B2;C5;E4,44,,,
28178,,0,H1201B,AP English Literature and Composition,H1201B.1,3,A3;C1;D4,23,,,
28178,,0,VHS0052,Spanish Film, Art, and Literature,VHS0052.2,1,A1;B4;D2,25,,,
28178,,0,OA1319,AP Physics 1,OA1319.1,5,A5;C3;E1,31,,,
28178,,0,I1212,AP Macroeconomics,I1212.3,8,B3;D1;E5,34,,,
28178,,0,L1304,Life Purpose,L1304.4,2,A2;B5;D3,33,,,
28178,,0,I1213,AP Microeconomics,I1213.3,8,B3;D1;E5,34,,,
28178,,0,E1101,Physical Education and Health 11,E1101.6,6,B1;C4;E2,27,,,
28178,,0,ADVHS01,Advisory HS,ADVHS01.14,9,E3,25,,,
26154,,0,OI1303,Financial Math,OI1303.1,4,A4;C2;D5,4,,,
26154,,0,OH1306,Art of Fiction Higher Level,OH1306.1,1,A1;B4;D2,23,,,
26154,,0,A1204,Environmental Science,A1204.3,8,B3;D1;E5,13,,,
26154,,0,L1304,Life Purpose,L1304.1,5,A5;C3;E1,24,,,
26154,,0,J1203,Tech. and Innovation for Social Change,J1203.2,2,A2;B5;D3,20,,,
26154,,0,OI1305,Calculus,OI1305.1,7,B2;C5;E4,35,,,
26154,,0,G1201,Español & Literatura 12,G1201.5,3,A3;C1;D4,25,,,
26154,,0,E1201,Physical Education and Health 12,E1201.4,6,B1;C4;E2,30,,,
26154,,0,ADVHS01,Advisory HS,ADVHS01.3,9,E3,5,,,
27098,,0,OI1303,Financial Math,OI1303.1,4,A4;C2;D5,4,,,
27098,,0,OH1306,Art of Fiction Higher Level,OH1306.2,7,B2;C5;E4,23,,,
27098,,0,A1204,Environmental Science,A1204.1,2,A2;B5;D3,13,,,
27098,,0,L1304,Life Purpose,L1304.2,1,A1;B4;D2,24,,,
27098,,0,J1203,Tech. and Innovation for Social Change,J1203.4,5,A5;C3;E1,22,,,
27098,,0,OI1305,Calculus,OI1305.5,8,B3;D1;E5,44,,,
27098,,0,G1201,Español & Literatura 12,G1201.5,3,A3;C1;D4,25,,,
27098,,0,E1201,Physical Education and Health 12,E1201.4,6,B1;C4;E2,30,,,
27098,,0,ADVHS01,Advisory HS,ADVHS01.18,9,E3,31,,,
28075,,0,I1204,AP Calculus AB,I1204.1,2,A2;B5;D3,44,,,
28075,,0,OH1305,Art of Fiction Intermediate Level,OH1305.1,4,A4;C2;D5,23,,,
28075,,0,L1301,AP Psychology,L1301.1,5,A5;C3;E1,33,,,
28075,,0,G1203,Español & Literatura 11,G1203.4,7,B2;C5;E4,36,,,
28075,,0,I1212,AP Macroeconomics,I1212.4,3,A3;C1;D4,34,,,
28075,,0,I1213,AP Microeconomics,I1213.4,3,A3;C1;D4,34,,,
28075,,0,A1105,Physics 11,A1105.1,8,B3;D1;E5,7,,,
28075,,0,E1101,Physical Education and Health 11,E1101.4,1,A1;B4;D2,27,,,
28075,,0,ADVHS01,Advisory HS,ADVHS01.4,9,E3,6,,,
29170,,0,I1214,AP Seminar,I1214.1,1,A1;B4;D2,19,,,
29170,,0,OZ1323,AP Human Geography,OZ1323.3,6,B1;C4;E2,45,,,
29170,,0,OI1003,Algebra II,OI1003.3,4,A4;C2;D5,8,,,
29170,,0,E1001,Physical Education and Health 10,E1001.5,3,A3;C1;D4,12,,,
29170,,0,A1006,Chemistry 10,A1006.3,7,B2;C5;E4,7,,,
29170,,0,B1001,Social Sciences 10,B1001.4,8,B3;D1;E5,26,,,
29170,,0,I1003,Geometry,I1003.7,5,A5;C3;E1,42,,,
29170,,0,G1004,AP Spanish Language and Culture,G1004.2,2,A2;B5;D3,47,,,
29170,,0,ADVHS01,Advisory HS,ADVHS01.9,9,E3,20,,,
30019,,0,J0901,Technology 9,J0901.2,3,A3;C1;D4,21,,,
30019,,0,C0904,Band Level I,C0904.2,2,A2;B5;D3,3,,,
30019,,0,E0901,Physical Education and Health 9,E0901.1,5,A5;C3;E1,9,,,
30019,,0,A0901,Biology 9,A0901.3,8,B3;D1;E5,49,,,
30019,,0,H0904,English 9,H0904.6,4,A4;C2;D5,15,,,
30019,,0,B0901,Social Studies 9,B0901.6,6,B1;C4;E2,40,,,
30019,,0,G0901,Español & Literatura 9,G0901.5,1,A1;B4;D2,48,,,
30019,,0,I1003,Geometry,I1003.3,7,B2;C5;E4,42,,,
30019,,0,ADVHS01,Advisory HS,ADVHS01.26,9,E3,40,,,
27163,,0,OA1317,AP Chemistry,OA1317.1,6,B1;C4;E2,38,,,
27163,,0,OI1303,Financial Math,OI1303.1,4,A4;C2;D5,4,,,
27163,,0,OH1306,Art of Fiction Higher Level,OH1306.1,1,A1;B4;D2,23,,,
27163,,0,L1301,AP Psychology,L1301.2,3,A3;C1;D4,33,,,
27163,,0,J1203,Tech. and Innovation for Social Change,J1203.3,7,B2;C5;E4,22,,,
27163,,0,G1201,Español & Literatura 12,G1201.3,2,A2;B5;D3,6,,,
27163,,0,E1201,Physical Education and Health 12,E1201.5,8,B3;D1;E5,30,,,
27163,,0,ADVHS01,Advisory HS,ADVHS01.2,9,E3,4,,,
29075,,0,H1001,English 10,H1001.4,8,B3;D1;E5,15,,,
29075,,0,OZ1323,AP Human Geography,OZ1323.2,4,A4;C2;D5,45,,,
29075,,0,OI1003,Algebra II,OI1003.4,5,A5;C3;E1,8,,,
29075,,0,E1001,Physical Education and Health 10,E1001.5,3,A3;C1;D4,12,,,
29075,,0,A1006,Chemistry 10,A1006.6,1,A1;B4;D2,38,,,
29075,,0,B1001,Social Sciences 10,B1001.1,6,B1;C4;E2,25,,,
29075,,0,G1004,AP Spanish Language and Culture,G1004.4,7,B2;C5;E4,47,,,
29075,,0,ADVHS01,Advisory HS,ADVHS01.35,9,E3,48,,,
29075,,0,C0904,Band Level I,C0904.2,2,A2;B5;D3,3,,,
28042,,0,I1204,AP Calculus AB,I1204.2,7,B2;C5;E4,44,,,
28042,,0,H1201B,AP English Literature and Composition,H1201B.1,3,A3;C1;D4,23,,,
28042,,0,OA1319,AP Physics 1,OA1319.1,5,A5;C3;E1,31,,,
28042,,0,L1301,AP Psychology,L1301.3,6,B1;C4;E2,33,,,
28042,,0,G1203,Español & Literatura 11,G1203.2,1,A1;B4;D2,36,,,
28042,,0,E1101,Physical Education and Health 11,E1101.3,8,B3;D1;E5,27,,,
28042,,0,ADVHS01,Advisory HS,ADVHS01.27,9,E3,41,,,
28042,,0,OA1304,AP Biology,OA1304.1,4,A4;C2;D5,7,,,
28042,,0,OC1310,Painting II,OC1310.2,2,A2;B5;D3,46,,,
30123,,0,J0901,Technology 9,J0901.1,6,B1;C4;E2,21,,,
30123,,0,I0903,Algebra I 9,I0903.3,4,A4;C2;D5,37,,,
30123,,0,C0904,Band Level I,C0904.3,3,A3;C1;D4,3,,,
30123,,0,E0901,Physical Education and Health 9,E0901.6,8,B3;D1;E5,9,,,
30123,,0,A0901,Biology 9,A0901.5,1,A1;B4;D2,49,,,
30123,,0,H0904,English 9,H0904.7,5,A5;C3;E1,15,,,
30123,,0,B0901,Social Studies 9,B0901.3,2,A2;B5;D3,32,,,
30123,,0,G0901,Español & Literatura 9,G0901.6,7,B2;C5;E4,48,,,
30123,,0,ADVHS01,Advisory HS,ADVHS01.14,9,E3,25,,,
30024,,0,OC1306,Sculpture I,OC1306.1,3,A3;C1;D4,5,,,
30024,,0,J0903,FRC 9,J0903.2,1,A1;B4;D2,20,,,
30024,,0,E0901,Physical Education and Health 9,E0901.4,4,A4;C2;D5,9,,,
30024,,0,A0901,Biology 9,A0901.4,6,B1;C4;E2,49,,,
30024,,0,B0901,Social Studies 9,B0901.5,8,B3;D1;E5,40,,,
30024,,0,H0904,English 9,H0904.1,7,B2;C5;E4,29,,,
30024,,0,G0901,Español & Literatura 9,G0901.4,5,A5;C3;E1,28,,,
30024,,0,I1003,Geometry,I1003.2,2,A2;B5;D3,35,,,
30024,,0,ADVHS01,Advisory HS,ADVHS01.4,9,E3,6,,,
28161,,0,VHS0052,Spanish Film, Art, and Literature,VHS0052.1,8,B3;D1;E5,25,,,
28161,,0,OA1319,AP Physics 1,OA1319.2,7,B2;C5;E4,31,,,
28161,,0,OH1305,Art of Fiction Intermediate Level,OH1305.3,2,A2;B5;D3,40,,,
28161,,0,I1212,AP Macroeconomics,I1212.1,6,B1;C4;E2,34,,,
28161,,0,I1213,AP Microeconomics,I1213.1,6,B1;C4;E2,34,,,
28161,,0,OI1305,Calculus,OI1305.2,5,A5;C3;E1,35,,,
28161,,0,E1101,Physical Education and Health 11,E1101.5,4,A4;C2;D5,27,,,
28161,,0,ADVHS01,Advisory HS,ADVHS01.27,9,E3,41,,,
28161,,0,OJ1203,Entrepreneurship Business Technology,OJ1203.1,3,A3;C1;D4,22,,,
28161,,0,OC1305,Painting I,OC1305.4,1,A1;B4;D2,46,,,
27032,,0,OA1317,AP Chemistry,OA1317.1,6,B1;C4;E2,38,,,
27032,,0,OH1306,Art of Fiction Higher Level,OH1306.3,8,B3;D1;E5,23,,,
27032,,0,L1304,Life Purpose,L1304.3,4,A4;C2;D5,33,,,
27032,,0,J1203,Tech. and Innovation for Social Change,J1203.5,1,A1;B4;D2,22,,,
27032,,0,OI1305,Calculus,OI1305.1,7,B2;C5;E4,35,,,
27032,,0,G1201,Español & Literatura 12,G1201.3,2,A2;B5;D3,6,,,
27032,,0,E1201,Physical Education and Health 12,E1201.3,5,A5;C3;E1,30,,,
27032,,0,ADVHS01,Advisory HS,ADVHS01.30,9,E3,15,,,
27032,,0,OC1310,Painting II,OC1310.3,3,A3;C1;D4,46,,,
30057,,0,I0903,Algebra I 9,I0903.1,6,B1;C4;E2,37,,,
30057,,0,J0903,FRC 9,J0903.1,8,B3;D1;E5,20,,,
30057,,0,OC1305,Painting I,OC1305.3,5,A5;C3;E1,5,,,
30057,,0,E0901,Physical Education and Health 9,E0901.5,7,B2;C5;E4,9,,,
30057,,0,A0901,Biology 9,A0901.2,3,A3;C1;D4,41,,,
30057,,0,H0904,English 9,H0904.6,4,A4;C2;D5,15,,,
30057,,0,B0901,Social Studies 9,B0901.4,1,A1;B4;D2,34,,,
30057,,0,G0901,Español & Literatura 9,G0901.1,2,A2;B5;D3,28,,,
30057,,0,ADVHS01,Advisory HS,ADVHS01.25,9,E3,38,,,
29024,,0,B1006,Cultural Studies,B1006.1,6,B1;C4;E2,32,,,
29024,,0,H1206,AP English Language & Composition,H1206.1,3,A3;C1;D4,19,,,
29024,,0,E1001,Physical Education and Health 10,E1001.6,8,B3;D1;E5,12,,,
29024,,0,A1006,Chemistry 10,A1006.3,7,B2;C5;E4,7,,,
29024,,0,B1001,Social Sciences 10,B1001.5,1,A1;B4;D2,26,,,
29024,,0,I1003,Geometry,I1003.7,5,A5;C3;E1,42,,,
29024,,0,G1004,AP Spanish Language and Culture,G1004.2,2,A2;B5;D3,47,,,
29024,,0,ADVHS01,Advisory HS,ADVHS01.15,9,E3,26,,,
28105,,0,VHS0052,Spanish Film, Art, and Literature,VHS0052.1,8,B3;D1;E5,25,,,
28105,,0,OH1305,Art of Fiction Intermediate Level,OH1305.3,2,A2;B5;D3,40,,,
28105,,0,L1301,AP Psychology,L1301.3,6,B1;C4;E2,33,,,
28105,,0,I1212,AP Macroeconomics,I1212.2,7,B2;C5;E4,34,,,
28105,,0,I1213,AP Microeconomics,I1213.2,7,B2;C5;E4,34,,,
28105,,0,A1105,Physics 11,A1105.4,1,A1;B4;D2,41,,,
28105,,0,E1101,Physical Education and Health 11,E1101.5,4,A4;C2;D5,27,,,
28105,,0,OI1003,Algebra II,OI1003.4,5,A5;C3;E1,8,,,
28105,,0,ADVHS01,Advisory HS,ADVHS01.25,9,E3,38,,,
28105,,0,OC1310,Painting II,OC1310.3,3,A3;C1;D4,46,,,
30033,,0,OC1307,Drawing I,OC1307.1,5,A5;C3;E1,46,,,
30033,,0,J0903,FRC 9,J0903.3,3,A3;C1;D4,20,,,
30033,,0,E0901,Physical Education and Health 9,E0901.4,4,A4;C2;D5,9,,,
30033,,0,A0901,Biology 9,A0901.3,8,B3;D1;E5,49,,,
30033,,0,H0904,English 9,H0904.3,6,B1;C4;E2,29,,,
30033,,0,B0901,Social Studies 9,B0901.7,7,B2;C5;E4,40,,,
30033,,0,G0901,Español & Literatura 9,G0901.5,1,A1;B4;D2,48,,,
30033,,0,I1003,Geometry,I1003.2,2,A2;B5;D3,35,,,
30033,,0,ADVHS01,Advisory HS,ADVHS01.1,9,E3,3,,,
29129,,0,B1006,Cultural Studies,B1006.2,7,B2;C5;E4,32,,,
29129,,0,I1214,AP Seminar,I1214.3,6,B1;C4;E2,19,,,
29129,,0,OI1003,Algebra II,OI1003.4,5,A5;C3;E1,8,,,
29129,,0,E1001,Physical Education and Health 10,E1001.3,2,A2;B5;D3,12,,,
29129,,0,A1006,Chemistry 10,A1006.4,3,A3;C1;D4,38,,,
29129,,0,B1001,Social Sciences 10,B1001.6,4,A4;C2;D5,26,,,
29129,,0,I1003,Geometry,I1003.4,1,A1;B4;D2,42,,,
29129,,0,ADVHS01,Advisory HS,ADVHS01.33,9,E3,46,,,
29046,,0,B1006,Cultural Studies,B1006.2,7,B2;C5;E4,32,,,
29046,,0,I1214,AP Seminar,I1214.3,6,B1;C4;E2,19,,,
29046,,0,E1001,Physical Education and Health 10,E1001.1,5,A5;C3;E1,12,,,
29046,,0,A1006,Chemistry 10,A1006.5,8,B3;D1;E5,38,,,
29046,,0,B1001,Social Sciences 10,B1001.6,4,A4;C2;D5,26,,,
29046,,0,I1003,Geometry,I1003.4,1,A1;B4;D2,42,,,
29046,,0,G1004,AP Spanish Language and Culture,G1004.3,3,A3;C1;D4,47,,,
29046,,0,ADVHS01,Advisory HS,ADVHS01.27,9,E3,41,,,
28120,,0,I1204,AP Calculus AB,I1204.1,2,A2;B5;D3,44,,,
28120,,0,OA1322,AP Physics 2,OA1322.2,8,B3;D1;E5,31,,,
28120,,0,OI1303,Financial Math,OI1303.1,4,A4;C2;D5,4,,,
28120,,0,OH1306,Art of Fiction Higher Level,OH1306.1,1,A1;B4;D2,23,,,
28120,,0,L1304,Life Purpose,L1304.1,5,A5;C3;E1,24,,,
28120,,0,J1203,Tech. and Innovation for Social Change,J1203.3,7,B2;C5;E4,22,,,
28120,,0,G1201,Español & Literatura 12,G1201.5,3,A3;C1;D4,25,,,
28120,,0,E1201,Physical Education and Health 12,E1201.4,6,B1;C4;E2,30,,,
28120,,0,ADVHS01,Advisory HS,ADVHS01.21,9,E3,34,,,
27049,,0,I1204,AP Calculus AB,I1204.2,7,B2;C5;E4,44,,,
27049,,0,OA1322,AP Physics 2,OA1322.1,3,A3;C1;D4,31,,,
27049,,0,OH1306,Art of Fiction Higher Level,OH1306.3,8,B3;D1;E5,23,,,
27049,,0,I1212,AP Macroeconomics,I1212.1,6,B1;C4;E2,34,,,
27049,,0,I1213,AP Microeconomics,I1213.1,6,B1;C4;E2,34,,,
27049,,0,J1203,Tech. and Innovation for Social Change,J1203.5,1,A1;B4;D2,22,,,
27049,,0,G1201,Español & Literatura 12,G1201.6,4,A4;C2;D5,36,,,
27049,,0,E1201,Physical Education and Health 12,E1201.3,5,A5;C3;E1,30,,,
27049,,0,ADVHS01,Advisory HS,ADVHS01.32,9,E3,45,,,
30112,,0,OC1306,Sculpture I,OC1306.1,3,A3;C1;D4,5,,,
30112,,0,I0903,Algebra I 9,I0903.2,2,A2;B5;D3,37,,,
30112,,0,J0903,FRC 9,J0903.2,1,A1;B4;D2,20,,,
30112,,0,E0901,Physical Education and Health 9,E0901.1,5,A5;C3;E1,9,,,
30112,,0,A0901,Biology 9,A0901.6,4,A4;C2;D5,49,,,
30112,,0,H0904,English 9,H0904.3,6,B1;C4;E2,29,,,
30112,,0,B0901,Social Studies 9,B0901.5,8,B3;D1;E5,40,,,
30112,,0,G0901,Español & Literatura 9,G0901.6,7,B2;C5;E4,48,,,
30112,,0,ADVHS01,Advisory HS,ADVHS01.17,9,E3,29,,,
27040,,0,OH1501,Journalism Higher Level,OH1501.2,7,B2;C5;E4,43,,,
27040,,0,A1204,Environmental Science,A1204.1,2,A2;B5;D3,13,,,
27040,,0,L1304,Life Purpose,L1304.1,5,A5;C3;E1,24,,,
27040,,0,J1203,Tech. and Innovation for Social Change,J1203.1,6,B1;C4;E2,20,,,
27040,,0,OI1305,Calculus,OI1305.3,4,A4;C2;D5,35,,,
27040,,0,G1201,Español & Literatura 12,G1201.4,1,A1;B4;D2,6,,,
27040,,0,E1201,Physical Education and Health 12,E1201.5,8,B3;D1;E5,30,,,
27040,,0,ADVHS01,Advisory HS,ADVHS01.11,9,E3,22,,,
27040,,0,OC1310,Painting II,OC1310.3,3,A3;C1;D4,46,,,
27038,,0,L1302,Introduction to Law,L1302.2,3,A3;C1;D4,24,,,
27038,,0,OH1306,Art of Fiction Higher Level,OH1306.2,7,B2;C5;E4,23,,,
27038,,0,A1204,Environmental Science,A1204.3,8,B3;D1;E5,13,,,
27038,,0,J1203,Tech. and Innovation for Social Change,J1203.2,2,A2;B5;D3,20,,,
27038,,0,OI1305,Calculus,OI1305.4,6,B1;C4;E2,44,,,
27038,,0,G1201,Español & Literatura 12,G1201.6,4,A4;C2;D5,36,,,
27038,,0,E1201,Physical Education and Health 12,E1201.1,1,A1;B4;D2,30,,,
27038,,0,ADVHS01,Advisory HS,ADVHS01.5,9,E3,7,,,
29030,,0,I1211,AP Precalculus,I1211.1,3,A3;C1;D4,4,,,
29030,,0,I1214,AP Seminar,I1214.2,5,A5;C3;E1,19,,,
29030,,0,OZ1323,AP Human Geography,OZ1323.5,2,A2;B5;D3,45,,,
29030,,0,E1001,Physical Education and Health 10,E1001.2,6,B1;C4;E2,12,,,
29030,,0,A1006,Chemistry 10,A1006.5,8,B3;D1;E5,38,,,
29030,,0,B1001,Social Sciences 10,B1001.2,7,B2;C5;E4,25,,,
29030,,0,G1004,AP Spanish Language and Culture,G1004.1,1,A1;B4;D2,47,,,
29030,,0,ADVHS01,Advisory HS,ADVHS01.22,9,E3,35,,,
28049,,0,L1301,AP Psychology,L1301.2,3,A3;C1;D4,33,,,
28049,,0,OH1305,Art of Fiction Intermediate Level,OH1305.3,2,A2;B5;D3,40,,,
28049,,0,G1203,Español & Literatura 11,G1203.4,7,B2;C5;E4,36,,,
28049,,0,A1105,Physics 11,A1105.1,8,B3;D1;E5,7,,,
28049,,0,E1101,Physical Education and Health 11,E1101.4,1,A1;B4;D2,27,,,
28049,,0,OI1003,Algebra II,OI1003.3,4,A4;C2;D5,8,,,
28049,,0,ADVHS01,Advisory HS,ADVHS01.11,9,E3,22,,,
28006,,0,B1006,Cultural Studies,B1006.1,6,B1;C4;E2,32,,,
28006,,0,I1214,AP Seminar,I1214.1,1,A1;B4;D2,19,,,
28006,,0,OI1003,Algebra II,OI1003.1,2,A2;B5;D3,4,,,
28006,,0,E1001,Physical Education and Health 10,E1001.4,7,B2;C5;E4,12,,,
28006,,0,G1004,AP Spanish Language and Culture,G1004.5,5,A5;C3;E1,47,,,
28006,,0,B1001,Social Sciences 10,B1001.3,3,A3;C1;D4,26,,,
28006,,0,A1006,Chemistry 10,A1006.7,4,A4;C2;D5,38,,,
28006,,0,ADVHS01,Advisory HS,ADVHS01.10,9,E3,21,,,
27129,,0,I1204,AP Calculus AB,I1204.1,2,A2;B5;D3,44,,,
27129,,0,OA1322,AP Physics 2,OA1322.1,3,A3;C1;D4,31,,,
27129,,0,OH1306,Art of Fiction Higher Level,OH1306.1,1,A1;B4;D2,23,,,
27129,,0,L1304,Life Purpose,L1304.3,4,A4;C2;D5,33,,,
27129,,0,J1203,Tech. and Innovation for Social Change,J1203.4,5,A5;C3;E1,22,,,
27129,,0,G1201,Español & Literatura 12,G1201.1,7,B2;C5;E4,6,,,
27129,,0,E1201,Physical Education and Health 12,E1201.5,8,B3;D1;E5,30,,,
27129,,0,ADVHS01,Advisory HS,ADVHS01.34,9,E3,47,,,
28095,,0,VHS0052,Spanish Film, Art, and Literature,VHS0052.2,1,A1;B4;D2,25,,,
28095,,0,OH1305,Art of Fiction Intermediate Level,OH1305.2,3,A3;C1;D4,40,,,
28095,,0,I1212,AP Macroeconomics,I1212.2,7,B2;C5;E4,34,,,
28095,,0,L1304,Life Purpose,L1304.1,5,A5;C3;E1,24,,,
28095,,0,I1213,AP Microeconomics,I1213.2,7,B2;C5;E4,34,,,
28095,,0,OI1305,Calculus,OI1305.4,6,B1;C4;E2,44,,,
28095,,0,A1105,Physics 11,A1105.1,8,B3;D1;E5,7,,,
28095,,0,E1101,Physical Education and Health 11,E1101.5,4,A4;C2;D5,27,,,
28095,,0,ADVHS01,Advisory HS,ADVHS01.1,9,E3,3,,,
28095,,0,OC1310,Painting II,OC1310.2,2,A2;B5;D3,46,,,
30039,,0,OC1306,Sculpture I,OC1306.1,3,A3;C1;D4,5,,,
30039,,0,J0901,Technology 9,J0901.3,5,A5;C3;E1,21,,,
30039,,0,I0903,Algebra I 9,I0903.1,6,B1;C4;E2,37,,,
30039,,0,E0901,Physical Education and Health 9,E0901.3,1,A1;B4;D2,9,,,
30039,,0,A0901,Biology 9,A0901.6,4,A4;C2;D5,49,,,
30039,,0,H0904,English 9,H0904.4,2,A2;B5;D3,29,,,
30039,,0,B0901,Social Studies 9,B0901.7,7,B2;C5;E4,40,,,
30039,,0,G0901,Español & Literatura 9,G0901.7,8,B3;D1;E5,48,,,
30039,,0,ADVHS01,Advisory HS,ADVHS01.8,9,E3,19,,,
27111,,0,OA1318,AP Environmental Science,OA1318.1,1,A1;B4;D2,13,,,
27111,,0,OH1501,Journalism Higher Level,OH1501.1,4,A4;C2;D5,43,,,
27111,,0,OI1303,Financial Math,OI1303.2,5,A5;C3;E1,4,,,
27111,,0,I1212,AP Macroeconomics,I1212.1,6,B1;C4;E2,34,,,
27111,,0,I1213,AP Microeconomics,I1213.1,6,B1;C4;E2,34,,,
27111,,0,J1203,Tech. and Innovation for Social Change,J1203.3,7,B2;C5;E4,22,,,
27111,,0,OI1305,Calculus,OI1305.5,8,B3;D1;E5,44,,,
27111,,0,G1201,Español & Literatura 12,G1201.3,2,A2;B5;D3,6,,,
27111,,0,E1201,Physical Education and Health 12,E1201.6,3,A3;C1;D4,30,,,
27111,,0,ADVHS01,Advisory HS,ADVHS01.2,9,E3,4,,,
29039,,0,B1006,Cultural Studies,B1006.2,7,B2;C5;E4,32,,,
29039,,0,H1001,English 10,H1001.1,4,A4;C2;D5,29,,,
29039,,0,E1001,Physical Education and Health 10,E1001.3,2,A2;B5;D3,12,,,
29039,,0,A1006,Chemistry 10,A1006.1,6,B1;C4;E2,7,,,
29039,,0,B1001,Social Sciences 10,B1001.5,1,A1;B4;D2,26,,,
29039,,0,I1003,Geometry,I1003.6,8,B3;D1;E5,42,,,
29039,,0,G1004,AP Spanish Language and Culture,G1004.5,5,A5;C3;E1,47,,,
29039,,0,ADVHS01,Advisory HS,ADVHS01.19,9,E3,32,,,
27005,,0,I1208,AP Calculus BC,I1208.1,4,A4;C2;D5,44,,,
27005,,0,OB1532,AP Research,OB1532.1,2,A2;B5;D3,10,,,
27005,,0,OA1322,AP Physics 2,OA1322.2,8,B3;D1;E5,31,,,
27005,,0,OH1501,Journalism Higher Level,OH1501.2,7,B2;C5;E4,43,,,
27005,,0,OI1303,Financial Math,OI1303.2,5,A5;C3;E1,4,,,
27005,,0,L1304,Life Purpose,L1304.2,1,A1;B4;D2,24,,,
27005,,0,G1201,Español & Literatura 12,G1201.5,3,A3;C1;D4,25,,,
27005,,0,E1201,Physical Education and Health 12,E1201.4,6,B1;C4;E2,30,,,
27005,,0,ADVHS01,Advisory HS,ADVHS01.29,9,E3,43,,,
29020,,0,B1006,Cultural Studies,B1006.1,6,B1;C4;E2,32,,,
29020,,0,H1001,English 10,H1001.3,2,A2;B5;D3,15,,,
29020,,0,E1001,Physical Education and Health 10,E1001.6,8,B3;D1;E5,12,,,
29020,,0,A1006,Chemistry 10,A1006.6,1,A1;B4;D2,38,,,
29020,,0,B1001,Social Sciences 10,B1001.7,5,A5;C3;E1,26,,,
29020,,0,I1003,Geometry,I1003.5,4,A4;C2;D5,42,,,
29020,,0,G1004,AP Spanish Language and Culture,G1004.4,7,B2;C5;E4,47,,,
29020,,0,ADVHS01,Advisory HS,ADVHS01.3,9,E3,5,,,
27092,,0,OH1306,Art of Fiction Higher Level,OH1306.3,8,B3;D1;E5,23,,,
27092,,0,A1204,Environmental Science,A1204.2,6,B1;C4;E2,13,,,
27092,,0,L1304,Life Purpose,L1304.3,4,A4;C2;D5,33,,,
27092,,0,J1203,Tech. and Innovation for Social Change,J1203.3,7,B2;C5;E4,22,,,
27092,,0,OI1305,Calculus,OI1305.2,5,A5;C3;E1,35,,,
27092,,0,G1201,Español & Literatura 12,G1201.3,2,A2;B5;D3,6,,,
27092,,0,E1201,Physical Education and Health 12,E1201.1,1,A1;B4;D2,30,,,
27092,,0,ADVHS01,Advisory HS,ADVHS01.31,9,E3,44,,,
28111,,0,I1204,AP Calculus AB,I1204.2,7,B2;C5;E4,44,,,
28111,,0,OA1319,AP Physics 1,OA1319.1,5,A5;C3;E1,31,,,
28111,,0,G1203,Español & Literatura 11,G1203.3,3,A3;C1;D4,36,,,
28111,,0,I1212,AP Macroeconomics,I1212.3,8,B3;D1;E5,34,,,
28111,,0,L1304,Life Purpose,L1304.3,4,A4;C2;D5,33,,,
28111,,0,I1213,AP Microeconomics,I1213.3,8,B3;D1;E5,34,,,
28111,,0,E1101,Physical Education and Health 11,E1101.6,6,B1;C4;E2,27,,,
28111,,0,ADVHS01,Advisory HS,ADVHS01.11,9,E3,22,,,
28111,,0,C0905,Band Level II,C0905.1,1,A1;B4;D2,3,,,
28111,,0,H1201B,AP English Literature and Composition,H1201B.2,0,,23,,,
30164,,0,J0901,Technology 9,J0901.2,3,A3;C1;D4,21,,,
30164,,0,C0904,Band Level I,C0904.1,6,B1;C4;E2,3,,,
30164,,0,E0901,Physical Education and Health 9,E0901.6,8,B3;D1;E5,9,,,
30164,,0,A0901,Biology 9,A0901.1,5,A5;C3;E1,41,,,
30164,,0,H0904,English 9,H0904.5,1,A1;B4;D2,15,,,
30164,,0,B0901,Social Studies 9,B0901.3,2,A2;B5;D3,32,,,
30164,,0,G0901,Español & Literatura 9,G0901.3,4,A4;C2;D5,28,,,
30164,,0,I1003,Geometry,I1003.3,7,B2;C5;E4,42,,,
30164,,0,ADVHS01,Advisory HS,ADVHS01.13,9,E3,24,,,
29053,,0,I1211,AP Precalculus,I1211.2,6,B1;C4;E2,4,,,
29053,,0,H1001,English 10,H1001.2,5,A5;C3;E1,43,,,
29053,,0,OZ1323,AP Human Geography,OZ1323.4,7,B2;C5;E4,45,,,
29053,,0,E1001,Physical Education and Health 10,E1001.5,3,A3;C1;D4,12,,,
29053,,0,A1006,Chemistry 10,A1006.2,2,A2;B5;D3,7,,,
29053,,0,B1001,Social Sciences 10,B1001.4,8,B3;D1;E5,26,,,
29053,,0,G1004,AP Spanish Language and Culture,G1004.1,1,A1;B4;D2,47,,,
29053,,0,ADVHS01,Advisory HS,ADVHS01.18,9,E3,31,,,
29053,,0,OJ1204,Creative Design,OJ1204.1,4,A4;C2;D5,21,,,
29028,,0,B1006,Cultural Studies,B1006.2,7,B2;C5;E4,32,,,
29028,,0,I1214,AP Seminar,I1214.3,6,B1;C4;E2,19,,,
29028,,0,OI1003,Algebra II,OI1003.3,4,A4;C2;D5,8,,,
29028,,0,E1001,Physical Education and Health 10,E1001.1,5,A5;C3;E1,12,,,
29028,,0,G1004,AP Spanish Language and Culture,G1004.2,2,A2;B5;D3,47,,,
29028,,0,B1001,Social Sciences 10,B1001.3,3,A3;C1;D4,26,,,
29028,,0,A1006,Chemistry 10,A1006.5,8,B3;D1;E5,38,,,
29028,,0,ADVHS01,Advisory HS,ADVHS01.9,9,E3,20,,,
30127,,0,A0901,Biology 9,A0901.2,3,A3;C1;D4,41,,,
30127,,0,C0904,Band Level I,C0904.4,7,B2;C5;E4,3,,,
30127,,0,E0901,Physical Education and Health 9,E0901.1,5,A5;C3;E1,9,,,
30127,,0,H0904,English 9,H0904.6,4,A4;C2;D5,15,,,
30127,,0,B0901,Social Studies 9,B0901.6,6,B1;C4;E2,40,,,
30127,,0,G0901,Español & Literatura 9,G0901.5,1,A1;B4;D2,48,,,
30127,,0,ADVHS01,Advisory HS,ADVHS01.7,9,E3,13,,,
30012,,0,OC1307,Drawing I,OC1307.1,5,A5;C3;E1,46,,,
30012,,0,J0903,FRC 9,J0903.1,8,B3;D1;E5,20,,,
30012,,0,E0901,Physical Education and Health 9,E0901.2,3,A3;C1;D4,9,,,
30012,,0,A0901,Biology 9,A0901.5,1,A1;B4;D2,49,,,
30012,,0,B0901,Social Studies 9,B0901.3,2,A2;B5;D3,32,,,
30012,,0,H0904,English 9,H0904.1,7,B2;C5;E4,29,,,
30012,,0,G0901,Español & Literatura 9,G0901.3,4,A4;C2;D5,28,,,
30012,,0,I1003,Geometry,I1003.1,6,B1;C4;E2,35,,,
30012,,0,ADVHS01,Advisory HS,ADVHS01.24,9,E3,37,,,
28084,,0,I1204,AP Calculus AB,I1204.1,2,A2;B5;D3,44,,,
28084,,0,H1206,AP English Language & Composition,H1206.1,3,A3;C1;D4,19,,,
28084,,0,G1203,Español & Literatura 11,G1203.4,7,B2;C5;E4,36,,,
28084,,0,I1212,AP Macroeconomics,I1212.1,6,B1;C4;E2,34,,,
28084,,0,I1213,AP Microeconomics,I1213.1,6,B1;C4;E2,34,,,
28084,,0,A1105,Physics 11,A1105.1,8,B3;D1;E5,7,,,
28084,,0,E1101,Physical Education and Health 11,E1101.1,5,A5;C3;E1,27,,,
28084,,0,ADVHS01,Advisory HS,ADVHS01.5,9,E3,7,,,
28084,,0,C0905,Band Level II,C0905.1,1,A1;B4;D2,3,,,
28165,,0,OH1401,Journalism Intermediate Level,OH1401.1,6,B1;C4;E2,43,,,
28165,,0,L1301,AP Psychology,L1301.1,5,A5;C3;E1,33,,,
28165,,0,G1203,Español & Literatura 11,G1203.3,3,A3;C1;D4,36,,,
28165,,0,A1105,Physics 11,A1105.2,2,A2;B5;D3,31,,,
28165,,0,E1101,Physical Education and Health 11,E1101.5,4,A4;C2;D5,27,,,
28165,,0,OI1003,Algebra II,OI1003.2,1,A1;B4;D2,8,,,
28165,,0,ADVHS01,Advisory HS,ADVHS01.5,9,E3,7,,,
28165,,0,I1215,AP 3-D Art and Design,I1215.1,8,B3;D1;E5,5,,,
27055,,0,OB1532,AP Research,OB1532.1,2,A2;B5;D3,10,,,
27055,,0,OB1520,AP Statistics,OB1520.2,5,A5;C3;E1,37,,,
27055,,0,OH1306,Art of Fiction Higher Level,OH1306.2,7,B2;C5;E4,23,,,
27055,,0,A1204,Environmental Science,A1204.3,8,B3;D1;E5,13,,,
27055,,0,I1212,AP Macroeconomics,I1212.4,3,A3;C1;D4,34,,,
27055,,0,I1213,AP Microeconomics,I1213.4,3,A3;C1;D4,34,,,
27055,,0,G1201,Español & Literatura 12,G1201.6,4,A4;C2;D5,36,,,
27055,,0,E1201,Physical Education and Health 12,E1201.1,1,A1;B4;D2,30,,,
27055,,0,ADVHS01,Advisory HS,ADVHS01.36,9,E3,49,,,
29004,,0,B1006,Cultural Studies,B1006.1,6,B1;C4;E2,32,,,
29004,,0,I1214,AP Seminar,I1214.2,5,A5;C3;E1,19,,,
29004,,0,OI1003,Algebra II,OI1003.2,1,A1;B4;D2,8,,,
29004,,0,E1001,Physical Education and Health 10,E1001.4,7,B2;C5;E4,12,,,
29004,,0,A1006,Chemistry 10,A1006.4,3,A3;C1;D4,38,,,
29004,,0,B1001,Social Sciences 10,B1001.6,4,A4;C2;D5,26,,,
29004,,0,G1004,AP Spanish Language and Culture,G1004.2,2,A2;B5;D3,47,,,
29004,,0,ADVHS01,Advisory HS,ADVHS01.26,9,E3,40,,,
30148,,0,J0903,FRC 9,J0903.3,3,A3;C1;D4,20,,,
30148,,0,OC1305,Painting I,OC1305.4,1,A1;B4;D2,46,,,
30148,,0,E0901,Physical Education and Health 9,E0901.5,7,B2;C5;E4,9,,,
30148,,0,A0901,Biology 9,A0901.4,6,B1;C4;E2,49,,,
30148,,0,H0904,English 9,H0904.7,5,A5;C3;E1,15,,,
30148,,0,B0901,Social Studies 9,B0901.5,8,B3;D1;E5,40,,,
30148,,0,G0901,Español & Literatura 9,G0901.3,4,A4;C2;D5,28,,,
30148,,0,I1003,Geometry,I1003.2,2,A2;B5;D3,35,,,
30148,,0,ADVHS01,Advisory HS,ADVHS01.20,9,E3,33,,,
27109,,0,L1303,Pensar nuestro tiempo,L1303.1,7,B2;C5;E4,24,,,
27109,,0,I1208,AP Calculus BC,I1208.1,4,A4;C2;D5,44,,,
27109,,0,OA1322,AP Physics 2,OA1322.2,8,B3;D1;E5,31,,,
27109,,0,H1201B,AP English Literature and Composition,H1201B.1,3,A3;C1;D4,23,,,
27109,,0,J1203,Tech. and Innovation for Social Change,J1203.5,1,A1;B4;D2,22,,,
27109,,0,G1201,Español & Literatura 12,G1201.3,2,A2;B5;D3,6,,,
27109,,0,E1201,Physical Education and Health 12,E1201.4,6,B1;C4;E2,30,,,
27109,,0,ADVHS01,Advisory HS,ADVHS01.14,9,E3,25,,,
29037,,0,B1006,Cultural Studies,B1006.2,7,B2;C5;E4,32,,,
29037,,0,H1001,English 10,H1001.4,8,B3;D1;E5,15,,,
29037,,0,E1001,Physical Education and Health 10,E1001.2,6,B1;C4;E2,12,,,
29037,,0,A1006,Chemistry 10,A1006.4,3,A3;C1;D4,38,,,
29037,,0,B1001,Social Sciences 10,B1001.5,1,A1;B4;D2,26,,,
29037,,0,I1003,Geometry,I1003.7,5,A5;C3;E1,42,,,
29037,,0,G1004,AP Spanish Language and Culture,G1004.6,4,A4;C2;D5,48,,,
29037,,0,ADVHS01,Advisory HS,ADVHS01.4,9,E3,6,,,
29037,,0,OZ1207,Anatomy and Physiology,OZ1207.2,2,A2;B5;D3,49,,,
27138,,0,OH1501,Journalism Higher Level,OH1501.1,4,A4;C2;D5,43,,,
27138,,0,L1304,Life Purpose,L1304.4,2,A2;B5;D3,33,,,
27138,,0,J1203,Tech. and Innovation for Social Change,J1203.3,7,B2;C5;E4,22,,,
27138,,0,OI1305,Calculus,OI1305.2,5,A5;C3;E1,35,,,
27138,,0,G1201,Español & Literatura 12,G1201.4,1,A1;B4;D2,6,,,
27138,,0,E1201,Physical Education and Health 12,E1201.5,8,B3;D1;E5,30,,,
27138,,0,ADVHS01,Advisory HS,ADVHS01.22,9,E3,35,,,
27138,,0,OC1310,Painting II,OC1310.3,3,A3;C1;D4,46,,,
27036,,0,I1204,AP Calculus AB,I1204.1,2,A2;B5;D3,44,,,
27036,,0,L1302,Introduction to Law,L1302.2,3,A3;C1;D4,24,,,
27036,,0,OH1501,Journalism Higher Level,OH1501.1,4,A4;C2;D5,43,,,
27036,,0,OI1303,Financial Math,OI1303.2,5,A5;C3;E1,4,,,
27036,,0,A1204,Environmental Science,A1204.2,6,B1;C4;E2,13,,,
27036,,0,J1203,Tech. and Innovation for Social Change,J1203.3,7,B2;C5;E4,22,,,
27036,,0,G1201,Español & Literatura 12,G1201.2,8,B3;D1;E5,6,,,
27036,,0,E1201,Physical Education and Health 12,E1201.1,1,A1;B4;D2,30,,,
27036,,0,ADVHS01,Advisory HS,ADVHS01.16,9,E3,28,,,
28013,,0,OH1401,Journalism Intermediate Level,OH1401.2,1,A1;B4;D2,43,,,
28013,,0,L1301,AP Psychology,L1301.3,6,B1;C4;E2,33,,,
28013,,0,G1203,Español & Literatura 11,G1203.1,2,A2;B5;D3,36,,,
28013,,0,OI1305,Calculus,OI1305.1,7,B2;C5;E4,35,,,
28013,,0,A1105,Physics 11,A1105.5,4,A4;C2;D5,41,,,
28013,,0,E1101,Physical Education and Health 11,E1101.1,5,A5;C3;E1,27,,,
28013,,0,ADVHS01,Advisory HS,ADVHS01.10,9,E3,21,,,
28013,,0,C0904,Band Level I,C0904.3,3,A3;C1;D4,3,,,
26012,,0,L1303,Pensar nuestro tiempo,L1303.1,7,B2;C5;E4,24,,,
26012,,0,H1201B,AP English Literature and Composition,H1201B.1,3,A3;C1;D4,23,,,
26012,,0,OZ1207,Anatomy and Physiology,OZ1207.2,2,A2;B5;D3,49,,,
26012,,0,J1203,Tech. and Innovation for Social Change,J1203.1,6,B1;C4;E2,20,,,
26012,,0,OI1305,Calculus,OI1305.3,4,A4;C2;D5,35,,,
26012,,0,G1201,Español & Literatura 12,G1201.2,8,B3;D1;E5,6,,,
26012,,0,E1201,Physical Education and Health 12,E1201.3,5,A5;C3;E1,30,,,
26012,,0,ADVHS01,Advisory HS,ADVHS01.25,9,E3,38,,,
28100,,0,L1302,Introduction to Law,L1302.2,3,A3;C1;D4,24,,,
28100,,0,H1206,AP English Language & Composition,H1206.2,2,A2;B5;D3,19,,,
28100,,0,L1301,AP Psychology,L1301.1,5,A5;C3;E1,33,,,
28100,,0,G1203,Español & Literatura 11,G1203.2,1,A1;B4;D2,36,,,
28100,,0,OI1305,Calculus,OI1305.5,8,B3;D1;E5,44,,,
28100,,0,A1105,Physics 11,A1105.3,6,B1;C4;E2,41,,,
28100,,0,E1101,Physical Education and Health 11,E1101.5,4,A4;C2;D5,27,,,
28100,,0,ADVHS01,Advisory HS,ADVHS01.1,9,E3,3,,,
28171,,0,I1211,AP Precalculus,I1211.2,6,B1;C4;E2,4,,,
28171,,0,OA1319,AP Physics 1,OA1319.2,7,B2;C5;E4,31,,,
28171,,0,H1206,AP English Language & Composition,H1206.2,2,A2;B5;D3,19,,,
28171,,0,G1203,Español & Literatura 11,G1203.2,1,A1;B4;D2,36,,,
28171,,0,I1212,AP Macroeconomics,I1212.4,3,A3;C1;D4,34,,,
28171,,0,I1213,AP Microeconomics,I1213.4,3,A3;C1;D4,34,,,
28171,,0,E1101,Physical Education and Health 11,E1101.3,8,B3;D1;E5,27,,,
28171,,0,ADVHS01,Advisory HS,ADVHS01.22,9,E3,35,,,
28171,,0,OA1304,AP Biology,OA1304.1,4,A4;C2;D5,7,,,
27066,,0,L1303,Pensar nuestro tiempo,L1303.1,7,B2;C5;E4,24,,,
27066,,0,OH1306,Art of Fiction Higher Level,OH1306.3,8,B3;D1;E5,23,,,
27066,,0,A1204,Environmental Science,A1204.2,6,B1;C4;E2,13,,,
27066,,0,J1203,Tech. and Innovation for Social Change,J1203.2,2,A2;B5;D3,20,,,
27066,,0,OI1305,Calculus,OI1305.2,5,A5;C3;E1,35,,,
27066,,0,G1201,Español & Literatura 12,G1201.6,4,A4;C2;D5,36,,,
27066,,0,E1201,Physical Education and Health 12,E1201.6,3,A3;C1;D4,30,,,
27066,,0,ADVHS01,Advisory HS,ADVHS01.33,9,E3,46,,,
29010,,0,I1211,AP Precalculus,I1211.1,3,A3;C1;D4,4,,,
29010,,0,B1006,Cultural Studies,B1006.1,6,B1;C4;E2,32,,,
29010,,0,I1214,AP Seminar,I1214.1,1,A1;B4;D2,19,,,
29010,,0,E1001,Physical Education and Health 10,E1001.3,2,A2;B5;D3,12,,,
29010,,0,A1006,Chemistry 10,A1006.3,7,B2;C5;E4,7,,,
29010,,0,B1001,Social Sciences 10,B1001.4,8,B3;D1;E5,26,,,
29010,,0,G1004,AP Spanish Language and Culture,G1004.5,5,A5;C3;E1,47,,,
29010,,0,ADVHS01,Advisory HS,ADVHS01.21,9,E3,34,,,
29010,,0,OH1305,Art of Fiction Intermediate Level,OH1305.1,4,A4;C2;D5,23,,,
28010,,0,OH1401,Journalism Intermediate Level,OH1401.1,6,B1;C4;E2,43,,,
28010,,0,L1301,AP Psychology,L1301.2,3,A3;C1;D4,33,,,
28010,,0,G1203,Español & Literatura 11,G1203.2,1,A1;B4;D2,36,,,
28010,,0,A1105,Physics 11,A1105.2,2,A2;B5;D3,31,,,
28010,,0,E1101,Physical Education and Health 11,E1101.2,7,B2;C5;E4,27,,,
28010,,0,OI1003,Algebra II,OI1003.4,5,A5;C3;E1,8,,,
28010,,0,ADVHS01,Advisory HS,ADVHS01.34,9,E3,47,,,
28010,,0,OJ1204,Creative Design,OJ1204.1,4,A4;C2;D5,21,,,
29043,,0,I1211,AP Precalculus,I1211.2,6,B1;C4;E2,4,,,
29043,,0,H1001,English 10,H1001.1,4,A4;C2;D5,29,,,
29043,,0,OZ1323,AP Human Geography,OZ1323.1,1,A1;B4;D2,45,,,
29043,,0,E1001,Physical Education and Health 10,E1001.6,8,B3;D1;E5,12,,,
29043,,0,A1006,Chemistry 10,A1006.3,7,B2;C5;E4,7,,,
29043,,0,G1004,AP Spanish Language and Culture,G1004.5,5,A5;C3;E1,47,,,
29043,,0,B1001,Social Sciences 10,B1001.3,3,A3;C1;D4,26,,,
29043,,0,ADVHS01,Advisory HS,ADVHS01.32,9,E3,45,,,
29043,,0,C0904,Band Level I,C0904.2,2,A2;B5;D3,3,,,
29114,,0,I1211,AP Precalculus,I1211.1,3,A3;C1;D4,4,,,
29114,,0,H1001,English 10,H1001.3,2,A2;B5;D3,15,,,
29114,,0,OZ1323,AP Human Geography,OZ1323.3,6,B1;C4;E2,45,,,
29114,,0,E1001,Physical Education and Health 10,E1001.1,5,A5;C3;E1,12,,,
29114,,0,A1006,Chemistry 10,A1006.7,4,A4;C2;D5,38,,,
29114,,0,B1001,Social Sciences 10,B1001.2,7,B2;C5;E4,25,,,
29114,,0,G1004,AP Spanish Language and Culture,G1004.1,1,A1;B4;D2,47,,,
29114,,0,ADVHS01,Advisory HS,ADVHS01.17,9,E3,29,,,
27152,,0,L1302,Introduction to Law,L1302.2,3,A3;C1;D4,24,,,
27152,,0,OH1401,Journalism Intermediate Level,OH1401.2,1,A1;B4;D2,43,,,
27152,,0,G1203,Español & Literatura 11,G1203.4,7,B2;C5;E4,36,,,
27152,,0,A1105,Physics 11,A1105.3,6,B1;C4;E2,41,,,
27152,,0,E1101,Physical Education and Health 11,E1101.3,8,B3;D1;E5,27,,,
27152,,0,OI1003,Algebra II,OI1003.1,2,A2;B5;D3,4,,,
27152,,0,ADVHS01,Advisory HS,ADVHS01.19,9,E3,32,,,
30154,,0,J0903,FRC 9,J0903.2,1,A1;B4;D2,20,,,
30154,,0,C0904,Band Level I,C0904.3,3,A3;C1;D4,3,,,
30154,,0,E0901,Physical Education and Health 9,E0901.4,4,A4;C2;D5,9,,,
30154,,0,A0901,Biology 9,A0901.1,5,A5;C3;E1,41,,,
30154,,0,H0904,English 9,H0904.2,8,B3;D1;E5,29,,,
30154,,0,B0901,Social Studies 9,B0901.6,6,B1;C4;E2,40,,,
30154,,0,G0901,Español & Literatura 9,G0901.1,2,A2;B5;D3,28,,,
30154,,0,I1003,Geometry,I1003.3,7,B2;C5;E4,42,,,
30154,,0,ADVHS01,Advisory HS,ADVHS01.31,9,E3,44,,,
27091,,0,OA1317,AP Chemistry,OA1317.1,6,B1;C4;E2,38,,,
27091,,0,OH1306,Art of Fiction Higher Level,OH1306.3,8,B3;D1;E5,23,,,
27091,,0,I1212,AP Macroeconomics,I1212.4,3,A3;C1;D4,34,,,
27091,,0,I1213,AP Microeconomics,I1213.4,3,A3;C1;D4,34,,,
27091,,0,J1203,Tech. and Innovation for Social Change,J1203.3,7,B2;C5;E4,22,,,
27091,,0,OI1305,Calculus,OI1305.3,4,A4;C2;D5,35,,,
27091,,0,G1201,Español & Literatura 12,G1201.3,2,A2;B5;D3,6,,,
27091,,0,E1201,Physical Education and Health 12,E1201.3,5,A5;C3;E1,30,,,
27091,,0,ADVHS01,Advisory HS,ADVHS01.33,9,E3,46,,,
29019,,0,H1001,English 10,H1001.2,5,A5;C3;E1,43,,,
29019,,0,OZ1323,AP Human Geography,OZ1323.2,4,A4;C2;D5,45,,,
29019,,0,OI1003,Algebra II,OI1003.6,6,B1;C4;E2,8,,,
29019,,0,E1001,Physical Education and Health 10,E1001.5,3,A3;C1;D4,12,,,
29019,,0,A1006,Chemistry 10,A1006.6,1,A1;B4;D2,38,,,
29019,,0,B1001,Social Sciences 10,B1001.2,7,B2;C5;E4,25,,,
29019,,0,G1004,AP Spanish Language and Culture,G1004.2,2,A2;B5;D3,47,,,
29019,,0,ADVHS01,Advisory HS,ADVHS01.8,9,E3,19,,,
30163,,0,C0904,Band Level I,C0904.4,7,B2;C5;E4,3,,,
30163,,0,J0901,Technology 9,J0901.1,6,B1;C4;E2,21,,,
30163,,0,A0901,Biology 9,A0901.3,8,B3;D1;E5,49,,,
30163,,0,E0901,Physical Education and Health 9,E0901.2,3,A3;C1;D4,9,,,
30163,,0,H0904,English 9,H0904.4,2,A2;B5;D3,29,,,
30163,,0,B0901,Social Studies 9,B0901.4,1,A1;B4;D2,34,,,
30163,,0,G0901,Español & Literatura 9,G0901.4,5,A5;C3;E1,28,,,
30163,,0,I1003,Geometry,I1003.5,4,A4;C2;D5,42,,,
30163,,0,ADVHS01,Advisory HS,ADVHS01.12,9,E3,23,,,
30098,,0,J0901,Technology 9,J0901.3,5,A5;C3;E1,21,,,
30098,,0,C0904,Band Level I,C0904.2,2,A2;B5;D3,3,,,
30098,,0,E0901,Physical Education and Health 9,E0901.3,1,A1;B4;D2,9,,,
30098,,0,A0901,Biology 9,A0901.2,3,A3;C1;D4,41,,,
30098,,0,B0901,Social Studies 9,B0901.7,7,B2;C5;E4,40,,,
30098,,0,H0904,English 9,H0904.3,6,B1;C4;E2,29,,,
30098,,0,G0901,Español & Literatura 9,G0901.7,8,B3;D1;E5,48,,,
30098,,0,ADVHS01,Advisory HS,ADVHS01.28,9,E3,42,,,
29027,,0,I1211,AP Precalculus,I1211.2,6,B1;C4;E2,4,,,
29027,,0,B1006,Cultural Studies,B1006.2,7,B2;C5;E4,32,,,
29027,,0,H1001,English 10,H1001.4,8,B3;D1;E5,15,,,
29027,,0,E1001,Physical Education and Health 10,E1001.3,2,A2;B5;D3,12,,,
29027,,0,G1004,AP Spanish Language and Culture,G1004.3,3,A3;C1;D4,47,,,
29027,,0,B1001,Social Sciences 10,B1001.7,5,A5;C3;E1,26,,,
29027,,0,A1006,Chemistry 10,A1006.7,4,A4;C2;D5,38,,,
29027,,0,ADVHS01,Advisory HS,ADVHS01.29,9,E3,43,,,
29098,,0,I1214,AP Seminar,I1214.3,6,B1;C4;E2,19,,,
29098,,0,OZ1323,AP Human Geography,OZ1323.5,2,A2;B5;D3,45,,,
29098,,0,OI1003,Algebra II,OI1003.4,5,A5;C3;E1,8,,,
29098,,0,E1001,Physical Education and Health 10,E1001.4,7,B2;C5;E4,12,,,
29098,,0,A1006,Chemistry 10,A1006.5,8,B3;D1;E5,38,,,
29098,,0,B1001,Social Sciences 10,B1001.6,4,A4;C2;D5,26,,,
29098,,0,G1004,AP Spanish Language and Culture,G1004.1,1,A1;B4;D2,47,,,
29098,,0,ADVHS01,Advisory HS,ADVHS01.13,9,E3,24,,,
30011,,0,J0901,Technology 9,J0901.2,3,A3;C1;D4,21,,,
30011,,0,C0904,Band Level I,C0904.1,6,B1;C4;E2,3,,,
30011,,0,E0901,Physical Education and Health 9,E0901.6,8,B3;D1;E5,9,,,
30011,,0,A0901,Biology 9,A0901.5,1,A1;B4;D2,49,,,
30011,,0,H0904,English 9,H0904.6,4,A4;C2;D5,15,,,
30011,,0,B0901,Social Studies 9,B0901.1,5,A5;C3;E1,32,,,
30011,,0,G0901,Español & Literatura 9,G0901.1,2,A2;B5;D3,28,,,
30011,,0,I1003,Geometry,I1003.3,7,B2;C5;E4,42,,,
30011,,0,ADVHS01,Advisory HS,ADVHS01.23,9,E3,36,,,
28083,,0,I1204,AP Calculus AB,I1204.2,7,B2;C5;E4,44,,,
28083,,0,VHS0052,Spanish Film, Art, and Literature,VHS0052.2,1,A1;B4;D2,25,,,
28083,,0,OA1319,AP Physics 1,OA1319.1,5,A5;C3;E1,31,,,
28083,,0,OH1305,Art of Fiction Intermediate Level,OH1305.2,3,A3;C1;D4,40,,,
28083,,0,I1212,AP Macroeconomics,I1212.3,8,B3;D1;E5,34,,,
28083,,0,I1213,AP Microeconomics,I1213.3,8,B3;D1;E5,34,,,
28083,,0,E1101,Physical Education and Health 11,E1101.6,6,B1;C4;E2,27,,,
28083,,0,ADVHS01,Advisory HS,ADVHS01.10,9,E3,21,,,
28050,,0,I1204,AP Calculus AB,I1204.1,2,A2;B5;D3,44,,,
28050,,0,H1201B,AP English Literature and Composition,H1201B.1,3,A3;C1;D4,23,,,
28050,,0,I1212,AP Macroeconomics,I1212.2,7,B2;C5;E4,34,,,
28050,,0,L1304,Life Purpose,L1304.3,4,A4;C2;D5,33,,,
28050,,0,I1213,AP Microeconomics,I1213.2,7,B2;C5;E4,34,,,
28050,,0,A1105,Physics 11,A1105.1,8,B3;D1;E5,7,,,
28050,,0,E1101,Physical Education and Health 11,E1101.4,1,A1;B4;D2,27,,,
28050,,0,ADVHS01,Advisory HS,ADVHS01.34,9,E3,47,,,
28050,,0,C0907,Band Level III,C0907.1,5,A5;C3;E1,3,,,
29003,,0,H1001,English 10,H1001.3,2,A2;B5;D3,15,,,
29003,,0,OZ1323,AP Human Geography,OZ1323.1,1,A1;B4;D2,45,,,
29003,,0,OI1003,Algebra II,OI1003.6,6,B1;C4;E2,8,,,
29003,,0,E1001,Physical Education and Health 10,E1001.1,5,A5;C3;E1,12,,,
29003,,0,G1004,AP Spanish Language and Culture,G1004.6,4,A4;C2;D5,48,,,
29003,,0,A1006,Chemistry 10,A1006.3,7,B2;C5;E4,7,,,
29003,,0,B1001,Social Sciences 10,B1001.3,3,A3;C1;D4,26,,,
29003,,0,I1003,Geometry,I1003.6,8,B3;D1;E5,42,,,
29003,,0,ADVHS01,Advisory HS,ADVHS01.6,9,E3,8,,,
30147,,0,J0901,Technology 9,J0901.1,6,B1;C4;E2,21,,,
30147,,0,I0903,Algebra I 9,I0903.3,4,A4;C2;D5,37,,,
30147,,0,OC1305,Painting I,OC1305.1,2,A2;B5;D3,5,,,
30147,,0,E0901,Physical Education and Health 9,E0901.5,7,B2;C5;E4,9,,,
30147,,0,A0901,Biology 9,A0901.1,5,A5;C3;E1,41,,,
30147,,0,H0904,English 9,H0904.5,1,A1;B4;D2,15,,,
30147,,0,B0901,Social Studies 9,B0901.2,3,A3;C1;D4,32,,,
30147,,0,G0901,Español & Literatura 9,G0901.7,8,B3;D1;E5,48,,,
30147,,0,ADVHS01,Advisory HS,ADVHS01.2,9,E3,4,,,
28088,,0,G1203,Español & Literatura 11,G1203.2,1,A1;B4;D2,36,,,
28088,,0,OH1305,Art of Fiction Intermediate Level,OH1305.2,3,A3;C1;D4,40,,,
28088,,0,A1105,Physics 11,A1105.1,8,B3;D1;E5,7,,,
28088,,0,L1304,Life Purpose,L1304.4,2,A2;B5;D3,33,,,
28088,,0,OI1305,Calculus,OI1305.3,4,A4;C2;D5,35,,,
28088,,0,E1101,Physical Education and Health 11,E1101.6,6,B1;C4;E2,27,,,
28088,,0,ADVHS01,Advisory HS,ADVHS01.3,9,E3,5,,,
28088,,0,C0904,Band Level I,C0904.4,7,B2;C5;E4,3,,,
28169,,0,G1202,AP Spanish Literature and Culture,G1202.1,3,A3;C1;D4,6,,,
28169,,0,OH1305,Art of Fiction Intermediate Level,OH1305.1,4,A4;C2;D5,23,,,
28169,,0,L1304,Life Purpose,L1304.2,1,A1;B4;D2,24,,,
28169,,0,A1105,Physics 11,A1105.3,6,B1;C4;E2,41,,,
28169,,0,E1101,Physical Education and Health 11,E1101.2,7,B2;C5;E4,27,,,
28169,,0,OI1003,Algebra II,OI1003.4,5,A5;C3;E1,8,,,
28169,,0,ADVHS01,Advisory HS,ADVHS01.18,9,E3,31,,,
27035,,0,OB1532,AP Research,OB1532.1,2,A2;B5;D3,10,,,
27035,,0,OA1322,AP Physics 2,OA1322.1,3,A3;C1;D4,31,,,
27035,,0,OI1303,Financial Math,OI1303.1,4,A4;C2;D5,4,,,
27035,,0,OH1306,Art of Fiction Higher Level,OH1306.1,1,A1;B4;D2,23,,,
27035,,0,L1304,Life Purpose,L1304.1,5,A5;C3;E1,24,,,
27035,,0,OI1305,Calculus,OI1305.5,8,B3;D1;E5,44,,,
27035,,0,G1201,Español & Literatura 12,G1201.1,7,B2;C5;E4,6,,,
27035,,0,E1201,Physical Education and Health 12,E1201.4,6,B1;C4;E2,30,,,
27035,,0,ADVHS01,Advisory HS,ADVHS01.35,9,E3,48,,,
29112,,0,I1214,AP Seminar,I1214.2,5,A5;C3;E1,19,,,
29112,,0,OZ1323,AP Human Geography,OZ1323.4,7,B2;C5;E4,45,,,
29112,,0,OI1003,Algebra II,OI1003.6,6,B1;C4;E2,8,,,
29112,,0,E1001,Physical Education and Health 10,E1001.6,8,B3;D1;E5,12,,,
29112,,0,A1006,Chemistry 10,A1006.2,2,A2;B5;D3,7,,,
29112,,0,G1004,AP Spanish Language and Culture,G1004.6,4,A4;C2;D5,48,,,
29112,,0,B1001,Social Sciences 10,B1001.5,1,A1;B4;D2,26,,,
29112,,0,ADVHS01,Advisory HS,ADVHS01.7,9,E3,13,,,
29112,,0,OH1305,Art of Fiction Intermediate Level,OH1305.2,3,A3;C1;D4,40,,,
29017,,0,J0901,Technology 9,J0901.3,5,A5;C3;E1,21,,,
29017,,0,C0904,Band Level I,C0904.3,3,A3;C1;D4,3,,,
29017,,0,E0901,Physical Education and Health 9,E0901.4,4,A4;C2;D5,9,,,
29017,,0,A0901,Biology 9,A0901.4,6,B1;C4;E2,49,,,
29017,,0,H0904,English 9,H0904.5,1,A1;B4;D2,15,,,
29017,,0,B0901,Social Studies 9,B0901.3,2,A2;B5;D3,32,,,
29017,,0,G0901,Español & Literatura 9,G0901.7,8,B3;D1;E5,48,,,
29017,,0,I1003,Geometry,I1003.3,7,B2;C5;E4,42,,,
29017,,0,ADVHS01,Advisory HS,ADVHS01.15,9,E3,26,,,
27006,,0,I1208,AP Calculus BC,I1208.1,4,A4;C2;D5,44,,,
27006,,0,OA1317,AP Chemistry,OA1317.1,6,B1;C4;E2,38,,,
27006,,0,L1302,Introduction to Law,L1302.2,3,A3;C1;D4,24,,,
27006,,0,OH1501,Journalism Higher Level,OH1501.2,7,B2;C5;E4,43,,,
27006,,0,L1304,Life Purpose,L1304.4,2,A2;B5;D3,33,,,
27006,,0,J1203,Tech. and Innovation for Social Change,J1203.4,5,A5;C3;E1,22,,,
27006,,0,G1201,Español & Literatura 12,G1201.4,1,A1;B4;D2,6,,,
27006,,0,E1201,Physical Education and Health 12,E1201.5,8,B3;D1;E5,30,,,
27006,,0,ADVHS01,Advisory HS,ADVHS01.30,9,E3,15,,,
27009,,0,I1211,AP Precalculus,I1211.1,3,A3;C1;D4,4,,,
27009,,0,OA1319,AP Physics 1,OA1319.2,7,B2;C5;E4,31,,,
27009,,0,L1301,AP Psychology,L1301.1,5,A5;C3;E1,33,,,
27009,,0,OH1305,Art of Fiction Intermediate Level,OH1305.3,2,A2;B5;D3,40,,,
27009,,0,G1203,Español & Literatura 11,G1203.2,1,A1;B4;D2,36,,,
27009,,0,E1101,Physical Education and Health 11,E1101.6,6,B1;C4;E2,27,,,
27009,,0,ADVHS01,Advisory HS,ADVHS01.9,9,E3,20,,,
27009,,0,OJ1204,Creative Design,OJ1204.1,4,A4;C2;D5,21,,,
28017,,0,I1211,AP Precalculus,I1211.1,3,A3;C1;D4,4,,,
28017,,0,VHS0052,Spanish Film, Art, and Literature,VHS0052.1,8,B3;D1;E5,25,,,
28017,,0,H1206,AP English Language & Composition,H1206.2,2,A2;B5;D3,19,,,
28017,,0,I1212,AP Macroeconomics,I1212.2,7,B2;C5;E4,34,,,
28017,,0,I1213,AP Microeconomics,I1213.2,7,B2;C5;E4,34,,,
28017,,0,A1105,Physics 11,A1105.4,1,A1;B4;D2,41,,,
28017,,0,E1101,Physical Education and Health 11,E1101.5,4,A4;C2;D5,27,,,
28017,,0,ADVHS01,Advisory HS,ADVHS01.19,9,E3,32,,,
28017,,0,OC1305,Painting I,OC1305.3,5,A5;C3;E1,5,,,
28104,,0,VHS0052,Spanish Film, Art, and Literature,VHS0052.1,8,B3;D1;E5,25,,,
28104,,0,OH1305,Art of Fiction Intermediate Level,OH1305.1,4,A4;C2;D5,23,,,
28104,,0,I1212,AP Macroeconomics,I1212.1,6,B1;C4;E2,34,,,
28104,,0,L1304,Life Purpose,L1304.2,1,A1;B4;D2,24,,,
28104,,0,I1213,AP Microeconomics,I1213.1,6,B1;C4;E2,34,,,
28104,,0,OI1305,Calculus,OI1305.1,7,B2;C5;E4,35,,,
28104,,0,A1105,Physics 11,A1105.2,2,A2;B5;D3,31,,,
28104,,0,E1101,Physical Education and Health 11,E1101.1,5,A5;C3;E1,27,,,
28104,,0,ADVHS01,Advisory HS,ADVHS01.21,9,E3,34,,,
28104,,0,OC1310,Painting II,OC1310.3,3,A3;C1;D4,46,,,
29057,,0,I1211,AP Precalculus,I1211.1,3,A3;C1;D4,4,,,
29057,,0,H1001,English 10,H1001.1,4,A4;C2;D5,29,,,
29057,,0,OZ1323,AP Human Geography,OZ1323.1,1,A1;B4;D2,45,,,
29057,,0,E1001,Physical Education and Health 10,E1001.2,6,B1;C4;E2,12,,,
29057,,0,A1006,Chemistry 10,A1006.3,7,B2;C5;E4,7,,,
29057,,0,B1001,Social Sciences 10,B1001.4,8,B3;D1;E5,26,,,
29057,,0,G1004,AP Spanish Language and Culture,G1004.5,5,A5;C3;E1,47,,,
29057,,0,ADVHS01,Advisory HS,ADVHS01.24,9,E3,37,,,
29057,,0,C0904,Band Level I,C0904.2,2,A2;B5;D3,3,,,
27126,,0,L1302,Introduction to Law,L1302.1,4,A4;C2;D5,24,,,
27126,,0,OH1501,Journalism Higher Level,OH1501.2,7,B2;C5;E4,43,,,
27126,,0,OI1303,Financial Math,OI1303.2,5,A5;C3;E1,4,,,
27126,,0,A1204,Environmental Science,A1204.1,2,A2;B5;D3,13,,,
27126,,0,J1203,Tech. and Innovation for Social Change,J1203.5,1,A1;B4;D2,22,,,
27126,,0,G1201,Español & Literatura 12,G1201.2,8,B3;D1;E5,6,,,
27126,,0,E1201,Physical Education and Health 12,E1201.4,6,B1;C4;E2,30,,,
27126,,0,ADVHS01,Advisory HS,ADVHS01.36,9,E3,49,,,
27126,,0,OC1310,Painting II,OC1310.3,3,A3;C1;D4,46,,,
30007,,0,J0903,FRC 9,J0903.1,8,B3;D1;E5,20,,,
30007,,0,OC1305,Painting I,OC1305.3,5,A5;C3;E1,5,,,
30007,,0,E0901,Physical Education and Health 9,E0901.2,3,A3;C1;D4,9,,,
30007,,0,A0901,Biology 9,A0901.6,4,A4;C2;D5,49,,,
30007,,0,H0904,English 9,H0904.1,7,B2;C5;E4,29,,,
30007,,0,B0901,Social Studies 9,B0901.4,1,A1;B4;D2,34,,,
30007,,0,G0901,Español & Literatura 9,G0901.1,2,A2;B5;D3,28,,,
30007,,0,I1003,Geometry,I1003.1,6,B1;C4;E2,35,,,
30007,,0,ADVHS01,Advisory HS,ADVHS01.27,9,E3,41,,,
29070,,0,I1211,AP Precalculus,I1211.2,6,B1;C4;E2,4,,,
29070,,0,B1006,Cultural Studies,B1006.2,7,B2;C5;E4,32,,,
29070,,0,I1214,AP Seminar,I1214.1,1,A1;B4;D2,19,,,
29070,,0,E1001,Physical Education and Health 10,E1001.5,3,A3;C1;D4,12,,,
29070,,0,G1004,AP Spanish Language and Culture,G1004.6,4,A4;C2;D5,48,,,
29070,,0,B1001,Social Sciences 10,B1001.7,5,A5;C3;E1,26,,,
29070,,0,A1006,Chemistry 10,A1006.2,2,A2;B5;D3,7,,,
29070,,0,ADVHS01,Advisory HS,ADVHS01.20,9,E3,33,,,
30161,,0,J0903,FRC 9,J0903.3,3,A3;C1;D4,20,,,
30161,,0,C0904,Band Level I,C0904.2,2,A2;B5;D3,3,,,
30161,,0,E0901,Physical Education and Health 9,E0901.1,5,A5;C3;E1,9,,,
30161,,0,A0901,Biology 9,A0901.3,8,B3;D1;E5,49,,,
30161,,0,H0904,English 9,H0904.3,6,B1;C4;E2,29,,,
30161,,0,B0901,Social Studies 9,B0901.7,7,B2;C5;E4,40,,,
30161,,0,G0901,Español & Literatura 9,G0901.5,1,A1;B4;D2,48,,,
30161,,0,I1003,Geometry,I1003.5,4,A4;C2;D5,42,,,
30161,,0,ADVHS01,Advisory HS,ADVHS01.11,9,E3,22,,,
27089,,0,I1204,AP Calculus AB,I1204.2,7,B2;C5;E4,44,,,
27089,,0,OA1322,AP Physics 2,OA1322.2,8,B3;D1;E5,31,,,
27089,,0,OI1303,Financial Math,OI1303.1,4,A4;C2;D5,4,,,
27089,,0,OH1306,Art of Fiction Higher Level,OH1306.1,1,A1;B4;D2,23,,,
27089,,0,L1304,Life Purpose,L1304.4,2,A2;B5;D3,33,,,
27089,,0,J1203,Tech. and Innovation for Social Change,J1203.1,6,B1;C4;E2,20,,,
27089,,0,G1201,Español & Literatura 12,G1201.5,3,A3;C1;D4,25,,,
27089,,0,E1201,Physical Education and Health 12,E1201.3,5,A5;C3;E1,30,,,
27089,,0,ADVHS01,Advisory HS,ADVHS01.5,9,E3,7,,,
29174,,0,I1214,AP Seminar,I1214.3,6,B1;C4;E2,19,,,
29174,,0,OZ1323,AP Human Geography,OZ1323.2,4,A4;C2;D5,45,,,
29174,,0,OI1003,Algebra II,OI1003.1,2,A2;B5;D3,4,,,
29174,,0,E1001,Physical Education and Health 10,E1001.1,5,A5;C3;E1,12,,,
29174,,0,A1006,Chemistry 10,A1006.4,3,A3;C1;D4,38,,,
29174,,0,B1001,Social Sciences 10,B1001.2,7,B2;C5;E4,25,,,
29174,,0,G1004,AP Spanish Language and Culture,G1004.1,1,A1;B4;D2,47,,,
29174,,0,ADVHS01,Advisory HS,ADVHS01.16,9,E3,28,,,
27022,,0,L1304,Life Purpose,L1304.1,5,A5;C3;E1,24,,,
27022,,0,J1203,Tech. and Innovation for Social Change,J1203.3,7,B2;C5;E4,22,,,
27022,,0,G1201,Español & Literatura 12,G1201.6,4,A4;C2;D5,36,,,
27022,,0,E1201,Physical Education and Health 12,E1201.4,6,B1;C4;E2,30,,,
27022,,0,ADVHS01,Advisory HS,ADVHS01.30,9,E3,15,,,
27022,,0,I1204,AP Calculus AB,I1204.1,2,A2;B5;D3,44,,,
27022,,0,OA1322,AP Physics 2,OA1322.1,3,A3;C1;D4,31,,,
28097,,0,H1206,AP English Language & Composition,H1206.2,2,A2;B5;D3,19,,,
28097,,0,L1301,AP Psychology,L1301.2,3,A3;C1;D4,33,,,
28097,,0,G1203,Español & Literatura 11,G1203.2,1,A1;B4;D2,36,,,
28097,,0,I1212,AP Macroeconomics,I1212.3,8,B3;D1;E5,34,,,
28097,,0,I1213,AP Microeconomics,I1213.3,8,B3;D1;E5,34,,,
28097,,0,OI1305,Calculus,OI1305.4,6,B1;C4;E2,44,,,
28097,,0,A1105,Physics 11,A1105.5,4,A4;C2;D5,41,,,
28097,,0,E1101,Physical Education and Health 11,E1101.2,7,B2;C5;E4,27,,,
28097,,0,ADVHS01,Advisory HS,ADVHS01.32,9,E3,45,,,
28097,,0,OC1305,Painting I,OC1305.3,5,A5;C3;E1,5,,,
30062,,0,J0903,FRC 9,J0903.2,1,A1;B4;D2,20,,,
30062,,0,OC1305,Painting I,OC1305.2,4,A4;C2;D5,5,,,
30062,,0,E0901,Physical Education and Health 9,E0901.6,8,B3;D1;E5,9,,,
30062,,0,A0901,Biology 9,A0901.2,3,A3;C1;D4,41,,,
30062,,0,H0904,English 9,H0904.7,5,A5;C3;E1,15,,,
30062,,0,B0901,Social Studies 9,B0901.6,6,B1;C4;E2,40,,,
30062,,0,G0901,Español & Literatura 9,G0901.6,7,B2;C5;E4,48,,,
30062,,0,I1003,Geometry,I1003.2,2,A2;B5;D3,35,,,
30062,,0,ADVHS01,Advisory HS,ADVHS01.22,9,E3,35,,,
30105,,0,I0903,Algebra I 9,I0903.2,2,A2;B5;D3,37,,,
30105,,0,J0903,FRC 9,J0903.1,8,B3;D1;E5,20,,,
30105,,0,C0904,Band Level I,C0904.3,3,A3;C1;D4,3,,,
30105,,0,E0901,Physical Education and Health 9,E0901.3,1,A1;B4;D2,9,,,
30105,,0,A0901,Biology 9,A0901.4,6,B1;C4;E2,49,,,
30105,,0,H0904,English 9,H0904.7,5,A5;C3;E1,15,,,
30105,,0,B0901,Social Studies 9,B0901.7,7,B2;C5;E4,40,,,
30105,,0,G0901,Español & Literatura 9,G0901.3,4,A4;C2;D5,28,,,
30105,,0,ADVHS01,Advisory HS,ADVHS01.10,9,E3,21,,,
29118,,0,I1211,AP Precalculus,I1211.1,3,A3;C1;D4,4,,,
29118,,0,H1001,English 10,H1001.3,2,A2;B5;D3,15,,,
29118,,0,OZ1323,AP Human Geography,OZ1323.3,6,B1;C4;E2,45,,,
29118,,0,E1001,Physical Education and Health 10,E1001.4,7,B2;C5;E4,12,,,
29118,,0,A1006,Chemistry 10,A1006.6,1,A1;B4;D2,38,,,
29118,,0,B1001,Social Sciences 10,B1001.6,4,A4;C2;D5,26,,,
29118,,0,G1004,AP Spanish Language and Culture,G1004.5,5,A5;C3;E1,47,,,
29118,,0,ADVHS01,Advisory HS,ADVHS01.31,9,E3,44,,,
27142,,0,G1202,AP Spanish Literature and Culture,G1202.1,3,A3;C1;D4,6,,,
27142,,0,H1201B,AP English Literature and Composition,H1201B.2,0,,23,,,
27142,,0,OB1520,AP Statistics,OB1520.1,8,B3;D1;E5,37,,,
27142,,0,A1204,Environmental Science,A1204.1,2,A2;B5;D3,13,,,
27142,,0,L1304,Life Purpose,L1304.1,5,A5;C3;E1,24,,,
27142,,0,I1213,AP Microeconomics,I1213.2,7,B2;C5;E4,34,,,
27142,,0,I1212,AP Macroeconomics,I1212.2,7,B2;C5;E4,34,,,
27142,,0,J1203,Tech. and Innovation for Social Change,J1203.5,1,A1;B4;D2,22,,,
27142,,0,E1201,Physical Education and Health 12,E1201.2,4,A4;C2;D5,30,,,
27142,,0,ADVHS01,Advisory HS,ADVHS01.35,9,E3,48,,,
28057,,0,L1301,AP Psychology,L1301.3,6,B1;C4;E2,33,,,
28057,,0,OH1305,Art of Fiction Intermediate Level,OH1305.2,3,A3;C1;D4,40,,,
28057,,0,G1203,Español & Literatura 11,G1203.1,2,A2;B5;D3,36,,,
28057,,0,OI1305,Calculus,OI1305.5,8,B3;D1;E5,44,,,
28057,,0,A1105,Physics 11,A1105.4,1,A1;B4;D2,41,,,
28057,,0,E1101,Physical Education and Health 11,E1101.5,4,A4;C2;D5,27,,,
28057,,0,ADVHS01,Advisory HS,ADVHS01.26,9,E3,40,,,
28057,,0,C0904,Band Level I,C0904.4,7,B2;C5;E4,3,,,
30038,,0,J0901,Technology 9,J0901.2,3,A3;C1;D4,21,,,
30038,,0,OC1305,Painting I,OC1305.4,1,A1;B4;D2,46,,,
30038,,0,E0901,Physical Education and Health 9,E0901.5,7,B2;C5;E4,9,,,
30038,,0,A0901,Biology 9,A0901.6,4,A4;C2;D5,49,,,
30038,,0,H0904,English 9,H0904.2,8,B3;D1;E5,29,,,
30038,,0,B0901,Social Studies 9,B0901.1,5,A5;C3;E1,32,,,
30038,,0,G0901,Español & Literatura 9,G0901.1,2,A2;B5;D3,28,,,
30038,,0,I1003,Geometry,I1003.1,6,B1;C4;E2,35,,,
30038,,0,ADVHS01,Advisory HS,ADVHS01.34,9,E3,47,,,
28014,,0,I1204,AP Calculus AB,I1204.2,7,B2;C5;E4,44,,,
28014,,0,VHS0052,Spanish Film, Art, and Literature,VHS0052.2,1,A1;B4;D2,25,,,
28014,,0,OH1305,Art of Fiction Intermediate Level,OH1305.1,4,A4;C2;D5,23,,,
28014,,0,I1212,AP Macroeconomics,I1212.4,3,A3;C1;D4,34,,,
28014,,0,I1213,AP Microeconomics,I1213.4,3,A3;C1;D4,34,,,
28014,,0,A1105,Physics 11,A1105.3,6,B1;C4;E2,41,,,
28014,,0,E1101,Physical Education and Health 11,E1101.3,8,B3;D1;E5,27,,,
28014,,0,ADVHS01,Advisory HS,ADVHS01.3,9,E3,5,,,
28014,,0,OC1307,Drawing I,OC1307.1,5,A5;C3;E1,46,,,
29158,,0,H1001,English 10,H1001.2,5,A5;C3;E1,43,,,
29158,,0,OZ1323,AP Human Geography,OZ1323.5,2,A2;B5;D3,45,,,
29158,,0,E1001,Physical Education and Health 10,E1001.2,6,B1;C4;E2,12,,,
29158,,0,A1006,Chemistry 10,A1006.5,8,B3;D1;E5,38,,,
29158,,0,B1001,Social Sciences 10,B1001.3,3,A3;C1;D4,26,,,
29158,,0,I1003,Geometry,I1003.4,1,A1;B4;D2,42,,,
29158,,0,G1004,AP Spanish Language and Culture,G1004.4,7,B2;C5;E4,47,,,
29158,,0,ADVHS01,Advisory HS,ADVHS01.12,9,E3,23,,,
28039,,0,L1301,AP Psychology,L1301.2,3,A3;C1;D4,33,,,
28039,,0,OH1305,Art of Fiction Intermediate Level,OH1305.1,4,A4;C2;D5,23,,,
28039,,0,G1203,Español & Literatura 11,G1203.4,7,B2;C5;E4,36,,,
28039,,0,OI1305,Calculus,OI1305.4,6,B1;C4;E2,44,,,
28039,,0,A1105,Physics 11,A1105.4,1,A1;B4;D2,41,,,
28039,,0,E1101,Physical Education and Health 11,E1101.1,5,A5;C3;E1,27,,,
28039,,0,ADVHS01,Advisory HS,ADVHS01.14,9,E3,25,,,
27151,,0,L1303,Pensar nuestro tiempo,L1303.1,7,B2;C5;E4,24,,,
27151,,0,OB1532,AP Research,OB1532.1,2,A2;B5;D3,10,,,
27151,,0,OA1317,AP Chemistry,OA1317.1,6,B1;C4;E2,38,,,
27151,,0,OI1303,Financial Math,OI1303.1,4,A4;C2;D5,4,,,
27151,,0,OH1306,Art of Fiction Higher Level,OH1306.1,1,A1;B4;D2,23,,,
27151,,0,G1201,Español & Literatura 12,G1201.5,3,A3;C1;D4,25,,,
27151,,0,E1201,Physical Education and Health 12,E1201.5,8,B3;D1;E5,30,,,
27151,,0,ADVHS01,Advisory HS,ADVHS01.28,9,E3,42,,,
28044,,0,OA1319,AP Physics 1,OA1319.2,7,B2;C5;E4,31,,,
28044,,0,G1203,Español & Literatura 11,G1203.1,2,A2;B5;D3,36,,,
28044,,0,I1212,AP Macroeconomics,I1212.1,6,B1;C4;E2,34,,,
28044,,0,L1304,Life Purpose,L1304.1,5,A5;C3;E1,24,,,
28044,,0,I1213,AP Microeconomics,I1213.1,6,B1;C4;E2,34,,,
28044,,0,OI1305,Calculus,OI1305.5,8,B3;D1;E5,44,,,
28044,,0,E1101,Physical Education and Health 11,E1101.4,1,A1;B4;D2,27,,,
28044,,0,ADVHS01,Advisory HS,ADVHS01.18,9,E3,31,,,
28044,,0,H1206,AP English Language & Composition,H1206.1,3,A3;C1;D4,19,,,
29172,,0,H1001,English 10,H1001.4,8,B3;D1;E5,15,,,
29172,,0,OZ1323,AP Human Geography,OZ1323.4,7,B2;C5;E4,45,,,
29172,,0,E1001,Physical Education and Health 10,E1001.3,2,A2;B5;D3,12,,,
29172,,0,A1006,Chemistry 10,A1006.1,6,B1;C4;E2,7,,,
29172,,0,B1001,Social Sciences 10,B1001.5,1,A1;B4;D2,26,,,
29172,,0,I1003,Geometry,I1003.5,4,A4;C2;D5,42,,,
29172,,0,G1004,AP Spanish Language and Culture,G1004.3,3,A3;C1;D4,47,,,
29172,,0,ADVHS01,Advisory HS,ADVHS01.23,9,E3,36,,,
30021,,0,OC1306,Sculpture I,OC1306.1,3,A3;C1;D4,5,,,
30021,,0,J0901,Technology 9,J0901.1,6,B1;C4;E2,21,,,
30021,,0,I0903,Algebra I 9,I0903.3,4,A4;C2;D5,37,,,
30021,,0,E0901,Physical Education and Health 9,E0901.1,5,A5;C3;E1,9,,,
30021,,0,A0901,Biology 9,A0901.5,1,A1;B4;D2,49,,,
30021,,0,H0904,English 9,H0904.4,2,A2;B5;D3,29,,,
30021,,0,B0901,Social Studies 9,B0901.5,8,B3;D1;E5,40,,,
30021,,0,G0901,Español & Literatura 9,G0901.6,7,B2;C5;E4,48,,,
30021,,0,ADVHS01,Advisory HS,ADVHS01.19,9,E3,32,,,
30092,,0,J0903,FRC 9,J0903.3,3,A3;C1;D4,20,,,
30092,,0,OC1305,Painting I,OC1305.1,2,A2;B5;D3,5,,,
30092,,0,E0901,Physical Education and Health 9,E0901.4,4,A4;C2;D5,9,,,
30092,,0,A0901,Biology 9,A0901.1,5,A5;C3;E1,41,,,
30092,,0,H0904,English 9,H0904.5,1,A1;B4;D2,15,,,
30092,,0,B0901,Social Studies 9,B0901.6,6,B1;C4;E2,40,,,
30092,,0,G0901,Español & Literatura 9,G0901.7,8,B3;D1;E5,48,,,
30092,,0,I1003,Geometry,I1003.3,7,B2;C5;E4,42,,,
30092,,0,ADVHS01,Advisory HS,ADVHS01.3,9,E3,5,,,
29077,,0,H1001,English 10,H1001.3,2,A2;B5;D3,15,,,
29077,,0,OZ1323,AP Human Geography,OZ1323.1,1,A1;B4;D2,45,,,
29077,,0,E1001,Physical Education and Health 10,E1001.6,8,B3;D1;E5,12,,,
29077,,0,A1006,Chemistry 10,A1006.4,3,A3;C1;D4,38,,,
29077,,0,B1001,Social Sciences 10,B1001.1,6,B1;C4;E2,25,,,
29077,,0,G1004,AP Spanish Language and Culture,G1004.4,7,B2;C5;E4,47,,,
29077,,0,OI1003,Algebra II,OI1003.3,4,A4;C2;D5,8,,,
29077,,0,ADVHS01,Advisory HS,ADVHS01.6,9,E3,8,,,
27162,,0,OB1532,AP Research,OB1532.1,2,A2;B5;D3,10,,,
27162,,0,OA1322,AP Physics 2,OA1322.1,3,A3;C1;D4,31,,,
27162,,0,OH1501,Journalism Higher Level,OH1501.1,4,A4;C2;D5,43,,,
27162,,0,L1304,Life Purpose,L1304.2,1,A1;B4;D2,24,,,
27162,,0,OI1305,Calculus,OI1305.4,6,B1;C4;E2,44,,,
27162,,0,G1201,Español & Literatura 12,G1201.1,7,B2;C5;E4,6,,,
27162,,0,E1201,Physical Education and Health 12,E1201.5,8,B3;D1;E5,30,,,
27162,,0,ADVHS01,Advisory HS,ADVHS01.2,9,E3,4,,,
29148,,0,I1214,AP Seminar,I1214.2,5,A5;C3;E1,19,,,
29148,,0,OZ1323,AP Human Geography,OZ1323.3,6,B1;C4;E2,45,,,
29148,,0,OI1003,Algebra II,OI1003.2,1,A1;B4;D2,8,,,
29148,,0,E1001,Physical Education and Health 10,E1001.5,3,A3;C1;D4,12,,,
29148,,0,A1006,Chemistry 10,A1006.7,4,A4;C2;D5,38,,,
29148,,0,B1001,Social Sciences 10,B1001.4,8,B3;D1;E5,26,,,
29148,,0,G1004,AP Spanish Language and Culture,G1004.4,7,B2;C5;E4,47,,,
29148,,0,ADVHS01,Advisory HS,ADVHS01.35,9,E3,48,,,
29148,,0,OC1305,Painting I,OC1305.1,2,A2;B5;D3,5,,,
30125,,0,I0903,Algebra I 9,I0903.1,6,B1;C4;E2,37,,,
30125,,0,J0903,FRC 9,J0903.2,1,A1;B4;D2,20,,,
30125,,0,OC1305,Painting I,OC1305.3,5,A5;C3;E1,5,,,
30125,,0,E0901,Physical Education and Health 9,E0901.2,3,A3;C1;D4,9,,,
30125,,0,A0901,Biology 9,A0901.3,8,B3;D1;E5,49,,,
30125,,0,H0904,English 9,H0904.6,4,A4;C2;D5,15,,,
30125,,0,B0901,Social Studies 9,B0901.3,2,A2;B5;D3,32,,,
30125,,0,G0901,Español & Literatura 9,G0901.6,7,B2;C5;E4,48,,,
30125,,0,ADVHS01,Advisory HS,ADVHS01.18,9,E3,31,,,
30018,,0,J0901,Technology 9,J0901.3,5,A5;C3;E1,21,,,
30018,,0,C0904,Band Level I,C0904.1,6,B1;C4;E2,3,,,
30018,,0,E0901,Physical Education and Health 9,E0901.3,1,A1;B4;D2,9,,,
30018,,0,A0901,Biology 9,A0901.2,3,A3;C1;D4,41,,,
30018,,0,H0904,English 9,H0904.2,8,B3;D1;E5,29,,,
30018,,0,B0901,Social Studies 9,B0901.3,2,A2;B5;D3,32,,,
30018,,0,G0901,Español & Literatura 9,G0901.3,4,A4;C2;D5,28,,,
30018,,0,I1003,Geometry,I1003.3,7,B2;C5;E4,42,,,
30018,,0,ADVHS01,Advisory HS,ADVHS01.9,9,E3,20,,,
27029,,0,I1208,AP Calculus BC,I1208.1,4,A4;C2;D5,44,,,
27029,,0,OH1501,Journalism Higher Level,OH1501.2,7,B2;C5;E4,43,,,
27029,,0,OI1303,Financial Math,OI1303.2,5,A5;C3;E1,4,,,
27029,,0,A1204,Environmental Science,A1204.1,2,A2;B5;D3,13,,,
27029,,0,L1304,Life Purpose,L1304.2,1,A1;B4;D2,24,,,
27029,,0,J1203,Tech. and Innovation for Social Change,J1203.1,6,B1;C4;E2,20,,,
27029,,0,G1201,Español & Literatura 12,G1201.2,8,B3;D1;E5,6,,,
27029,,0,E1201,Physical Education and Health 12,E1201.6,3,A3;C1;D4,30,,,
27029,,0,ADVHS01,Advisory HS,ADVHS01.26,9,E3,40,,,
29156,,0,B1006,Cultural Studies,B1006.1,6,B1;C4;E2,32,,,
29156,,0,H1001,English 10,H1001.1,4,A4;C2;D5,29,,,
29156,,0,OI1003,Algebra II,OI1003.5,3,A3;C1;D4,8,,,
29156,,0,E1001,Physical Education and Health 10,E1001.1,5,A5;C3;E1,12,,,
29156,,0,A1006,Chemistry 10,A1006.6,1,A1;B4;D2,38,,,
29156,,0,B1001,Social Sciences 10,B1001.2,7,B2;C5;E4,25,,,
29156,,0,G1004,AP Spanish Language and Culture,G1004.2,2,A2;B5;D3,47,,,
29156,,0,ADVHS01,Advisory HS,ADVHS01.30,9,E3,15,,,
30069,,0,J0901,Technology 9,J0901.2,3,A3;C1;D4,21,,,
30069,,0,C0904,Band Level I,C0904.4,7,B2;C5;E4,3,,,
30069,,0,E0901,Physical Education and Health 9,E0901.6,8,B3;D1;E5,9,,,
30069,,0,A0901,Biology 9,A0901.5,1,A1;B4;D2,49,,,
30069,,0,H0904,English 9,H0904.4,2,A2;B5;D3,29,,,
30069,,0,B0901,Social Studies 9,B0901.1,5,A5;C3;E1,32,,,
30069,,0,G0901,Español & Literatura 9,G0901.3,4,A4;C2;D5,28,,,
30069,,0,I1003,Geometry,I1003.1,6,B1;C4;E2,35,,,
30069,,0,ADVHS01,Advisory HS,ADVHS01.14,9,E3,25,,,
29061,,0,I1214,AP Seminar,I1214.1,1,A1;B4;D2,19,,,
29061,,0,OZ1323,AP Human Geography,OZ1323.2,4,A4;C2;D5,45,,,
29061,,0,OI1003,Algebra II,OI1003.4,5,A5;C3;E1,8,,,
29061,,0,E1001,Physical Education and Health 10,E1001.2,6,B1;C4;E2,12,,,
29061,,0,A1006,Chemistry 10,A1006.3,7,B2;C5;E4,7,,,
29061,,0,B1001,Social Sciences 10,B1001.3,3,A3;C1;D4,26,,,
29061,,0,G1004,AP Spanish Language and Culture,G1004.2,2,A2;B5;D3,47,,,
29061,,0,ADVHS01,Advisory HS,ADVHS01.15,9,E3,26,,,
27108,,0,OA1317,AP Chemistry,OA1317.1,6,B1;C4;E2,38,,,
27108,,0,I1204,AP Calculus AB,I1204.2,7,B2;C5;E4,44,,,
27108,,0,OA1322,AP Physics 2,OA1322.2,8,B3;D1;E5,31,,,
27108,,0,OH1306,Art of Fiction Higher Level,OH1306.1,1,A1;B4;D2,23,,,
27108,,0,I1212,AP Macroeconomics,I1212.4,3,A3;C1;D4,34,,,
27108,,0,I1213,AP Microeconomics,I1213.4,3,A3;C1;D4,34,,,
27108,,0,J1203,Tech. and Innovation for Social Change,J1203.2,2,A2;B5;D3,20,,,
27108,,0,G1201,Español & Literatura 12,G1201.6,4,A4;C2;D5,36,,,
27108,,0,E1201,Physical Education and Health 12,E1201.3,5,A5;C3;E1,30,,,
27108,,0,ADVHS01,Advisory HS,ADVHS01.30,9,E3,15,,,
30045,,0,J0903,FRC 9,J0903.1,8,B3;D1;E5,20,,,
30045,,0,C0904,Band Level I,C0904.2,2,A2;B5;D3,3,,,
30045,,0,E0901,Physical Education and Health 9,E0901.5,7,B2;C5;E4,9,,,
30045,,0,A0901,Biology 9,A0901.4,6,B1;C4;E2,49,,,
30045,,0,B0901,Social Studies 9,B0901.2,3,A3;C1;D4,32,,,
30045,,0,G0901,Español & Literatura 9,G0901.4,5,A5;C3;E1,28,,,
30045,,0,I1003,Geometry,I1003.4,1,A1;B4;D2,42,,,
30045,,0,H0904,English 9,H0904.6,4,A4;C2;D5,15,,,
30045,,0,ADVHS01,Advisory HS,ADVHS01.4,9,E3,6,,,
30066,,0,I0903,Algebra I 9,I0903.2,2,A2;B5;D3,37,,,
30066,,0,J0903,FRC 9,J0903.3,3,A3;C1;D4,20,,,
30066,,0,OC1305,Painting I,OC1305.2,4,A4;C2;D5,5,,,
30066,,0,E0901,Physical Education and Health 9,E0901.1,5,A5;C3;E1,9,,,
30066,,0,A0901,Biology 9,A0901.3,8,B3;D1;E5,49,,,
30066,,0,H0904,English 9,H0904.1,7,B2;C5;E4,29,,,
30066,,0,B0901,Social Studies 9,B0901.4,1,A1;B4;D2,34,,,
30066,,0,ADVHS01,Advisory HS,ADVHS01.25,9,E3,38,,,
29132,,0,I1211,AP Precalculus,I1211.2,6,B1;C4;E2,4,,,
29132,,0,B1006,Cultural Studies,B1006.2,7,B2;C5;E4,32,,,
29132,,0,H1001,English 10,H1001.2,5,A5;C3;E1,43,,,
29132,,0,E1001,Physical Education and Health 10,E1001.3,2,A2;B5;D3,12,,,
29132,,0,A1006,Chemistry 10,A1006.5,8,B3;D1;E5,38,,,
29132,,0,B1001,Social Sciences 10,B1001.6,4,A4;C2;D5,26,,,
29132,,0,G1004,AP Spanish Language and Culture,G1004.3,3,A3;C1;D4,47,,,
29132,,0,ADVHS01,Advisory HS,ADVHS01.27,9,E3,41,,,
29132,,0,C0905,Band Level II,C0905.1,1,A1;B4;D2,3,,,
27179,,0,L1302,Introduction to Law,L1302.2,3,A3;C1;D4,24,,,
27179,,0,OI1303,Financial Math,OI1303.1,4,A4;C2;D5,4,,,
27179,,0,OH1306,Art of Fiction Higher Level,OH1306.2,7,B2;C5;E4,23,,,
27179,,0,A1204,Environmental Science,A1204.3,8,B3;D1;E5,13,,,
27179,,0,J1203,Tech. and Innovation for Social Change,J1203.4,5,A5;C3;E1,22,,,
27179,,0,G1201,Español & Literatura 12,G1201.4,1,A1;B4;D2,6,,,
27179,,0,E1201,Physical Education and Health 12,E1201.4,6,B1;C4;E2,30,,,
27179,,0,ADVHS01,Advisory HS,ADVHS01.11,9,E3,22,,,
27010,,0,OH1501,Journalism Higher Level,OH1501.1,4,A4;C2;D5,43,,,
27010,,0,A1204,Environmental Science,A1204.3,8,B3;D1;E5,13,,,
27010,,0,I1212,AP Macroeconomics,I1212.2,7,B2;C5;E4,34,,,
27010,,0,I1213,AP Microeconomics,I1213.2,7,B2;C5;E4,34,,,
27010,,0,J1203,Tech. and Innovation for Social Change,J1203.1,6,B1;C4;E2,20,,,
27010,,0,OI1305,Calculus,OI1305.2,5,A5;C3;E1,35,,,
27010,,0,G1201,Español & Literatura 12,G1201.5,3,A3;C1;D4,25,,,
27010,,0,ADVHS01,Advisory HS,ADVHS01.17,9,E3,29,,,
27010,,0,OC1310,Painting II,OC1310.2,2,A2;B5;D3,46,,,
30042,,0,I0903,Algebra I 9,I0903.1,6,B1;C4;E2,37,,,
30042,,0,C0904,Band Level I,C0904.3,3,A3;C1;D4,3,,,
30042,,0,J0901,Technology 9,J0901.3,5,A5;C3;E1,21,,,
30042,,0,E0901,Physical Education and Health 9,E0901.4,4,A4;C2;D5,9,,,
30042,,0,A0901,Biology 9,A0901.5,1,A1;B4;D2,49,,,
30042,,0,H0904,English 9,H0904.2,8,B3;D1;E5,29,,,
30042,,0,B0901,Social Studies 9,B0901.7,7,B2;C5;E4,40,,,
30042,,0,G0901,Español & Literatura 9,G0901.1,2,A2;B5;D3,28,,,
30042,,0,ADVHS01,Advisory HS,ADVHS01.1,9,E3,3,,,
29138,,0,B1006,Cultural Studies,B1006.1,6,B1;C4;E2,32,,,
29138,,0,I1214,AP Seminar,I1214.2,5,A5;C3;E1,19,,,
29138,,0,E1001,Physical Education and Health 10,E1001.4,7,B2;C5;E4,12,,,
29138,,0,B1001,Social Sciences 10,B1001.4,8,B3;D1;E5,26,,,
29138,,0,G1004,AP Spanish Language and Culture,G1004.6,4,A4;C2;D5,48,,,
29138,,0,OI1003,Algebra II,OI1003.1,2,A2;B5;D3,4,,,
29138,,0,A1006,Chemistry 10,A1006.6,1,A1;B4;D2,38,,,
29138,,0,ADVHS01,Advisory HS,ADVHS01.5,9,E3,7,,,
28043,,0,G1203,Español & Literatura 11,G1203.3,3,A3;C1;D4,36,,,
28043,,0,OH1305,Art of Fiction Intermediate Level,OH1305.3,2,A2;B5;D3,40,,,
28043,,0,L1304,Life Purpose,L1304.3,4,A4;C2;D5,33,,,
28043,,0,A1105,Physics 11,A1105.1,8,B3;D1;E5,7,,,
28043,,0,E1101,Physical Education and Health 11,E1101.4,1,A1;B4;D2,27,,,
28043,,0,OI1003,Algebra II,OI1003.6,6,B1;C4;E2,8,,,
28043,,0,ADVHS01,Advisory HS,ADVHS01.4,9,E3,6,,,
28043,,0,OC1310,Painting II,OC1310.1,7,B2;C5;E4,46,,,
27160,,0,I1204,AP Calculus AB,I1204.1,2,A2;B5;D3,44,,,
27160,,0,OA1322,AP Physics 2,OA1322.2,8,B3;D1;E5,31,,,
27160,,0,OH1306,Art of Fiction Higher Level,OH1306.2,7,B2;C5;E4,23,,,
27160,,0,L1304,Life Purpose,L1304.1,5,A5;C3;E1,24,,,
27160,,0,J1203,Tech. and Innovation for Social Change,J1203.1,6,B1;C4;E2,20,,,
27160,,0,G1201,Español & Literatura 12,G1201.6,4,A4;C2;D5,36,,,
27160,,0,E1201,Physical Education and Health 12,E1201.1,1,A1;B4;D2,30,,,
27160,,0,ADVHS01,Advisory HS,ADVHS01.22,9,E3,35,,,
27003,,0,OH1306,Art of Fiction Higher Level,OH1306.3,8,B3;D1;E5,23,,,
27003,,0,A1204,Environmental Science,A1204.2,6,B1;C4;E2,13,,,
27003,,0,L1304,Life Purpose,L1304.4,2,A2;B5;D3,33,,,
27003,,0,J1203,Tech. and Innovation for Social Change,J1203.3,7,B2;C5;E4,22,,,
27003,,0,OI1305,Calculus,OI1305.3,4,A4;C2;D5,35,,,
27003,,0,G1201,Español & Literatura 12,G1201.4,1,A1;B4;D2,6,,,
27003,,0,E1201,Physical Education and Health 12,E1201.3,5,A5;C3;E1,30,,,
27003,,0,ADVHS01,Advisory HS,ADVHS01.10,9,E3,21,,,
27090,,0,OA1317,AP Chemistry,OA1317.1,6,B1;C4;E2,38,,,
27090,,0,OH1501,Journalism Higher Level,OH1501.2,7,B2;C5;E4,43,,,
27090,,0,OI1303,Financial Math,OI1303.1,4,A4;C2;D5,4,,,
27090,,0,L1304,Life Purpose,L1304.2,1,A1;B4;D2,24,,,
27090,,0,J1203,Tech. and Innovation for Social Change,J1203.2,2,A2;B5;D3,20,,,
27090,,0,G1201,Español & Literatura 12,G1201.2,8,B3;D1;E5,6,,,
27090,,0,E1201,Physical Education and Health 12,E1201.3,5,A5;C3;E1,30,,,
27090,,0,ADVHS01,Advisory HS,ADVHS01.12,9,E3,23,,,
30120,,0,J0901,Technology 9,J0901.1,6,B1;C4;E2,21,,,
30120,,0,OC1305,Painting I,OC1305.4,1,A1;B4;D2,46,,,
30120,,0,E0901,Physical Education and Health 9,E0901.2,3,A3;C1;D4,9,,,
30120,,0,A0901,Biology 9,A0901.6,4,A4;C2;D5,49,,,
30120,,0,H0904,English 9,H0904.7,5,A5;C3;E1,15,,,
30120,,0,B0901,Social Studies 9,B0901.5,8,B3;D1;E5,40,,,
30120,,0,G0901,Español & Literatura 9,G0901.1,2,A2;B5;D3,28,,,
30120,,0,I1003,Geometry,I1003.3,7,B2;C5;E4,42,,,
30120,,0,ADVHS01,Advisory HS,ADVHS01.33,9,E3,46,,,
28048,,0,I1204,AP Calculus AB,I1204.1,2,A2;B5;D3,44,,,
28048,,0,OA1319,AP Physics 1,OA1319.1,5,A5;C3;E1,31,,,
28048,,0,L1301,AP Psychology,L1301.3,6,B1;C4;E2,33,,,
28048,,0,OH1305,Art of Fiction Intermediate Level,OH1305.2,3,A3;C1;D4,40,,,
28048,,0,G1203,Español & Literatura 11,G1203.4,7,B2;C5;E4,36,,,
28048,,0,E1101,Physical Education and Health 11,E1101.4,1,A1;B4;D2,27,,,
28048,,0,ADVHS01,Advisory HS,ADVHS01.25,9,E3,38,,,
30025,,0,J0903,FRC 9,J0903.2,1,A1;B4;D2,20,,,
30025,,0,OC1305,Painting I,OC1305.1,2,A2;B5;D3,5,,,
30025,,0,E0901,Physical Education and Health 9,E0901.6,8,B3;D1;E5,9,,,
30025,,0,A0901,Biology 9,A0901.1,5,A5;C3;E1,41,,,
30025,,0,H0904,English 9,H0904.3,6,B1;C4;E2,29,,,
30025,,0,B0901,Social Studies 9,B0901.2,3,A3;C1;D4,32,,,
30025,,0,G0901,Español & Literatura 9,G0901.3,4,A4;C2;D5,28,,,
30025,,0,I1003,Geometry,I1003.3,7,B2;C5;E4,42,,,
30025,,0,ADVHS01,Advisory HS,ADVHS01.21,9,E3,34,,,
28072,,0,OH1401,Journalism Intermediate Level,OH1401.1,6,B1;C4;E2,43,,,
28072,,0,L1301,AP Psychology,L1301.1,5,A5;C3;E1,33,,,
28072,,0,G1203,Español & Literatura 11,G1203.3,3,A3;C1;D4,36,,,
28072,,0,A1105,Physics 11,A1105.5,4,A4;C2;D5,41,,,
28072,,0,E1101,Physical Education and Health 11,E1101.2,7,B2;C5;E4,27,,,
28072,,0,OI1003,Algebra II,OI1003.2,1,A1;B4;D2,8,,,
28072,,0,ADVHS01,Advisory HS,ADVHS01.1,9,E3,3,,,
28072,,0,C0904,Band Level I,C0904.2,2,A2;B5;D3,3,,,
29025,,0,H1001,English 10,H1001.4,8,B3;D1;E5,15,,,
29025,,0,OZ1323,AP Human Geography,OZ1323.5,2,A2;B5;D3,45,,,
29025,,0,E1001,Physical Education and Health 10,E1001.5,3,A3;C1;D4,12,,,
29025,,0,A1006,Chemistry 10,A1006.1,6,B1;C4;E2,7,,,
29025,,0,B1001,Social Sciences 10,B1001.7,5,A5;C3;E1,26,,,
29025,,0,I1003,Geometry,I1003.4,1,A1;B4;D2,42,,,
29025,,0,G1004,AP Spanish Language and Culture,G1004.4,7,B2;C5;E4,47,,,
29025,,0,ADVHS01,Advisory HS,ADVHS01.34,9,E3,47,,,
29025,,0,OC1305,Painting I,OC1305.2,4,A4;C2;D5,5,,,
29155,,0,I1214,AP Seminar,I1214.2,5,A5;C3;E1,19,,,
29155,,0,OZ1323,AP Human Geography,OZ1323.2,4,A4;C2;D5,45,,,
29155,,0,OI1003,Algebra II,OI1003.1,2,A2;B5;D3,4,,,
29155,,0,E1001,Physical Education and Health 10,E1001.2,6,B1;C4;E2,12,,,
29155,,0,A1006,Chemistry 10,A1006.6,1,A1;B4;D2,38,,,
29155,,0,B1001,Social Sciences 10,B1001.2,7,B2;C5;E4,25,,,
29155,,0,I1003,Geometry,I1003.6,8,B3;D1;E5,42,,,
29155,,0,G1004,AP Spanish Language and Culture,G1004.3,3,A3;C1;D4,47,,,
29155,,0,ADVHS01,Advisory HS,ADVHS01.32,9,E3,45,,,
27083,,0,L1303,Pensar nuestro tiempo,L1303.1,7,B2;C5;E4,24,,,
27083,,0,OA1322,AP Physics 2,OA1322.1,3,A3;C1;D4,31,,,
27083,,0,OH1306,Art of Fiction Higher Level,OH1306.1,1,A1;B4;D2,23,,,
27083,,0,J1203,Tech. and Innovation for Social Change,J1203.2,2,A2;B5;D3,20,,,
27083,,0,OI1305,Calculus,OI1305.2,5,A5;C3;E1,35,,,
27083,,0,G1201,Español & Literatura 12,G1201.6,4,A4;C2;D5,36,,,
27083,,0,E1201,Physical Education and Health 12,E1201.5,8,B3;D1;E5,30,,,
27083,,0,ADVHS01,Advisory HS,ADVHS01.19,9,E3,32,,,
30139,,0,I0903,Algebra I 9,I0903.3,4,A4;C2;D5,37,,,
30139,,0,J0903,FRC 9,J0903.1,8,B3;D1;E5,20,,,
30139,,0,C0904,Band Level I,C0904.4,7,B2;C5;E4,3,,,
30139,,0,E0901,Physical Education and Health 9,E0901.3,1,A1;B4;D2,9,,,
30139,,0,A0901,Biology 9,A0901.2,3,A3;C1;D4,41,,,
30139,,0,H0904,English 9,H0904.4,2,A2;B5;D3,29,,,
30139,,0,B0901,Social Studies 9,B0901.6,6,B1;C4;E2,40,,,
30139,,0,G0901,Español & Literatura 9,G0901.4,5,A5;C3;E1,28,,,
30139,,0,ADVHS01,Advisory HS,ADVHS01.17,9,E3,29,,,
27107,,0,L1303,Pensar nuestro tiempo,L1303.1,7,B2;C5;E4,24,,,
27107,,0,OH1501,Journalism Higher Level,OH1501.1,4,A4;C2;D5,43,,,
27107,,0,A1204,Environmental Science,A1204.1,2,A2;B5;D3,13,,,
27107,,0,J1203,Tech. and Innovation for Social Change,J1203.4,5,A5;C3;E1,22,,,
27107,,0,OI1305,Calculus,OI1305.5,8,B3;D1;E5,44,,,
27107,,0,G1201,Español & Literatura 12,G1201.4,1,A1;B4;D2,6,,,
27107,,0,E1201,Physical Education and Health 12,E1201.6,3,A3;C1;D4,30,,,
27107,,0,ADVHS01,Advisory HS,ADVHS01.3,9,E3,5,,,
29040,,0,B1001,Social Sciences 10,B1001.7,5,A5;C3;E1,26,,,
29040,,0,I1214,AP Seminar,I1214.3,6,B1;C4;E2,19,,,
29040,,0,A1006,Chemistry 10,A1006.2,2,A2;B5;D3,7,,,
29040,,0,G1004,AP Spanish Language and Culture,G1004.3,3,A3;C1;D4,47,,,
29040,,0,OI1003,Algebra II,OI1003.2,1,A1;B4;D2,8,,,
29040,,0,ADVHS01,Advisory HS,ADVHS01.9,9,E3,20,,,
29040,,0,OC1305,Painting I,OC1305.2,4,A4;C2;D5,5,,,
28065,,0,OH1305,Art of Fiction Intermediate Level,OH1305.3,2,A2;B5;D3,40,,,
28065,,0,G1203,Español & Literatura 11,G1203.4,7,B2;C5;E4,36,,,
28065,,0,I1212,AP Macroeconomics,I1212.4,3,A3;C1;D4,34,,,
28065,,0,I1213,AP Microeconomics,I1213.4,3,A3;C1;D4,34,,,
28065,,0,A1105,Physics 11,A1105.5,4,A4;C2;D5,41,,,
28065,,0,E1101,Physical Education and Health 11,E1101.3,8,B3;D1;E5,27,,,
28065,,0,OI1003,Algebra II,OI1003.2,1,A1;B4;D2,8,,,
28065,,0,ADVHS01,Advisory HS,ADVHS01.9,9,E3,20,,,
29131,,0,H1001,English 10,H1001.1,4,A4;C2;D5,29,,,
29131,,0,OZ1323,AP Human Geography,OZ1323.4,7,B2;C5;E4,45,,,
29131,,0,OI1003,Algebra II,OI1003.6,6,B1;C4;E2,8,,,
29131,,0,E1001,Physical Education and Health 10,E1001.6,8,B3;D1;E5,12,,,
29131,,0,G1004,AP Spanish Language and Culture,G1004.5,5,A5;C3;E1,47,,,
29131,,0,A1006,Chemistry 10,A1006.4,3,A3;C1;D4,38,,,
29131,,0,B1001,Social Sciences 10,B1001.5,1,A1;B4;D2,26,,,
29131,,0,ADVHS01,Advisory HS,ADVHS01.18,9,E3,31,,,
29131,,0,OZ1207,Anatomy and Physiology,OZ1207.2,2,A2;B5;D3,49,,,
30080,,0,OC1307,Drawing I,OC1307.1,5,A5;C3;E1,46,,,
30080,,0,J0903,FRC 9,J0903.3,3,A3;C1;D4,20,,,
30080,,0,E0901,Physical Education and Health 9,E0901.5,7,B2;C5;E4,9,,,
30080,,0,A0901,Biology 9,A0901.4,6,B1;C4;E2,49,,,
30080,,0,H0904,English 9,H0904.5,1,A1;B4;D2,15,,,
30080,,0,B0901,Social Studies 9,B0901.5,8,B3;D1;E5,40,,,
30080,,0,G0901,Español & Literatura 9,G0901.3,4,A4;C2;D5,28,,,
30080,,0,I1003,Geometry,I1003.2,2,A2;B5;D3,35,,,
30080,,0,ADVHS01,Advisory HS,ADVHS01.8,9,E3,19,,,
27017,,0,OH1501,Journalism Higher Level,OH1501.1,4,A4;C2;D5,43,,,
27017,,0,A1204,Environmental Science,A1204.1,2,A2;B5;D3,13,,,
27017,,0,L1304,Life Purpose,L1304.1,5,A5;C3;E1,24,,,
27017,,0,J1203,Tech. and Innovation for Social Change,J1203.3,7,B2;C5;E4,22,,,
27017,,0,OI1305,Calculus,OI1305.5,8,B3;D1;E5,44,,,
27017,,0,G1201,Español & Literatura 12,G1201.5,3,A3;C1;D4,25,,,
27017,,0,E1201,Physical Education and Health 12,E1201.1,1,A1;B4;D2,30,,,
27017,,0,ADVHS01,Advisory HS,ADVHS01.28,9,E3,42,,,
27008,,0,VHS0052,Spanish Film, Art, and Literature,VHS0052.1,8,B3;D1;E5,25,,,
27008,,0,OH1305,Art of Fiction Intermediate Level,OH1305.2,3,A3;C1;D4,40,,,
27008,,0,I1212,AP Macroeconomics,I1212.2,7,B2;C5;E4,34,,,
27008,,0,I1213,AP Microeconomics,I1213.2,7,B2;C5;E4,34,,,
27008,,0,A1105,Physics 11,A1105.2,2,A2;B5;D3,31,,,
27008,,0,E1101,Physical Education and Health 11,E1101.1,5,A5;C3;E1,27,,,
27008,,0,OI1003,Algebra II,OI1003.3,4,A4;C2;D5,8,,,
27008,,0,ADVHS01,Advisory HS,ADVHS01.26,9,E3,40,,,
27008,,0,OC1305,Painting I,OC1305.4,1,A1;B4;D2,46,,,
28025,,0,VHS0052,Spanish Film, Art, and Literature,VHS0052.2,1,A1;B4;D2,25,,,
28025,,0,OH1305,Art of Fiction Intermediate Level,OH1305.1,4,A4;C2;D5,23,,,
28025,,0,I1212,AP Macroeconomics,I1212.3,8,B3;D1;E5,34,,,
28025,,0,I1213,AP Microeconomics,I1213.3,8,B3;D1;E5,34,,,
28025,,0,A1105,Physics 11,A1105.3,6,B1;C4;E2,41,,,
28025,,0,E1101,Physical Education and Health 11,E1101.2,7,B2;C5;E4,27,,,
28025,,0,OI1003,Algebra II,OI1003.1,2,A2;B5;D3,4,,,
28025,,0,ADVHS01,Advisory HS,ADVHS01.14,9,E3,25,,,
28025,,0,OJ1203,Entrepreneurship Business Technology,OJ1203.1,3,A3;C1;D4,22,,,
30006,,0,I0903,Algebra I 9,I0903.2,2,A2;B5;D3,37,,,
30006,,0,J0903,FRC 9,J0903.2,1,A1;B4;D2,20,,,
30006,,0,C0904,Band Level I,C0904.1,6,B1;C4;E2,3,,,
30006,,0,E0901,Physical Education and Health 9,E0901.2,3,A3;C1;D4,9,,,
30006,,0,A0901,Biology 9,A0901.6,4,A4;C2;D5,49,,,
30006,,0,H0904,English 9,H0904.1,7,B2;C5;E4,29,,,
30006,,0,B0901,Social Studies 9,B0901.1,5,A5;C3;E1,32,,,
30006,,0,G0901,Español & Literatura 9,G0901.7,8,B3;D1;E5,48,,,
30006,,0,ADVHS01,Advisory HS,ADVHS01.29,9,E3,43,,,
29145,,0,B1006,Cultural Studies,B1006.1,6,B1;C4;E2,32,,,
29145,,0,H1001,English 10,H1001.3,2,A2;B5;D3,15,,,
29145,,0,E1001,Physical Education and Health 10,E1001.1,5,A5;C3;E1,12,,,
29145,,0,A1006,Chemistry 10,A1006.7,4,A4;C2;D5,38,,,
29145,,0,B1001,Social Sciences 10,B1001.3,3,A3;C1;D4,26,,,
29145,,0,I1003,Geometry,I1003.6,8,B3;D1;E5,42,,,
29145,,0,G1004,AP Spanish Language and Culture,G1004.1,1,A1;B4;D2,47,,,
29145,,0,ADVHS01,Advisory HS,ADVHS01.26,9,E3,40,,,
29145,,0,C0904,Band Level I,C0904.4,7,B2;C5;E4,3,,,
27134,,0,OA1304,AP Biology,OA1304.1,4,A4;C2;D5,7,,,
27134,,0,OB1532,AP Research,OB1532.1,2,A2;B5;D3,10,,,
27134,,0,H1201B,AP English Literature and Composition,H1201B.2,0,,23,,,
27134,,0,L1304,Life Purpose,L1304.2,1,A1;B4;D2,24,,,
27134,,0,OI1305,Calculus,OI1305.1,7,B2;C5;E4,35,,,
27134,,0,G1201,Español & Literatura 12,G1201.2,8,B3;D1;E5,6,,,
27134,,0,E1201,Physical Education and Health 12,E1201.3,5,A5;C3;E1,30,,,
27134,,0,ADVHS01,Advisory HS,ADVHS01.14,9,E3,25,,,
28007,,0,OH1305,Art of Fiction Intermediate Level,OH1305.3,2,A2;B5;D3,40,,,
28007,,0,G1203,Español & Literatura 11,G1203.4,7,B2;C5;E4,36,,,
28007,,0,I1212,AP Macroeconomics,I1212.3,8,B3;D1;E5,34,,,
28007,,0,L1304,Life Purpose,L1304.3,4,A4;C2;D5,33,,,
28007,,0,I1213,AP Microeconomics,I1213.3,8,B3;D1;E5,34,,,
28007,,0,A1105,Physics 11,A1105.4,1,A1;B4;D2,41,,,
28007,,0,E1101,Physical Education and Health 11,E1101.1,5,A5;C3;E1,27,,,
28007,,0,OI1003,Algebra II,OI1003.5,3,A3;C1;D4,8,,,
28007,,0,ADVHS01,Advisory HS,ADVHS01.13,9,E3,24,,,
27097,,0,OA1322,AP Physics 2,OA1322.1,3,A3;C1;D4,31,,,
27097,,0,OB1520,AP Statistics,OB1520.1,8,B3;D1;E5,37,,,
27097,,0,OH1501,Journalism Higher Level,OH1501.1,4,A4;C2;D5,43,,,
27097,,0,OI1303,Financial Math,OI1303.2,5,A5;C3;E1,4,,,
27097,,0,L1304,Life Purpose,L1304.4,2,A2;B5;D3,33,,,
27097,,0,J1203,Tech. and Innovation for Social Change,J1203.5,1,A1;B4;D2,22,,,
27097,,0,G1201,Español & Literatura 12,G1201.1,7,B2;C5;E4,6,,,
27097,,0,E1201,Physical Education and Health 12,E1201.4,6,B1;C4;E2,30,,,
27097,,0,ADVHS01,Advisory HS,ADVHS01.7,9,E3,13,,,
30135,,0,J0901,Technology 9,J0901.2,3,A3;C1;D4,21,,,
30135,,0,OC1305,Painting I,OC1305.3,5,A5;C3;E1,5,,,
30135,,0,E0901,Physical Education and Health 9,E0901.4,4,A4;C2;D5,9,,,
30135,,0,A0901,Biology 9,A0901.3,8,B3;D1;E5,49,,,
30135,,0,H0904,English 9,H0904.3,6,B1;C4;E2,29,,,
30135,,0,B0901,Social Studies 9,B0901.4,1,A1;B4;D2,34,,,
30135,,0,G0901,Español & Literatura 9,G0901.6,7,B2;C5;E4,48,,,
30135,,0,I1003,Geometry,I1003.2,2,A2;B5;D3,35,,,
30135,,0,ADVHS01,Advisory HS,ADVHS01.24,9,E3,37,,,
28063,,0,VHS0052,Spanish Film, Art, and Literature,VHS0052.1,8,B3;D1;E5,25,,,
28063,,0,OH1305,Art of Fiction Intermediate Level,OH1305.2,3,A3;C1;D4,40,,,
28063,,0,L1304,Life Purpose,L1304.4,2,A2;B5;D3,33,,,
28063,,0,OI1305,Calculus,OI1305.1,7,B2;C5;E4,35,,,
28063,,0,A1105,Physics 11,A1105.4,1,A1;B4;D2,41,,,
28063,,0,E1101,Physical Education and Health 11,E1101.6,6,B1;C4;E2,27,,,
28063,,0,ADVHS01,Advisory HS,ADVHS01.33,9,E3,46,,,
27079,,0,OA1322,AP Physics 2,OA1322.1,3,A3;C1;D4,31,,,
27079,,0,OH1501,Journalism Higher Level,OH1501.2,7,B2;C5;E4,43,,,
27079,,0,OI1303,Financial Math,OI1303.2,5,A5;C3;E1,4,,,
27079,,0,OB1520,AP Statistics,OB1520.1,8,B3;D1;E5,37,,,
27079,,0,I1212,AP Macroeconomics,I1212.1,6,B1;C4;E2,34,,,
27079,,0,I1213,AP Microeconomics,I1213.1,6,B1;C4;E2,34,,,
27079,,0,G1201,Español & Literatura 12,G1201.6,4,A4;C2;D5,36,,,
27079,,0,E1201,Physical Education and Health 12,E1201.1,1,A1;B4;D2,30,,,
27079,,0,ADVHS01,Advisory HS,ADVHS01.8,9,E3,19,,,
27079,,0,J1203,Tech. and Innovation for Social Change,J1203.2,2,A2;B5;D3,20,,,
29007,,0,H1001,English 10,H1001.2,5,A5;C3;E1,43,,,
29007,,0,OZ1323,AP Human Geography,OZ1323.1,1,A1;B4;D2,45,,,
29007,,0,E1001,Physical Education and Health 10,E1001.2,6,B1;C4;E2,12,,,
29007,,0,A1006,Chemistry 10,A1006.3,7,B2;C5;E4,7,,,
29007,,0,G1004,AP Spanish Language and Culture,G1004.3,3,A3;C1;D4,47,,,
29007,,0,B1001,Social Sciences 10,B1001.6,4,A4;C2;D5,26,,,
29007,,0,I1003,Geometry,I1003.6,8,B3;D1;E5,42,,,
29007,,0,ADVHS01,Advisory HS,ADVHS01.4,9,E3,6,,,
29007,,0,OC1305,Painting I,OC1305.1,2,A2;B5;D3,5,,,
29012,,0,H1001,English 10,H1001.4,8,B3;D1;E5,15,,,
29012,,0,OZ1323,AP Human Geography,OZ1323.3,6,B1;C4;E2,45,,,
29012,,0,OI1003,Algebra II,OI1003.3,4,A4;C2;D5,8,,,
29012,,0,E1001,Physical Education and Health 10,E1001.4,7,B2;C5;E4,12,,,
29012,,0,A1006,Chemistry 10,A1006.2,2,A2;B5;D3,7,,,
29012,,0,B1001,Social Sciences 10,B1001.5,1,A1;B4;D2,26,,,
29012,,0,G1004,AP Spanish Language and Culture,G1004.5,5,A5;C3;E1,47,,,
29012,,0,ADVHS01,Advisory HS,ADVHS01.25,9,E3,38,,,
30111,,0,J0903,FRC 9,J0903.1,8,B3;D1;E5,20,,,
30111,,0,OC1305,Painting I,OC1305.2,4,A4;C2;D5,5,,,
30111,,0,E0901,Physical Education and Health 9,E0901.1,5,A5;C3;E1,9,,,
30111,,0,A0901,Biology 9,A0901.2,3,A3;C1;D4,41,,,
30111,,0,B0901,Social Studies 9,B0901.4,1,A1;B4;D2,34,,,
30111,,0,H0904,English 9,H0904.1,7,B2;C5;E4,29,,,
30111,,0,G0901,Español & Literatura 9,G0901.1,2,A2;B5;D3,28,,,
30111,,0,I1003,Geometry,I1003.1,6,B1;C4;E2,35,,,
30111,,0,ADVHS01,Advisory HS,ADVHS01.36,9,E3,49,,,
28118,,0,I1204,AP Calculus AB,I1204.2,7,B2;C5;E4,44,,,
28118,,0,H1206,AP English Language & Composition,H1206.1,3,A3;C1;D4,19,,,
28118,,0,L1301,AP Psychology,L1301.1,5,A5;C3;E1,33,,,
28118,,0,G1203,Español & Literatura 11,G1203.1,2,A2;B5;D3,36,,,
28118,,0,I1212,AP Macroeconomics,I1212.3,8,B3;D1;E5,34,,,
28118,,0,I1213,AP Microeconomics,I1213.3,8,B3;D1;E5,34,,,
28118,,0,A1105,Physics 11,A1105.4,1,A1;B4;D2,41,,,
28118,,0,E1101,Physical Education and Health 11,E1101.6,6,B1;C4;E2,27,,,
28118,,0,ADVHS01,Advisory HS,ADVHS01.29,9,E3,43,,,
27007,,0,L1302,Introduction to Law,L1302.1,4,A4;C2;D5,24,,,
27007,,0,OH1305,Art of Fiction Intermediate Level,OH1305.3,2,A2;B5;D3,40,,,
27007,,0,L1301,AP Psychology,L1301.3,6,B1;C4;E2,33,,,
27007,,0,G1203,Español & Literatura 11,G1203.3,3,A3;C1;D4,36,,,
27007,,0,OI1305,Calculus,OI1305.1,7,B2;C5;E4,35,,,
27007,,0,A1105,Physics 11,A1105.1,8,B3;D1;E5,7,,,
27007,,0,E1101,Physical Education and Health 11,E1101.4,1,A1;B4;D2,27,,,
27007,,0,ADVHS01,Advisory HS,ADVHS01.1,9,E3,3,,,
27014,,0,G1202,AP Spanish Literature and Culture,G1202.1,3,A3;C1;D4,6,,,
27014,,0,OA1322,AP Physics 2,OA1322.2,8,B3;D1;E5,31,,,
27014,,0,OB1520,AP Statistics,OB1520.2,5,A5;C3;E1,37,,,
27014,,0,OH1501,Journalism Higher Level,OH1501.2,7,B2;C5;E4,43,,,
27014,,0,L1304,Life Purpose,L1304.4,2,A2;B5;D3,33,,,
27014,,0,J1203,Tech. and Innovation for Social Change,J1203.5,1,A1;B4;D2,22,,,
27014,,0,E1201,Physical Education and Health 12,E1201.2,4,A4;C2;D5,30,,,
27014,,0,ADVHS01,Advisory HS,ADVHS01.23,9,E3,36,,,
30119,,0,J0901,Technology 9,J0901.1,6,B1;C4;E2,21,,,
30119,,0,OC1305,Painting I,OC1305.4,1,A1;B4;D2,46,,,
30119,,0,E0901,Physical Education and Health 9,E0901.6,8,B3;D1;E5,9,,,
30119,,0,A0901,Biology 9,A0901.1,5,A5;C3;E1,41,,,
30119,,0,H0904,English 9,H0904.6,4,A4;C2;D5,15,,,
30119,,0,B0901,Social Studies 9,B0901.2,3,A3;C1;D4,32,,,
30119,,0,G0901,Español & Literatura 9,G0901.6,7,B2;C5;E4,48,,,
30119,,0,I1003,Geometry,I1003.2,2,A2;B5;D3,35,,,
30119,,0,ADVHS01,Advisory HS,ADVHS01.20,9,E3,33,,,
30004,,0,J0901,Technology 9,J0901.2,3,A3;C1;D4,21,,,
30004,,0,I0903,Algebra I 9,I0903.3,4,A4;C2;D5,37,,,
30004,,0,E0901,Physical Education and Health 9,E0901.3,1,A1;B4;D2,9,,,
30004,,0,A0901,Biology 9,A0901.4,6,B1;C4;E2,49,,,
30004,,0,OC1305,Painting I,OC1305.1,2,A2;B5;D3,5,,,
30004,,0,H0904,English 9,H0904.7,5,A5;C3;E1,15,,,
30004,,0,B0901,Social Studies 9,B0901.5,8,B3;D1;E5,40,,,
30004,,0,G0901,Español & Literatura 9,G0901.6,7,B2;C5;E4,48,,,
30004,,0,ADVHS01,Advisory HS,ADVHS01.16,9,E3,28,,,
30166,,0,J0901,Technology 9,J0901.3,5,A5;C3;E1,21,,,
30166,,0,I0903,Algebra I 9,I0903.1,6,B1;C4;E2,37,,,
30166,,0,OC1305,Painting I,OC1305.2,4,A4;C2;D5,5,,,
30166,,0,E0901,Physical Education and Health 9,E0901.5,7,B2;C5;E4,9,,,
30166,,0,A0901,Biology 9,A0901.5,1,A1;B4;D2,49,,,
30166,,0,H0904,English 9,H0904.2,8,B3;D1;E5,29,,,
30166,,0,B0901,Social Studies 9,B0901.2,3,A3;C1;D4,32,,,
30166,,0,G0901,Español & Literatura 9,G0901.1,2,A2;B5;D3,28,,,
30166,,0,ADVHS01,Advisory HS,ADVHS01.31,9,E3,44,,,
28142,,0,VHS0052,Spanish Film, Art, and Literature,VHS0052.1,8,B3;D1;E5,25,,,
28142,,0,I1212,AP Macroeconomics,I1212.1,6,B1;C4;E2,34,,,
28142,,0,OH1305,Art of Fiction Intermediate Level,OH1305.3,2,A2;B5;D3,40,,,
28142,,0,I1213,AP Microeconomics,I1213.1,6,B1;C4;E2,34,,,
28142,,0,A1105,Physics 11,A1105.4,1,A1;B4;D2,41,,,
28142,,0,OI1305,Calculus,OI1305.2,5,A5;C3;E1,35,,,
28142,,0,E1101,Physical Education and Health 11,E1101.2,7,B2;C5;E4,27,,,
28142,,0,ADVHS01,Advisory HS,ADVHS01.4,9,E3,6,,,
28142,,0,OJ1203,Entrepreneurship Business Technology,OJ1203.1,3,A3;C1;D4,22,,,
27052,,0,OH1306,Art of Fiction Higher Level,OH1306.2,7,B2;C5;E4,23,,,
27052,,0,A1204,Environmental Science,A1204.2,6,B1;C4;E2,13,,,
27052,,0,I1212,AP Macroeconomics,I1212.4,3,A3;C1;D4,34,,,
27052,,0,I1213,AP Microeconomics,I1213.4,3,A3;C1;D4,34,,,
27052,,0,J1203,Tech. and Innovation for Social Change,J1203.5,1,A1;B4;D2,22,,,
27052,,0,OI1305,Calculus,OI1305.3,4,A4;C2;D5,35,,,
27052,,0,G1201,Español & Literatura 12,G1201.2,8,B3;D1;E5,6,,,
27052,,0,E1201,Physical Education and Health 12,E1201.3,5,A5;C3;E1,30,,,
27052,,0,ADVHS01,Advisory HS,ADVHS01.13,9,E3,24,,,
27052,,0,OC1310,Painting II,OC1310.2,2,A2;B5;D3,46,,,
30095,,0,J0903,FRC 9,J0903.3,3,A3;C1;D4,20,,,
30095,,0,C0904,Band Level I,C0904.2,2,A2;B5;D3,3,,,
30095,,0,E0901,Physical Education and Health 9,E0901.1,5,A5;C3;E1,9,,,
30095,,0,A0901,Biology 9,A0901.6,4,A4;C2;D5,49,,,
30095,,0,H0904,English 9,H0904.5,1,A1;B4;D2,15,,,
30095,,0,B0901,Social Studies 9,B0901.6,6,B1;C4;E2,40,,,
30095,,0,G0901,Español & Literatura 9,G0901.7,8,B3;D1;E5,48,,,
30095,,0,I1003,Geometry,I1003.3,7,B2;C5;E4,42,,,
30095,,0,ADVHS01,Advisory HS,ADVHS01.12,9,E3,23,,,
28052,,0,L1303,Pensar nuestro tiempo,L1303.1,7,B2;C5;E4,24,,,
28052,,0,VHS0052,Spanish Film, Art, and Literature,VHS0052.1,8,B3;D1;E5,25,,,
28052,,0,OA1319,AP Physics 1,OA1319.1,5,A5;C3;E1,31,,,
28052,,0,I1214,AP Seminar,I1214.3,6,B1;C4;E2,19,,,
28052,,0,OI1305,Calculus,OI1305.3,4,A4;C2;D5,35,,,
28052,,0,E1101,Physical Education and Health 11,E1101.4,1,A1;B4;D2,27,,,
28052,,0,ADVHS01,Advisory HS,ADVHS01.28,9,E3,42,,,
28052,,0,OC1305,Painting I,OC1305.1,2,A2;B5;D3,5,,,
29029,,0,B1006,Cultural Studies,B1006.2,7,B2;C5;E4,32,,,
29029,,0,H1001,English 10,H1001.1,4,A4;C2;D5,29,,,
29029,,0,E1001,Physical Education and Health 10,E1001.3,2,A2;B5;D3,12,,,
29029,,0,A1006,Chemistry 10,A1006.1,6,B1;C4;E2,7,,,
29029,,0,B1001,Social Sciences 10,B1001.4,8,B3;D1;E5,26,,,
29029,,0,I1003,Geometry,I1003.4,1,A1;B4;D2,42,,,
29029,,0,G1004,AP Spanish Language and Culture,G1004.5,5,A5;C3;E1,47,,,
29029,,0,ADVHS01,Advisory HS,ADVHS01.33,9,E3,46,,,
27164,,0,H1201B,AP English Literature and Composition,H1201B.1,3,A3;C1;D4,23,,,
27164,,0,A1204,Environmental Science,A1204.2,6,B1;C4;E2,13,,,
27164,,0,J1203,Tech. and Innovation for Social Change,J1203.4,5,A5;C3;E1,22,,,
27164,,0,OI1305,Calculus,OI1305.1,7,B2;C5;E4,35,,,
27164,,0,L1304,Life Purpose,L1304.3,4,A4;C2;D5,33,,,
27164,,0,G1201,Español & Literatura 12,G1201.3,2,A2;B5;D3,6,,,
27164,,0,E1201,Physical Education and Health 12,E1201.5,8,B3;D1;E5,30,,,
27164,,0,ADVHS01,Advisory HS,ADVHS01.6,9,E3,8,,,
27023,,0,L1303,Pensar nuestro tiempo,L1303.1,7,B2;C5;E4,24,,,
27023,,0,I1208,AP Calculus BC,I1208.1,4,A4;C2;D5,44,,,
27023,,0,OB1532,AP Research,OB1532.1,2,A2;B5;D3,10,,,
27023,,0,OA1322,AP Physics 2,OA1322.2,8,B3;D1;E5,31,,,
27023,,0,H1201B,AP English Literature and Composition,H1201B.1,3,A3;C1;D4,23,,,
27023,,0,G1201,Español & Literatura 12,G1201.4,1,A1;B4;D2,6,,,
27023,,0,E1201,Physical Education and Health 12,E1201.4,6,B1;C4;E2,30,,,
27023,,0,ADVHS01,Advisory HS,ADVHS01.21,9,E3,34,,,
29100,,0,I0903,Algebra I 9,I0903.2,2,A2;B5;D3,37,,,
29100,,0,J0903,FRC 9,J0903.2,1,A1;B4;D2,20,,,
29100,,0,C0904,Band Level I,C0904.1,6,B1;C4;E2,3,,,
29100,,0,E0901,Physical Education and Health 9,E0901.2,3,A3;C1;D4,9,,,
29100,,0,A0901,Biology 9,A0901.1,5,A5;C3;E1,41,,,
29100,,0,H0904,English 9,H0904.6,4,A4;C2;D5,15,,,
29100,,0,B0901,Social Studies 9,B0901.7,7,B2;C5;E4,40,,,
29100,,0,G0901,Español & Literatura 9,G0901.7,8,B3;D1;E5,48,,,
29100,,0,ADVHS01,Advisory HS,ADVHS01.28,9,E3,42,,,
30013,,0,J0901,Technology 9,J0901.1,6,B1;C4;E2,21,,,
30013,,0,C0904,Band Level I,C0904.4,7,B2;C5;E4,3,,,
30013,,0,E0901,Physical Education and Health 9,E0901.4,4,A4;C2;D5,9,,,
30013,,0,A0901,Biology 9,A0901.3,8,B3;D1;E5,49,,,
30013,,0,H0904,English 9,H0904.4,2,A2;B5;D3,29,,,
30013,,0,B0901,Social Studies 9,B0901.2,3,A3;C1;D4,32,,,
30013,,0,G0901,Español & Literatura 9,G0901.4,5,A5;C3;E1,28,,,
30013,,0,I1003,Geometry,I1003.4,1,A1;B4;D2,42,,,
30013,,0,ADVHS01,Advisory HS,ADVHS01.23,9,E3,36,,,
27077,,0,OB1532,AP Research,OB1532.1,2,A2;B5;D3,10,,,
27077,,0,OH1306,Art of Fiction Higher Level,OH1306.1,1,A1;B4;D2,23,,,
27077,,0,A1204,Environmental Science,A1204.3,8,B3;D1;E5,13,,,
27077,,0,L1304,Life Purpose,L1304.1,5,A5;C3;E1,24,,,
27077,,0,OI1305,Calculus,OI1305.1,7,B2;C5;E4,35,,,
27077,,0,G1201,Español & Literatura 12,G1201.6,4,A4;C2;D5,36,,,
27077,,0,E1201,Physical Education and Health 12,E1201.4,6,B1;C4;E2,30,,,
27077,,0,ADVHS01,Advisory HS,ADVHS01.2,9,E3,4,,,
27132,,0,I1208,AP Calculus BC,I1208.1,4,A4;C2;D5,44,,,
27132,,0,OA1322,AP Physics 2,OA1322.2,8,B3;D1;E5,31,,,
27132,,0,OH1501,Journalism Higher Level,OH1501.2,7,B2;C5;E4,43,,,
27132,,0,OI1303,Financial Math,OI1303.2,5,A5;C3;E1,4,,,
27132,,0,L1304,Life Purpose,L1304.2,1,A1;B4;D2,24,,,
27132,,0,J1203,Tech. and Innovation for Social Change,J1203.2,2,A2;B5;D3,20,,,
27132,,0,G1201,Español & Literatura 12,G1201.5,3,A3;C1;D4,25,,,
27132,,0,E1201,Physical Education and Health 12,E1201.4,6,B1;C4;E2,30,,,
27132,,0,ADVHS01,Advisory HS,ADVHS01.6,9,E3,8,,,
30010,,0,I0903,Algebra I 9,I0903.1,6,B1;C4;E2,37,,,
30010,,0,J0903,FRC 9,J0903.1,8,B3;D1;E5,20,,,
30010,,0,OC1305,Painting I,OC1305.3,5,A5;C3;E1,5,,,
30010,,0,E0901,Physical Education and Health 9,E0901.3,1,A1;B4;D2,9,,,
30010,,0,A0901,Biology 9,A0901.2,3,A3;C1;D4,41,,,
30010,,0,H0904,English 9,H0904.1,7,B2;C5;E4,29,,,
30010,,0,B0901,Social Studies 9,B0901.3,2,A2;B5;D3,32,,,
30010,,0,G0901,Español & Literatura 9,G0901.3,4,A4;C2;D5,28,,,
30010,,0,ADVHS01,Advisory HS,ADVHS01.2,9,E3,4,,,
29106,,0,I1211,AP Precalculus,I1211.1,3,A3;C1;D4,4,,,
29106,,0,I1214,AP Seminar,I1214.1,1,A1;B4;D2,19,,,
29106,,0,OZ1323,AP Human Geography,OZ1323.2,4,A4;C2;D5,45,,,
29106,,0,E1001,Physical Education and Health 10,E1001.6,8,B3;D1;E5,12,,,
29106,,0,A1006,Chemistry 10,A1006.1,6,B1;C4;E2,7,,,
29106,,0,B1001,Social Sciences 10,B1001.2,7,B2;C5;E4,25,,,
29106,,0,G1004,AP Spanish Language and Culture,G1004.2,2,A2;B5;D3,47,,,
29106,,0,ADVHS01,Advisory HS,ADVHS01.32,9,E3,45,,,
29106,,0,C0907,Band Level III,C0907.1,5,A5;C3;E1,3,,,
28011,,0,OA1319,AP Physics 1,OA1319.1,5,A5;C3;E1,31,,,
28011,,0,OB1520,AP Statistics,OB1520.1,8,B3;D1;E5,37,,,
28011,,0,OH1305,Art of Fiction Intermediate Level,OH1305.3,2,A2;B5;D3,40,,,
28011,,0,G1203,Español & Literatura 11,G1203.4,7,B2;C5;E4,36,,,
28011,,0,L1304,Life Purpose,L1304.3,4,A4;C2;D5,33,,,
28011,,0,E1101,Physical Education and Health 11,E1101.4,1,A1;B4;D2,27,,,
28011,,0,OI1003,Algebra II,OI1003.5,3,A3;C1;D4,8,,,
28011,,0,ADVHS01,Advisory HS,ADVHS01.17,9,E3,29,,,
30146,,0,OC1307,Drawing I,OC1307.1,5,A5;C3;E1,46,,,
30146,,0,I0903,Algebra I 9,I0903.3,4,A4;C2;D5,37,,,
30146,,0,J0903,FRC 9,J0903.3,3,A3;C1;D4,20,,,
30146,,0,E0901,Physical Education and Health 9,E0901.6,8,B3;D1;E5,9,,,
30146,,0,A0901,Biology 9,A0901.5,1,A1;B4;D2,49,,,
30146,,0,B0901,Social Studies 9,B0901.3,2,A2;B5;D3,32,,,
30146,,0,H0904,English 9,H0904.3,6,B1;C4;E2,29,,,
30146,,0,G0901,Español & Literatura 9,G0901.6,7,B2;C5;E4,48,,,
30146,,0,ADVHS01,Advisory HS,ADVHS01.35,9,E3,48,,,
29011,,0,I1214,AP Seminar,I1214.3,6,B1;C4;E2,19,,,
29011,,0,OZ1323,AP Human Geography,OZ1323.5,2,A2;B5;D3,45,,,
29011,,0,OI1003,Algebra II,OI1003.4,5,A5;C3;E1,8,,,
29011,,0,E1001,Physical Education and Health 10,E1001.5,3,A3;C1;D4,12,,,
29011,,0,A1006,Chemistry 10,A1006.5,8,B3;D1;E5,38,,,
29011,,0,B1001,Social Sciences 10,B1001.6,4,A4;C2;D5,26,,,
29011,,0,G1004,AP Spanish Language and Culture,G1004.1,1,A1;B4;D2,47,,,
29011,,0,ADVHS01,Advisory HS,ADVHS01.8,9,E3,19,,,
28163,,0,OH1401,Journalism Intermediate Level,OH1401.1,6,B1;C4;E2,43,,,
28163,,0,G1203,Español & Literatura 11,G1203.1,2,A2;B5;D3,36,,,
28163,,0,I1212,AP Macroeconomics,I1212.2,7,B2;C5;E4,34,,,
28163,,0,L1304,Life Purpose,L1304.3,4,A4;C2;D5,33,,,
28163,,0,I1213,AP Microeconomics,I1213.2,7,B2;C5;E4,34,,,
28163,,0,A1105,Physics 11,A1105.1,8,B3;D1;E5,7,,,
28163,,0,E1101,Physical Education and Health 11,E1101.4,1,A1;B4;D2,27,,,
28163,,0,OI1003,Algebra II,OI1003.5,3,A3;C1;D4,8,,,
28163,,0,ADVHS01,Advisory HS,ADVHS01.7,9,E3,13,,,
30059,,0,I0903,Algebra I 9,I0903.2,2,A2;B5;D3,37,,,
30059,,0,J0903,FRC 9,J0903.2,1,A1;B4;D2,20,,,
30059,,0,OC1305,Painting I,OC1305.3,5,A5;C3;E1,5,,,
30059,,0,E0901,Physical Education and Health 9,E0901.5,7,B2;C5;E4,9,,,
30059,,0,A0901,Biology 9,A0901.4,6,B1;C4;E2,49,,,
30059,,0,H0904,English 9,H0904.2,8,B3;D1;E5,29,,,
30059,,0,B0901,Social Studies 9,B0901.2,3,A3;C1;D4,32,,,
30059,,0,G0901,Español & Literatura 9,G0901.3,4,A4;C2;D5,28,,,
30059,,0,ADVHS01,Advisory HS,ADVHS01.30,9,E3,15,,,
27058,,0,L1302,Introduction to Law,L1302.1,4,A4;C2;D5,24,,,
27058,,0,VHS0052,Spanish Film, Art, and Literature,VHS0052.2,1,A1;B4;D2,25,,,
27058,,0,H1206,AP English Language & Composition,H1206.2,2,A2;B5;D3,19,,,
27058,,0,A1105,Physics 11,A1105.3,6,B1;C4;E2,41,,,
27058,,0,E1101,Physical Education and Health 11,E1101.3,8,B3;D1;E5,27,,,
27058,,0,OI1003,Algebra II,OI1003.5,3,A3;C1;D4,8,,,
27058,,0,ADVHS01,Advisory HS,ADVHS01.21,9,E3,34,,,
27058,,0,OC1305,Painting I,OC1305.3,5,A5;C3;E1,5,,,
28066,,0,OH1401,Journalism Intermediate Level,OH1401.2,1,A1;B4;D2,43,,,
28066,,0,G1203,Español & Literatura 11,G1203.1,2,A2;B5;D3,36,,,
28066,,0,L1304,Life Purpose,L1304.1,5,A5;C3;E1,24,,,
28066,,0,A1105,Physics 11,A1105.5,4,A4;C2;D5,41,,,
28066,,0,E1101,Physical Education and Health 11,E1101.2,7,B2;C5;E4,27,,,
28066,,0,OI1003,Algebra II,OI1003.6,6,B1;C4;E2,8,,,
28066,,0,ADVHS01,Advisory HS,ADVHS01.32,9,E3,45,,,
28066,,0,OJ1203,Entrepreneurship Business Technology,OJ1203.2,8,B3;D1;E5,22,,,
28066,,0,OC1310,Painting II,OC1310.3,3,A3;C1;D4,46,,,
29090,,0,J0901,Technology 9,J0901.3,5,A5;C3;E1,21,,,
29090,,0,I0903,Algebra I 9,I0903.1,6,B1;C4;E2,37,,,
29090,,0,OC1305,Painting I,OC1305.4,1,A1;B4;D2,46,,,
29090,,0,E0901,Physical Education and Health 9,E0901.2,3,A3;C1;D4,9,,,
29090,,0,A0901,Biology 9,A0901.6,4,A4;C2;D5,49,,,
29090,,0,H0904,English 9,H0904.4,2,A2;B5;D3,29,,,
29090,,0,B0901,Social Studies 9,B0901.5,8,B3;D1;E5,40,,,
29090,,0,ADVHS01,Advisory HS,ADVHS01.15,9,E3,26,,,
30003,,0,J0903,FRC 9,J0903.1,8,B3;D1;E5,20,,,
30003,,0,C0904,Band Level I,C0904.3,3,A3;C1;D4,3,,,
30003,,0,E0901,Physical Education and Health 9,E0901.1,5,A5;C3;E1,9,,,
30003,,0,A0901,Biology 9,A0901.5,1,A1;B4;D2,49,,,
30003,,0,H0904,English 9,H0904.3,6,B1;C4;E2,29,,,
30003,,0,B0901,Social Studies 9,B0901.7,7,B2;C5;E4,40,,,
30003,,0,G0901,Español & Literatura 9,G0901.3,4,A4;C2;D5,28,,,
30003,,0,I1003,Geometry,I1003.2,2,A2;B5;D3,35,,,
30003,,0,ADVHS01,Advisory HS,ADVHS01.27,9,E3,41,,,
27051,,0,OH1306,Art of Fiction Higher Level,OH1306.3,8,B3;D1;E5,23,,,
27051,,0,A1204,Environmental Science,A1204.1,2,A2;B5;D3,13,,,
27051,,0,L1304,Life Purpose,L1304.2,1,A1;B4;D2,24,,,
27051,,0,J1203,Tech. and Innovation for Social Change,J1203.1,6,B1;C4;E2,20,,,
27051,,0,OI1305,Calculus,OI1305.3,4,A4;C2;D5,35,,,
27051,,0,G1201,Español & Literatura 12,G1201.1,7,B2;C5;E4,6,,,
27051,,0,E1201,Physical Education and Health 12,E1201.3,5,A5;C3;E1,30,,,
27051,,0,ADVHS01,Advisory HS,ADVHS01.35,9,E3,48,,,
29066,,0,I1211,AP Precalculus,I1211.2,6,B1;C4;E2,4,,,
29066,,0,H1001,English 10,H1001.3,2,A2;B5;D3,15,,,
29066,,0,OZ1323,AP Human Geography,OZ1323.4,7,B2;C5;E4,45,,,
29066,,0,E1001,Physical Education and Health 10,E1001.1,5,A5;C3;E1,12,,,
29066,,0,A1006,Chemistry 10,A1006.4,3,A3;C1;D4,38,,,
29066,,0,B1001,Social Sciences 10,B1001.5,1,A1;B4;D2,26,,,
29066,,0,G1004,AP Spanish Language and Culture,G1004.6,4,A4;C2;D5,48,,,
29066,,0,ADVHS01,Advisory HS,ADVHS01.29,9,E3,43,,,
28051,,0,OH1305,Art of Fiction Intermediate Level,OH1305.3,2,A2;B5;D3,40,,,
28051,,0,L1301,AP Psychology,L1301.3,6,B1;C4;E2,33,,,
28051,,0,G1203,Español & Literatura 11,G1203.3,3,A3;C1;D4,36,,,
28051,,0,I1212,AP Macroeconomics,I1212.3,8,B3;D1;E5,34,,,
28051,,0,I1213,AP Microeconomics,I1213.3,8,B3;D1;E5,34,,,
28051,,0,OI1305,Calculus,OI1305.1,7,B2;C5;E4,35,,,
28051,,0,A1105,Physics 11,A1105.4,1,A1;B4;D2,41,,,
28051,,0,E1101,Physical Education and Health 11,E1101.1,5,A5;C3;E1,27,,,
28051,,0,ADVHS01,Advisory HS,ADVHS01.24,9,E3,37,,,
28051,,0,OC1305,Painting I,OC1305.2,4,A4;C2;D5,5,,,
30008,,0,J0901,Technology 9,J0901.2,3,A3;C1;D4,21,,,
30008,,0,OC1305,Painting I,OC1305.1,2,A2;B5;D3,5,,,
30008,,0,E0901,Physical Education and Health 9,E0901.4,4,A4;C2;D5,9,,,
30008,,0,A0901,Biology 9,A0901.1,5,A5;C3;E1,41,,,
30008,,0,H0904,English 9,H0904.5,1,A1;B4;D2,15,,,
30008,,0,B0901,Social Studies 9,B0901.6,6,B1;C4;E2,40,,,
30008,,0,G0901,Español & Literatura 9,G0901.7,8,B3;D1;E5,48,,,
30008,,0,I1003,Geometry,I1003.3,7,B2;C5;E4,42,,,
30008,,0,ADVHS01,Advisory HS,ADVHS01.11,9,E3,22,,,
30170,,0,OC1306,Sculpture I,OC1306.1,3,A3;C1;D4,5,,,
30170,,0,J0901,Technology 9,J0901.1,6,B1;C4;E2,21,,,
30170,,0,E0901,Physical Education and Health 9,E0901.3,1,A1;B4;D2,9,,,
30170,,0,A0901,Biology 9,A0901.3,8,B3;D1;E5,49,,,
30170,,0,H0904,English 9,H0904.7,5,A5;C3;E1,15,,,
30170,,0,B0901,Social Studies 9,B0901.3,2,A2;B5;D3,32,,,
30170,,0,G0901,Español & Literatura 9,G0901.3,4,A4;C2;D5,28,,,
30170,,0,I1003,Geometry,I1003.3,7,B2;C5;E4,42,,,
30170,,0,ADVHS01,Advisory HS,ADVHS01.5,9,E3,7,,,
29099,,0,H1001,English 10,H1001.4,8,B3;D1;E5,15,,,
29099,,0,OZ1323,AP Human Geography,OZ1323.4,7,B2;C5;E4,45,,,
29099,,0,E1001,Physical Education and Health 10,E1001.5,3,A3;C1;D4,12,,,
29099,,0,A1006,Chemistry 10,A1006.1,6,B1;C4;E2,7,,,
29099,,0,B1001,Social Sciences 10,B1001.5,1,A1;B4;D2,26,,,
29099,,0,I1003,Geometry,I1003.7,5,A5;C3;E1,42,,,
29099,,0,G1004,AP Spanish Language and Culture,G1004.6,4,A4;C2;D5,48,,,
29099,,0,ADVHS01,Advisory HS,ADVHS01.30,9,E3,15,,,
28146,,0,G1202,AP Spanish Literature and Culture,G1202.1,3,A3;C1;D4,6,,,
28146,,0,I1204,AP Calculus AB,I1204.2,7,B2;C5;E4,44,,,
28146,,0,OA1319,AP Physics 1,OA1319.1,5,A5;C3;E1,31,,,
28146,,0,L1301,AP Psychology,L1301.3,6,B1;C4;E2,33,,,
28146,,0,E1101,Physical Education and Health 11,E1101.3,8,B3;D1;E5,27,,,
28146,,0,ADVHS01,Advisory HS,ADVHS01.6,9,E3,8,,,
28146,,0,OA1304,AP Biology,OA1304.1,4,A4;C2;D5,7,,,
28146,,0,OH1305,Art of Fiction Intermediate Level,OH1305.3,2,A2;B5;D3,40,,,
28146,,0,OC1305,Painting I,OC1305.4,1,A1;B4;D2,46,,,
30048,,0,OC1306,Sculpture I,OC1306.1,3,A3;C1;D4,5,,,
30048,,0,J0901,Technology 9,J0901.3,5,A5;C3;E1,21,,,
30048,,0,E0901,Physical Education and Health 9,E0901.6,8,B3;D1;E5,9,,,
30048,,0,A0901,Biology 9,A0901.4,6,B1;C4;E2,49,,,
30048,,0,H0904,English 9,H0904.6,4,A4;C2;D5,15,,,
30048,,0,B0901,Social Studies 9,B0901.4,1,A1;B4;D2,34,,,
30048,,0,G0901,Español & Literatura 9,G0901.1,2,A2;B5;D3,28,,,
30048,,0,I1003,Geometry,I1003.3,7,B2;C5;E4,42,,,
30048,,0,ADVHS01,Advisory HS,ADVHS01.22,9,E3,35,,,
28056,,0,L1301,AP Psychology,L1301.2,3,A3;C1;D4,33,,,
28056,,0,OH1305,Art of Fiction Intermediate Level,OH1305.1,4,A4;C2;D5,23,,,
28056,,0,G1203,Español & Literatura 11,G1203.2,1,A1;B4;D2,36,,,
28056,,0,A1105,Physics 11,A1105.2,2,A2;B5;D3,31,,,
28056,,0,E1101,Physical Education and Health 11,E1101.1,5,A5;C3;E1,27,,,
28056,,0,OI1003,Algebra II,OI1003.6,6,B1;C4;E2,8,,,
28056,,0,ADVHS01,Advisory HS,ADVHS01.17,9,E3,29,,,
28056,,0,C0904,Band Level I,C0904.4,7,B2;C5;E4,3,,,
27131,,0,OA1322,AP Physics 2,OA1322.1,3,A3;C1;D4,31,,,
27131,,0,OB1520,AP Statistics,OB1520.2,5,A5;C3;E1,37,,,
27131,,0,OI1303,Financial Math,OI1303.1,4,A4;C2;D5,4,,,
27131,,0,OH1306,Art of Fiction Higher Level,OH1306.3,8,B3;D1;E5,23,,,
27131,,0,L1304,Life Purpose,L1304.4,2,A2;B5;D3,33,,,
27131,,0,J1203,Tech. and Innovation for Social Change,J1203.3,7,B2;C5;E4,22,,,
27131,,0,G1201,Español & Literatura 12,G1201.4,1,A1;B4;D2,6,,,
27131,,0,E1201,Physical Education and Health 12,E1201.4,6,B1;C4;E2,30,,,
27131,,0,ADVHS01,Advisory HS,ADVHS01.10,9,E3,21,,,
29080,,0,I1211,AP Precalculus,I1211.1,3,A3;C1;D4,4,,,
29080,,0,H1206,AP English Language & Composition,H1206.2,2,A2;B5;D3,19,,,
29080,,0,OZ1323,AP Human Geography,OZ1323.1,1,A1;B4;D2,45,,,
29080,,0,E1001,Physical Education and Health 10,E1001.2,6,B1;C4;E2,12,,,
29080,,0,A1006,Chemistry 10,A1006.7,4,A4;C2;D5,38,,,
29080,,0,B1001,Social Sciences 10,B1001.7,5,A5;C3;E1,26,,,
29080,,0,G1004,AP Spanish Language and Culture,G1004.4,7,B2;C5;E4,47,,,
29080,,0,ADVHS01,Advisory HS,ADVHS01.13,9,E3,24,,,
29113,,0,I1211,AP Precalculus,I1211.2,6,B1;C4;E2,4,,,
29113,,0,H1001,English 10,H1001.2,5,A5;C3;E1,43,,,
29113,,0,OZ1323,AP Human Geography,OZ1323.2,4,A4;C2;D5,45,,,
29113,,0,E1001,Physical Education and Health 10,E1001.4,7,B2;C5;E4,12,,,
29113,,0,A1006,Chemistry 10,A1006.6,1,A1;B4;D2,38,,,
29113,,0,B1001,Social Sciences 10,B1001.3,3,A3;C1;D4,26,,,
29113,,0,G1004,AP Spanish Language and Culture,G1004.2,2,A2;B5;D3,47,,,
29113,,0,ADVHS01,Advisory HS,ADVHS01.7,9,E3,13,,,
27105,,0,OA1304,AP Biology,OA1304.1,4,A4;C2;D5,7,,,
27105,,0,OH1501,Journalism Higher Level,OH1501.2,7,B2;C5;E4,43,,,
27105,,0,L1304,Life Purpose,L1304.4,2,A2;B5;D3,33,,,
27105,,0,J1203,Tech. and Innovation for Social Change,J1203.4,5,A5;C3;E1,22,,,
27105,,0,OI1305,Calculus,OI1305.5,8,B3;D1;E5,44,,,
27105,,0,G1201,Español & Literatura 12,G1201.4,1,A1;B4;D2,6,,,
27105,,0,E1201,Physical Education and Health 12,E1201.6,3,A3;C1;D4,30,,,
27105,,0,ADVHS01,Advisory HS,ADVHS01.15,9,E3,26,,,
29120,,0,B1006,Cultural Studies,B1006.1,6,B1;C4;E2,32,,,
29120,,0,H1001,English 10,H1001.4,8,B3;D1;E5,15,,,
29120,,0,E1001,Physical Education and Health 10,E1001.3,2,A2;B5;D3,12,,,
29120,,0,A1006,Chemistry 10,A1006.3,7,B2;C5;E4,7,,,
29120,,0,B1001,Social Sciences 10,B1001.7,5,A5;C3;E1,26,,,
29120,,0,I1003,Geometry,I1003.4,1,A1;B4;D2,42,,,
29120,,0,G1004,AP Spanish Language and Culture,G1004.6,4,A4;C2;D5,48,,,
29120,,0,ADVHS01,Advisory HS,ADVHS01.24,9,E3,37,,,
29120,,0,OC1310,Painting II,OC1310.3,3,A3;C1;D4,46,,,
30153,,0,J0901,Technology 9,J0901.2,3,A3;C1;D4,21,,,
30153,,0,C0904,Band Level I,C0904.2,2,A2;B5;D3,3,,,
30153,,0,E0901,Physical Education and Health 9,E0901.5,7,B2;C5;E4,9,,,
30153,,0,A0901,Biology 9,A0901.6,4,A4;C2;D5,49,,,
30153,,0,H0904,English 9,H0904.5,1,A1;B4;D2,15,,,
30153,,0,B0901,Social Studies 9,B0901.1,5,A5;C3;E1,32,,,
30153,,0,G0901,Español & Literatura 9,G0901.7,8,B3;D1;E5,48,,,
30153,,0,I1003,Geometry,I1003.1,6,B1;C4;E2,35,,,
30153,,0,ADVHS01,Advisory HS,ADVHS01.34,9,E3,47,,,
26041,,0,OH1501,Journalism Higher Level,OH1501.2,7,B2;C5;E4,43,,,
26041,,0,A1204,Environmental Science,A1204.3,8,B3;D1;E5,13,,,
26041,,0,L1304,Life Purpose,L1304.4,2,A2;B5;D3,33,,,
26041,,0,J1203,Tech. and Innovation for Social Change,J1203.5,1,A1;B4;D2,22,,,
26041,,0,OI1305,Calculus,OI1305.4,6,B1;C4;E2,44,,,
26041,,0,G1201,Español & Literatura 12,G1201.6,4,A4;C2;D5,36,,,
26041,,0,E1201,Physical Education and Health 12,E1201.6,3,A3;C1;D4,30,,,
26041,,0,ADVHS01,Advisory HS,ADVHS01.36,9,E3,49,,,
29153,,0,VHS0052,Spanish Film, Art, and Literature,VHS0052.1,8,B3;D1;E5,25,,,
29153,,0,H1206,AP English Language & Composition,H1206.1,3,A3;C1;D4,19,,,
29153,,0,OZ1323,AP Human Geography,OZ1323.3,6,B1;C4;E2,45,,,
29153,,0,OI1003,Algebra II,OI1003.1,2,A2;B5;D3,4,,,
29153,,0,E1001,Physical Education and Health 10,E1001.1,5,A5;C3;E1,12,,,
29153,,0,A1006,Chemistry 10,A1006.7,4,A4;C2;D5,38,,,
29153,,0,B1001,Social Sciences 10,B1001.2,7,B2;C5;E4,25,,,
29153,,0,ADVHS01,Advisory HS,ADVHS01.20,9,E3,33,,,
27120,,0,I1208,AP Calculus BC,I1208.1,4,A4;C2;D5,44,,,
27120,,0,OA1317,AP Chemistry,OA1317.1,6,B1;C4;E2,38,,,
27120,,0,OH1501,Journalism Higher Level,OH1501.2,7,B2;C5;E4,43,,,
27120,,0,L1301,AP Psychology,L1301.2,3,A3;C1;D4,33,,,
27120,,0,J1203,Tech. and Innovation for Social Change,J1203.2,2,A2;B5;D3,20,,,
27120,,0,G1201,Español & Literatura 12,G1201.2,8,B3;D1;E5,6,,,
27120,,0,E1201,Physical Education and Health 12,E1201.1,1,A1;B4;D2,30,,,
27120,,0,ADVHS01,Advisory HS,ADVHS01.27,9,E3,41,,,
30001,,0,J0903,FRC 9,J0903.3,3,A3;C1;D4,20,,,
30001,,0,C0904,Band Level I,C0904.1,6,B1;C4;E2,3,,,
30001,,0,E0901,Physical Education and Health 9,E0901.1,5,A5;C3;E1,9,,,
30001,,0,A0901,Biology 9,A0901.3,8,B3;D1;E5,49,,,
30001,,0,H0904,English 9,H0904.1,7,B2;C5;E4,29,,,
30001,,0,B0901,Social Studies 9,B0901.4,1,A1;B4;D2,34,,,
30001,,0,G0901,Español & Literatura 9,G0901.1,2,A2;B5;D3,28,,,
30001,,0,I1003,Geometry,I1003.5,4,A4;C2;D5,42,,,
30001,,0,ADVHS01,Advisory HS,ADVHS01.19,9,E3,32,,,
28073,,0,H1206,AP English Language & Composition,H1206.1,3,A3;C1;D4,19,,,
28073,,0,L1301,AP Psychology,L1301.1,5,A5;C3;E1,33,,,
28073,,0,G1203,Español & Literatura 11,G1203.1,2,A2;B5;D3,36,,,
28073,,0,A1105,Physics 11,A1105.1,8,B3;D1;E5,7,,,
28073,,0,E1101,Physical Education and Health 11,E1101.5,4,A4;C2;D5,27,,,
28073,,0,OI1003,Algebra II,OI1003.2,1,A1;B4;D2,8,,,
28073,,0,ADVHS01,Advisory HS,ADVHS01.8,9,E3,19,,,
28073,,0,OC1310,Painting II,OC1310.1,7,B2;C5;E4,46,,,
28064,,0,VHS0052,Spanish Film, Art, and Literature,VHS0052.2,1,A1;B4;D2,25,,,
28064,,0,OA1319,AP Physics 1,OA1319.1,5,A5;C3;E1,31,,,
28064,,0,I1214,AP Seminar,I1214.3,6,B1;C4;E2,19,,,
28064,,0,I1212,AP Macroeconomics,I1212.4,3,A3;C1;D4,34,,,
28064,,0,I1213,AP Microeconomics,I1213.4,3,A3;C1;D4,34,,,
28064,,0,OI1305,Calculus,OI1305.1,7,B2;C5;E4,35,,,
28064,,0,E1101,Physical Education and Health 11,E1101.3,8,B3;D1;E5,27,,,
28064,,0,ADVHS01,Advisory HS,ADVHS01.25,9,E3,38,,,
28064,,0,OC1305,Painting I,OC1305.2,4,A4;C2;D5,5,,,
29097,,0,I1214,AP Seminar,I1214.2,5,A5;C3;E1,19,,,
29097,,0,OZ1323,AP Human Geography,OZ1323.5,2,A2;B5;D3,45,,,
29097,,0,OI1003,Algebra II,OI1003.6,6,B1;C4;E2,8,,,
29097,,0,E1001,Physical Education and Health 10,E1001.6,8,B3;D1;E5,12,,,
29097,,0,A1006,Chemistry 10,A1006.4,3,A3;C1;D4,38,,,
29097,,0,B1001,Social Sciences 10,B1001.6,4,A4;C2;D5,26,,,
29097,,0,G1004,AP Spanish Language and Culture,G1004.1,1,A1;B4;D2,47,,,
29097,,0,ADVHS01,Advisory HS,ADVHS01.16,9,E3,28,,,
29097,,0,OC1310,Painting II,OC1310.1,7,B2;C5;E4,46,,,
30030,,0,OC1306,Sculpture I,OC1306.1,3,A3;C1;D4,5,,,
30030,,0,J0903,FRC 9,J0903.2,1,A1;B4;D2,20,,,
30030,,0,E0901,Physical Education and Health 9,E0901.4,4,A4;C2;D5,9,,,
30030,,0,A0901,Biology 9,A0901.1,5,A5;C3;E1,41,,,
30030,,0,H0904,English 9,H0904.2,8,B3;D1;E5,29,,,
30030,,0,B0901,Social Studies 9,B0901.6,6,B1;C4;E2,40,,,
30030,,0,I1003,Geometry,I1003.2,2,A2;B5;D3,35,,,
30030,,0,ADVHS01,Advisory HS,ADVHS01.3,9,E3,5,,,
29073,,0,I1211,AP Precalculus,I1211.1,3,A3;C1;D4,4,,,
29073,,0,B1006,Cultural Studies,B1006.2,7,B2;C5;E4,32,,,
29073,,0,I1214,AP Seminar,I1214.1,1,A1;B4;D2,19,,,
29073,,0,E1001,Physical Education and Health 10,E1001.2,6,B1;C4;E2,12,,,
29073,,0,G1004,AP Spanish Language and Culture,G1004.6,4,A4;C2;D5,48,,,
29073,,0,B1001,Social Sciences 10,B1001.4,8,B3;D1;E5,26,,,
29073,,0,A1006,Chemistry 10,A1006.2,2,A2;B5;D3,7,,,
29073,,0,ADVHS01,Advisory HS,ADVHS01.31,9,E3,44,,,
29073,,0,C0907,Band Level III,C0907.1,5,A5;C3;E1,3,,,
30134,,0,OC1306,Sculpture I,OC1306.1,3,A3;C1;D4,5,,,
30134,,0,J0903,FRC 9,J0903.1,8,B3;D1;E5,20,,,
30134,,0,E0901,Physical Education and Health 9,E0901.3,1,A1;B4;D2,9,,,
30134,,0,A0901,Biology 9,A0901.4,6,B1;C4;E2,49,,,
30134,,0,H0904,English 9,H0904.7,5,A5;C3;E1,15,,,
30134,,0,B0901,Social Studies 9,B0901.7,7,B2;C5;E4,40,,,
30134,,0,G0901,Español & Literatura 9,G0901.3,4,A4;C2;D5,28,,,
30134,,0,I1003,Geometry,I1003.2,2,A2;B5;D3,35,,,
30134,,0,ADVHS01,Advisory HS,ADVHS01.18,9,E3,31,,,
29126,,0,I1214,AP Seminar,I1214.3,6,B1;C4;E2,19,,,
29126,,0,OZ1323,AP Human Geography,OZ1323.4,7,B2;C5;E4,45,,,
29126,,0,E1001,Physical Education and Health 10,E1001.5,3,A3;C1;D4,12,,,
29126,,0,A1006,Chemistry 10,A1006.5,8,B3;D1;E5,38,,,
29126,,0,B1001,Social Sciences 10,B1001.5,1,A1;B4;D2,26,,,
29126,,0,I1003,Geometry,I1003.7,5,A5;C3;E1,42,,,
29126,,0,G1004,AP Spanish Language and Culture,G1004.6,4,A4;C2;D5,48,,,
29126,,0,ADVHS01,Advisory HS,ADVHS01.12,9,E3,23,,,
29126,,0,OC1305,Painting I,OC1305.1,2,A2;B5;D3,5,,,
28135,,0,OH1401,Journalism Intermediate Level,OH1401.1,6,B1;C4;E2,43,,,
28135,,0,L1301,AP Psychology,L1301.2,3,A3;C1;D4,33,,,
28135,,0,G1203,Español & Literatura 11,G1203.4,7,B2;C5;E4,36,,,
28135,,0,OI1305,Calculus,OI1305.3,4,A4;C2;D5,35,,,
28135,,0,A1105,Physics 11,A1105.2,2,A2;B5;D3,31,,,
28135,,0,E1101,Physical Education and Health 11,E1101.4,1,A1;B4;D2,27,,,
28135,,0,ADVHS01,Advisory HS,ADVHS01.29,9,E3,43,,,
28020,,0,I1204,AP Calculus AB,I1204.1,2,A2;B5;D3,44,,,
28020,,0,OA1319,AP Physics 1,OA1319.2,7,B2;C5;E4,31,,,
28020,,0,OB1520,AP Statistics,OB1520.2,5,A5;C3;E1,37,,,
28020,,0,OH1305,Art of Fiction Intermediate Level,OH1305.2,3,A3;C1;D4,40,,,
28020,,0,G1203,Español & Literatura 11,G1203.2,1,A1;B4;D2,36,,,
28020,,0,I1212,AP Macroeconomics,I1212.1,6,B1;C4;E2,34,,,
28020,,0,I1213,AP Microeconomics,I1213.1,6,B1;C4;E2,34,,,
28020,,0,E1101,Physical Education and Health 11,E1101.3,8,B3;D1;E5,27,,,
28020,,0,ADVHS01,Advisory HS,ADVHS01.36,9,E3,49,,,
28102,,0,L1302,Introduction to Law,L1302.2,3,A3;C1;D4,24,,,
28102,,0,OH1305,Art of Fiction Intermediate Level,OH1305.1,4,A4;C2;D5,23,,,
28102,,0,L1301,AP Psychology,L1301.1,5,A5;C3;E1,33,,,
28102,,0,G1203,Español & Literatura 11,G1203.1,2,A2;B5;D3,36,,,
28102,,0,A1105,Physics 11,A1105.4,1,A1;B4;D2,41,,,
28102,,0,E1101,Physical Education and Health 11,E1101.2,7,B2;C5;E4,27,,,
28102,,0,OI1003,Algebra II,OI1003.6,6,B1;C4;E2,8,,,
28102,,0,ADVHS01,Advisory HS,ADVHS01.28,9,E3,42,,,
29159,,0,I1214,AP Seminar,I1214.2,5,A5;C3;E1,19,,,
29159,,0,OZ1323,AP Human Geography,OZ1323.1,1,A1;B4;D2,45,,,
29159,,0,OI1003,Algebra II,OI1003.3,4,A4;C2;D5,8,,,
29159,,0,E1001,Physical Education and Health 10,E1001.4,7,B2;C5;E4,12,,,
29159,,0,A1006,Chemistry 10,A1006.1,6,B1;C4;E2,7,,,
29159,,0,B1001,Social Sciences 10,B1001.3,3,A3;C1;D4,26,,,
29159,,0,G1004,AP Spanish Language and Culture,G1004.2,2,A2;B5;D3,47,,,
29159,,0,ADVHS01,Advisory HS,ADVHS01.23,9,E3,36,,,
30084,,0,J0903,FRC 9,J0903.3,3,A3;C1;D4,20,,,
30084,,0,OC1305,Painting I,OC1305.2,4,A4;C2;D5,5,,,
30084,,0,E0901,Physical Education and Health 9,E0901.6,8,B3;D1;E5,9,,,
30084,,0,A0901,Biology 9,A0901.5,1,A1;B4;D2,49,,,
30084,,0,H0904,English 9,H0904.4,2,A2;B5;D3,29,,,
30084,,0,B0901,Social Studies 9,B0901.1,5,A5;C3;E1,32,,,
30084,,0,I1003,Geometry,I1003.1,6,B1;C4;E2,35,,,
30084,,0,ADVHS01,Advisory HS,ADVHS01.9,9,E3,20,,,
28140,,0,OH1305,Art of Fiction Intermediate Level,OH1305.3,2,A2;B5;D3,40,,,
28140,,0,G1203,Español & Literatura 11,G1203.3,3,A3;C1;D4,36,,,
28140,,0,L1304,Life Purpose,L1304.3,4,A4;C2;D5,33,,,
28140,,0,A1105,Physics 11,A1105.4,1,A1;B4;D2,41,,,
28140,,0,E1101,Physical Education and Health 11,E1101.3,8,B3;D1;E5,27,,,
28140,,0,OI1003,Algebra II,OI1003.4,5,A5;C3;E1,8,,,
28140,,0,ADVHS01,Advisory HS,ADVHS01.13,9,E3,24,,,
28140,,0,C0904,Band Level I,C0904.1,6,B1;C4;E2,3,,,
29135,,0,I1211,AP Precalculus,I1211.2,6,B1;C4;E2,4,,,
29135,,0,H1001,English 10,H1001.1,4,A4;C2;D5,29,,,
29135,,0,OZ1323,AP Human Geography,OZ1323.5,2,A2;B5;D3,45,,,
29135,,0,E1001,Physical Education and Health 10,E1001.6,8,B3;D1;E5,12,,,
29135,,0,A1006,Chemistry 10,A1006.6,1,A1;B4;D2,38,,,
29135,,0,B1001,Social Sciences 10,B1001.2,7,B2;C5;E4,25,,,
29135,,0,G1004,AP Spanish Language and Culture,G1004.3,3,A3;C1;D4,47,,,
29135,,0,ADVHS01,Advisory HS,ADVHS01.6,9,E3,8,,,
30117,,0,J0903,FRC 9,J0903.2,1,A1;B4;D2,20,,,
30117,,0,OC1305,Painting I,OC1305.1,2,A2;B5;D3,5,,,
30117,,0,E0901,Physical Education and Health 9,E0901.2,3,A3;C1;D4,9,,,
30117,,0,A0901,Biology 9,A0901.6,4,A4;C2;D5,49,,,
30117,,0,H0904,English 9,H0904.3,6,B1;C4;E2,29,,,
30117,,0,B0901,Social Studies 9,B0901.1,5,A5;C3;E1,32,,,
30117,,0,G0901,Español & Literatura 9,G0901.7,8,B3;D1;E5,48,,,
30117,,0,ADVHS01,Advisory HS,ADVHS01.26,9,E3,40,,,
28036,,0,OH1401,Journalism Intermediate Level,OH1401.2,1,A1;B4;D2,43,,,
28036,,0,G1203,Español & Literatura 11,G1203.1,2,A2;B5;D3,36,,,
28036,,0,I1212,AP Macroeconomics,I1212.4,3,A3;C1;D4,34,,,
28036,,0,L1304,Life Purpose,L1304.1,5,A5;C3;E1,24,,,
28036,,0,I1213,AP Microeconomics,I1213.4,3,A3;C1;D4,34,,,
28036,,0,A1105,Physics 11,A1105.3,6,B1;C4;E2,41,,,
28036,,0,E1101,Physical Education and Health 11,E1101.3,8,B3;D1;E5,27,,,
28036,,0,OI1003,Algebra II,OI1003.3,4,A4;C2;D5,8,,,
28036,,0,ADVHS01,Advisory HS,ADVHS01.20,9,E3,33,,,
28181,,0,OH1305,Art of Fiction Intermediate Level,OH1305.2,3,A3;C1;D4,40,,,
28181,,0,G1203,Español & Literatura 11,G1203.2,1,A1;B4;D2,36,,,
28181,,0,I1212,AP Macroeconomics,I1212.2,7,B2;C5;E4,34,,,
28181,,0,I1213,AP Microeconomics,I1213.2,7,B2;C5;E4,34,,,
28181,,0,A1105,Physics 11,A1105.5,4,A4;C2;D5,41,,,
28181,,0,E1101,Physical Education and Health 11,E1101.1,5,A5;C3;E1,27,,,
28181,,0,OI1003,Algebra II,OI1003.1,2,A2;B5;D3,4,,,
28181,,0,ADVHS01,Advisory HS,ADVHS01.2,9,E3,4,,,
28181,,0,OC1314,AP Drawing,OC1314.1,6,B1;C4;E2,46,,,
29079,,0,H1001,English 10,H1001.3,2,A2;B5;D3,15,,,
29079,,0,OZ1323,AP Human Geography,OZ1323.3,6,B1;C4;E2,45,,,
29079,,0,OI1003,Algebra II,OI1003.2,1,A1;B4;D2,8,,,
29079,,0,E1001,Physical Education and Health 10,E1001.5,3,A3;C1;D4,12,,,
29079,,0,A1006,Chemistry 10,A1006.3,7,B2;C5;E4,7,,,
29079,,0,B1001,Social Sciences 10,B1001.4,8,B3;D1;E5,26,,,
29079,,0,G1004,AP Spanish Language and Culture,G1004.5,5,A5;C3;E1,47,,,
29079,,0,ADVHS01,Advisory HS,ADVHS01.35,9,E3,48,,,
29079,,0,OZ1207,Anatomy and Physiology,OZ1207.1,4,A4;C2;D5,13,,,
27141,,0,OH1501,Journalism Higher Level,OH1501.1,4,A4;C2;D5,43,,,
27141,,0,OI1303,Financial Math,OI1303.2,5,A5;C3;E1,4,,,
27141,,0,A1204,Environmental Science,A1204.2,6,B1;C4;E2,13,,,
27141,,0,L1301,AP Psychology,L1301.2,3,A3;C1;D4,33,,,
27141,,0,J1203,Tech. and Innovation for Social Change,J1203.3,7,B2;C5;E4,22,,,
27141,,0,G1201,Español & Literatura 12,G1201.3,2,A2;B5;D3,6,,,
27141,,0,E1201,Physical Education and Health 12,E1201.5,8,B3;D1;E5,30,,,
27141,,0,ADVHS01,Advisory HS,ADVHS01.30,9,E3,15,,,
27060,,0,OA1318,AP Environmental Science,OA1318.1,1,A1;B4;D2,13,,,
27060,,0,L1302,Introduction to Law,L1302.1,4,A4;C2;D5,24,,,
27060,,0,OH1501,Journalism Higher Level,OH1501.2,7,B2;C5;E4,43,,,
27060,,0,J1203,Tech. and Innovation for Social Change,J1203.2,2,A2;B5;D3,20,,,
27060,,0,OI1305,Calculus,OI1305.4,6,B1;C4;E2,44,,,
27060,,0,G1201,Español & Literatura 12,G1201.5,3,A3;C1;D4,25,,,
27060,,0,E1201,Physical Education and Health 12,E1201.5,8,B3;D1;E5,30,,,
27060,,0,ADVHS01,Advisory HS,ADVHS01.11,9,E3,22,,,
28079,,0,OH1401,Journalism Intermediate Level,OH1401.1,6,B1;C4;E2,43,,,
28079,,0,G1203,Español & Literatura 11,G1203.3,3,A3;C1;D4,36,,,
28079,,0,I1212,AP Macroeconomics,I1212.3,8,B3;D1;E5,34,,,
28079,,0,I1213,AP Microeconomics,I1213.3,8,B3;D1;E5,34,,,
28079,,0,OI1305,Calculus,OI1305.3,4,A4;C2;D5,35,,,
28079,,0,A1105,Physics 11,A1105.2,2,A2;B5;D3,31,,,
28079,,0,E1101,Physical Education and Health 11,E1101.2,7,B2;C5;E4,27,,,
28079,,0,ADVHS01,Advisory HS,ADVHS01.1,9,E3,3,,,
29124,,0,I1211,AP Precalculus,I1211.1,3,A3;C1;D4,4,,,
29124,,0,H1001,English 10,H1001.2,5,A5;C3;E1,43,,,
29124,,0,OZ1323,AP Human Geography,OZ1323.2,4,A4;C2;D5,45,,,
29124,,0,E1001,Physical Education and Health 10,E1001.3,2,A2;B5;D3,12,,,
29124,,0,A1006,Chemistry 10,A1006.1,6,B1;C4;E2,7,,,
29124,,0,B1001,Social Sciences 10,B1001.2,7,B2;C5;E4,25,,,
29124,,0,G1004,AP Spanish Language and Culture,G1004.1,1,A1;B4;D2,47,,,
29124,,0,ADVHS01,Advisory HS,ADVHS01.15,9,E3,26,,,
28093,,0,L1302,Introduction to Law,L1302.1,4,A4;C2;D5,24,,,
28093,,0,OA1319,AP Physics 1,OA1319.2,7,B2;C5;E4,31,,,
28093,,0,H1206,AP English Language & Composition,H1206.2,2,A2;B5;D3,19,,,
28093,,0,G1203,Español & Literatura 11,G1203.3,3,A3;C1;D4,36,,,
28093,,0,I1212,AP Macroeconomics,I1212.1,6,B1;C4;E2,34,,,
28093,,0,I1213,AP Microeconomics,I1213.1,6,B1;C4;E2,34,,,
28093,,0,OI1305,Calculus,OI1305.5,8,B3;D1;E5,44,,,
28093,,0,E1101,Physical Education and Health 11,E1101.4,1,A1;B4;D2,27,,,
28093,,0,ADVHS01,Advisory HS,ADVHS01.16,9,E3,28,,,
30037,,0,J0901,Technology 9,J0901.1,6,B1;C4;E2,21,,,
30037,,0,I0903,Algebra I 9,I0903.3,4,A4;C2;D5,37,,,
30037,,0,C0904,Band Level I,C0904.4,7,B2;C5;E4,3,,,
30037,,0,E0901,Physical Education and Health 9,E0901.2,3,A3;C1;D4,9,,,
30037,,0,A0901,Biology 9,A0901.1,5,A5;C3;E1,41,,,
30037,,0,H0904,English 9,H0904.5,1,A1;B4;D2,15,,,
30037,,0,B0901,Social Studies 9,B0901.5,8,B3;D1;E5,40,,,
30037,,0,ADVHS01,Advisory HS,ADVHS01.14,9,E3,25,,,
28162,,0,OH1401,Journalism Intermediate Level,OH1401.1,6,B1;C4;E2,43,,,
28162,,0,OB1520,AP Statistics,OB1520.2,5,A5;C3;E1,37,,,
28162,,0,G1203,Español & Literatura 11,G1203.4,7,B2;C5;E4,36,,,
28162,,0,I1212,AP Macroeconomics,I1212.4,3,A3;C1;D4,34,,,
28162,,0,I1213,AP Microeconomics,I1213.4,3,A3;C1;D4,34,,,
28162,,0,A1105,Physics 11,A1105.5,4,A4;C2;D5,41,,,
28162,,0,E1101,Physical Education and Health 11,E1101.3,8,B3;D1;E5,27,,,
28162,,0,OI1003,Algebra II,OI1003.1,2,A2;B5;D3,4,,,
28162,,0,ADVHS01,Advisory HS,ADVHS01.31,9,E3,44,,,
29157,,0,H1001,English 10,H1001.4,8,B3;D1;E5,15,,,
29157,,0,OZ1323,AP Human Geography,OZ1323.4,7,B2;C5;E4,45,,,
29157,,0,OI1003,Algebra II,OI1003.5,3,A3;C1;D4,8,,,
29157,,0,E1001,Physical Education and Health 10,E1001.2,6,B1;C4;E2,12,,,
29157,,0,A1006,Chemistry 10,A1006.2,2,A2;B5;D3,7,,,
29157,,0,B1001,Social Sciences 10,B1001.7,5,A5;C3;E1,26,,,
29157,,0,G1004,AP Spanish Language and Culture,G1004.1,1,A1;B4;D2,47,,,
29157,,0,ADVHS01,Advisory HS,ADVHS01.27,9,E3,41,,,
27076,,0,A1204,Environmental Science,A1204.1,2,A2;B5;D3,13,,,
27076,,0,L1304,Life Purpose,L1304.3,4,A4;C2;D5,33,,,
27076,,0,OH1501,Journalism Higher Level,OH1501.2,7,B2;C5;E4,43,,,
27076,,0,J1203,Tech. and Innovation for Social Change,J1203.1,6,B1;C4;E2,20,,,
27076,,0,OI1305,Calculus,OI1305.2,5,A5;C3;E1,35,,,
27076,,0,E1201,Physical Education and Health 12,E1201.1,1,A1;B4;D2,30,,,
27076,,0,G1201,Español & Literatura 12,G1201.2,8,B3;D1;E5,6,,,
27076,,0,ADVHS01,Advisory HS,ADVHS01.11,9,E3,22,,,
30141,,0,I0903,Algebra I 9,I0903.2,2,A2;B5;D3,37,,,
30141,,0,J0903,FRC 9,J0903.1,8,B3;D1;E5,20,,,
30141,,0,OC1305,Painting I,OC1305.4,1,A1;B4;D2,46,,,
30141,,0,E0901,Physical Education and Health 9,E0901.5,7,B2;C5;E4,9,,,
30141,,0,A0901,Biology 9,A0901.2,3,A3;C1;D4,41,,,
30141,,0,H0904,English 9,H0904.6,4,A4;C2;D5,15,,,
30141,,0,B0901,Social Studies 9,B0901.1,5,A5;C3;E1,32,,,
30141,,0,ADVHS01,Advisory HS,ADVHS01.4,9,E3,6,,,
28090,,0,VHS0052,Spanish Film, Art, and Literature,VHS0052.2,1,A1;B4;D2,25,,,
28090,,0,OA1319,AP Physics 1,OA1319.1,5,A5;C3;E1,31,,,
28090,,0,OH1305,Art of Fiction Intermediate Level,OH1305.1,4,A4;C2;D5,23,,,
28090,,0,L1301,AP Psychology,L1301.2,3,A3;C1;D4,33,,,
28090,,0,I1212,AP Macroeconomics,I1212.2,7,B2;C5;E4,34,,,
28090,,0,I1213,AP Microeconomics,I1213.2,7,B2;C5;E4,34,,,
28090,,0,OI1305,Calculus,OI1305.4,6,B1;C4;E2,44,,,
28090,,0,E1101,Physical Education and Health 11,E1101.3,8,B3;D1;E5,27,,,
28090,,0,ADVHS01,Advisory HS,ADVHS01.12,9,E3,23,,,
28090,,0,OC1305,Painting I,OC1305.1,2,A2;B5;D3,5,,,
30034,,0,J0903,FRC 9,J0903.3,3,A3;C1;D4,20,,,
30034,,0,C0904,Band Level I,C0904.2,2,A2;B5;D3,3,,,
30034,,0,E0901,Physical Education and Health 9,E0901.5,7,B2;C5;E4,9,,,
30034,,0,A0901,Biology 9,A0901.3,8,B3;D1;E5,49,,,
30034,,0,H0904,English 9,H0904.3,6,B1;C4;E2,29,,,
30034,,0,G0901,Español & Literatura 9,G0901.4,5,A5;C3;E1,28,,,
30034,,0,B0901,Social Studies 9,B0901.4,1,A1;B4;D2,34,,,
30034,,0,I1003,Geometry,I1003.5,4,A4;C2;D5,42,,,
30034,,0,ADVHS01,Advisory HS,ADVHS01.25,9,E3,38,,,
27147,,0,I1204,AP Calculus AB,I1204.2,7,B2;C5;E4,44,,,
27147,,0,OA1322,AP Physics 2,OA1322.1,3,A3;C1;D4,31,,,
27147,,0,OH1306,Art of Fiction Higher Level,OH1306.3,8,B3;D1;E5,23,,,
27147,,0,L1301,AP Psychology,L1301.3,6,B1;C4;E2,33,,,
27147,,0,J1203,Tech. and Innovation for Social Change,J1203.2,2,A2;B5;D3,20,,,
27147,,0,G1201,Español & Literatura 12,G1201.6,4,A4;C2;D5,36,,,
27147,,0,E1201,Physical Education and Health 12,E1201.1,1,A1;B4;D2,30,,,
27147,,0,ADVHS01,Advisory HS,ADVHS01.5,9,E3,7,,,
27147,,0,C0907,Band Level III,C0907.1,5,A5;C3;E1,3,,,
29133,,0,H1001,English 10,H1001.2,5,A5;C3;E1,43,,,
29133,,0,OZ1323,AP Human Geography,OZ1323.5,2,A2;B5;D3,45,,,
29133,,0,OI1003,Algebra II,OI1003.3,4,A4;C2;D5,8,,,
29133,,0,E1001,Physical Education and Health 10,E1001.2,6,B1;C4;E2,12,,,
29133,,0,A1006,Chemistry 10,A1006.5,8,B3;D1;E5,38,,,
29133,,0,B1001,Social Sciences 10,B1001.5,1,A1;B4;D2,26,,,
29133,,0,G1004,AP Spanish Language and Culture,G1004.4,7,B2;C5;E4,47,,,
29133,,0,ADVHS01,Advisory HS,ADVHS01.1,9,E3,3,,,
27106,,0,L1303,Pensar nuestro tiempo,L1303.1,7,B2;C5;E4,24,,,
27106,,0,OA1322,AP Physics 2,OA1322.2,8,B3;D1;E5,31,,,
27106,,0,OH1501,Journalism Higher Level,OH1501.1,4,A4;C2;D5,43,,,
27106,,0,OI1303,Financial Math,OI1303.2,5,A5;C3;E1,4,,,
27106,,0,J1203,Tech. and Innovation for Social Change,J1203.2,2,A2;B5;D3,20,,,
27106,,0,OI1305,Calculus,OI1305.4,6,B1;C4;E2,44,,,
27106,,0,G1201,Español & Literatura 12,G1201.4,1,A1;B4;D2,6,,,
27106,,0,E1201,Physical Education and Health 12,E1201.6,3,A3;C1;D4,30,,,
27106,,0,ADVHS01,Advisory HS,ADVHS01.33,9,E3,46,,,
29034,,0,H1206,AP English Language & Composition,H1206.1,3,A3;C1;D4,19,,,
29034,,0,OZ1323,AP Human Geography,OZ1323.1,1,A1;B4;D2,45,,,
29034,,0,OI1003,Algebra II,OI1003.4,5,A5;C3;E1,8,,,
29034,,0,E1001,Physical Education and Health 10,E1001.4,7,B2;C5;E4,12,,,
29034,,0,A1006,Chemistry 10,A1006.1,6,B1;C4;E2,7,,,
29034,,0,B1001,Social Sciences 10,B1001.6,4,A4;C2;D5,26,,,
29034,,0,G1004,AP Spanish Language and Culture,G1004.2,2,A2;B5;D3,47,,,
29034,,0,ADVHS01,Advisory HS,ADVHS01.22,9,E3,35,,,
28109,,0,OH1305,Art of Fiction Intermediate Level,OH1305.1,4,A4;C2;D5,23,,,
28109,,0,G1203,Español & Literatura 11,G1203.4,7,B2;C5;E4,36,,,
28109,,0,L1304,Life Purpose,L1304.4,2,A2;B5;D3,33,,,
28109,,0,OI1305,Calculus,OI1305.4,6,B1;C4;E2,44,,,
28109,,0,A1105,Physics 11,A1105.1,8,B3;D1;E5,7,,,
28109,,0,E1101,Physical Education and Health 11,E1101.1,5,A5;C3;E1,27,,,
28109,,0,ADVHS01,Advisory HS,ADVHS01.23,9,E3,36,,,
28109,,0,OJ1203,Entrepreneurship Business Technology,OJ1203.1,3,A3;C1;D4,22,,,
27171,,0,OH1306,Art of Fiction Higher Level,OH1306.2,7,B2;C5;E4,23,,,
27171,,0,A1204,Environmental Science,A1204.3,8,B3;D1;E5,13,,,
27171,,0,L1304,Life Purpose,L1304.4,2,A2;B5;D3,33,,,
27171,,0,J1203,Tech. and Innovation for Social Change,J1203.4,5,A5;C3;E1,22,,,
27171,,0,OI1305,Calculus,OI1305.3,4,A4;C2;D5,35,,,
27171,,0,G1201,Español & Literatura 12,G1201.5,3,A3;C1;D4,25,,,
27171,,0,E1201,Physical Education and Health 12,E1201.1,1,A1;B4;D2,30,,,
27171,,0,ADVHS01,Advisory HS,ADVHS01.10,9,E3,21,,,
27171,,0,OC1314,AP Drawing,OC1314.1,6,B1;C4;E2,46,,,
28176,,0,I1204,AP Calculus AB,I1204.1,2,A2;B5;D3,44,,,
28176,,0,VHS0052,Spanish Film, Art, and Literature,VHS0052.1,8,B3;D1;E5,25,,,
28176,,0,OH1305,Art of Fiction Intermediate Level,OH1305.2,3,A3;C1;D4,40,,,
28176,,0,I1212,AP Macroeconomics,I1212.2,7,B2;C5;E4,34,,,
28176,,0,I1213,AP Microeconomics,I1213.2,7,B2;C5;E4,34,,,
28176,,0,A1105,Physics 11,A1105.5,4,A4;C2;D5,41,,,
28176,,0,E1101,Physical Education and Health 11,E1101.6,6,B1;C4;E2,27,,,
28176,,0,ADVHS01,Advisory HS,ADVHS01.33,9,E3,46,,,
28176,,0,OC1305,Painting I,OC1305.4,1,A1;B4;D2,46,,,
28139,,0,OH1401,Journalism Intermediate Level,OH1401.2,1,A1;B4;D2,43,,,
28139,,0,G1203,Español & Literatura 11,G1203.3,3,A3;C1;D4,36,,,
28139,,0,L1304,Life Purpose,L1304.4,2,A2;B5;D3,33,,,
28139,,0,A1105,Physics 11,A1105.3,6,B1;C4;E2,41,,,
28139,,0,E1101,Physical Education and Health 11,E1101.5,4,A4;C2;D5,27,,,
28139,,0,OI1003,Algebra II,OI1003.4,5,A5;C3;E1,8,,,
28139,,0,ADVHS01,Advisory HS,ADVHS01.7,9,E3,13,,,
28139,,0,OJ1203,Entrepreneurship Business Technology,OJ1203.2,8,B3;D1;E5,22,,,
28139,,0,C0904,Band Level I,C0904.4,7,B2;C5;E4,3,,,
28024,,0,VHS0052,Spanish Film, Art, and Literature,VHS0052.2,1,A1;B4;D2,25,,,
28024,,0,OB1520,AP Statistics,OB1520.2,5,A5;C3;E1,37,,,
28024,,0,I1214,AP Seminar,I1214.3,6,B1;C4;E2,19,,,
28024,,0,I1212,AP Macroeconomics,I1212.4,3,A3;C1;D4,34,,,
28024,,0,I1213,AP Microeconomics,I1213.4,3,A3;C1;D4,34,,,
28024,,0,A1105,Physics 11,A1105.1,8,B3;D1;E5,7,,,
28024,,0,E1101,Physical Education and Health 11,E1101.5,4,A4;C2;D5,27,,,
28024,,0,ADVHS01,Advisory HS,ADVHS01.21,9,E3,34,,,
28024,,0,OC1305,Painting I,OC1305.1,2,A2;B5;D3,5,,,
28106,,0,OA1319,AP Physics 1,OA1319.2,7,B2;C5;E4,31,,,
28106,,0,OB1520,AP Statistics,OB1520.1,8,B3;D1;E5,37,,,
28106,,0,OH1305,Art of Fiction Intermediate Level,OH1305.3,2,A2;B5;D3,40,,,
28106,,0,G1203,Español & Literatura 11,G1203.3,3,A3;C1;D4,36,,,
28106,,0,I1212,AP Macroeconomics,I1212.1,6,B1;C4;E2,34,,,
28106,,0,I1213,AP Microeconomics,I1213.1,6,B1;C4;E2,34,,,
28106,,0,E1101,Physical Education and Health 11,E1101.5,4,A4;C2;D5,27,,,
28106,,0,OI1003,Algebra II,OI1003.2,1,A1;B4;D2,8,,,
28106,,0,ADVHS01,Advisory HS,ADVHS01.28,9,E3,42,,,
28106,,0,OC1305,Painting I,OC1305.3,5,A5;C3;E1,5,,,
29048,,0,H1001,English 10,H1001.1,4,A4;C2;D5,29,,,
29048,,0,OZ1323,AP Human Geography,OZ1323.3,6,B1;C4;E2,45,,,
29048,,0,OI1003,Algebra II,OI1003.2,1,A1;B4;D2,8,,,
29048,,0,E1001,Physical Education and Health 10,E1001.1,5,A5;C3;E1,12,,,
29048,,0,A1006,Chemistry 10,A1006.5,8,B3;D1;E5,38,,,
29048,,0,B1001,Social Sciences 10,B1001.3,3,A3;C1;D4,26,,,
29048,,0,G1004,AP Spanish Language and Culture,G1004.4,7,B2;C5;E4,47,,,
29048,,0,ADVHS01,Advisory HS,ADVHS01.34,9,E3,47,,,
29048,,0,C0904,Band Level I,C0904.2,2,A2;B5;D3,3,,,
28035,,0,G1202,AP Spanish Literature and Culture,G1202.1,3,A3;C1;D4,6,,,
28035,,0,L1302,Introduction to Law,L1302.1,4,A4;C2;D5,24,,,
28035,,0,H1206,AP English Language & Composition,H1206.2,2,A2;B5;D3,19,,,
28035,,0,L1301,AP Psychology,L1301.1,5,A5;C3;E1,33,,,
28035,,0,A1105,Physics 11,A1105.3,6,B1;C4;E2,41,,,
28035,,0,E1101,Physical Education and Health 11,E1101.3,8,B3;D1;E5,27,,,
28035,,0,OI1003,Algebra II,OI1003.2,1,A1;B4;D2,8,,,
28035,,0,ADVHS01,Advisory HS,ADVHS01.19,9,E3,32,,,
28035,,0,C0904,Band Level I,C0904.4,7,B2;C5;E4,3,,,
26106,,0,OA1322,AP Physics 2,OA1322.1,3,A3;C1;D4,31,,,
26106,,0,OH1306,Art of Fiction Higher Level,OH1306.2,7,B2;C5;E4,23,,,
26106,,0,L1301,AP Psychology,L1301.3,6,B1;C4;E2,33,,,
26106,,0,I1212,AP Macroeconomics,I1212.3,8,B3;D1;E5,34,,,
26106,,0,I1213,AP Microeconomics,I1213.3,8,B3;D1;E5,34,,,
26106,,0,J1203,Tech. and Innovation for Social Change,J1203.4,5,A5;C3;E1,22,,,
26106,,0,OI1305,Calculus,OI1305.3,4,A4;C2;D5,35,,,
26106,,0,G1201,Español & Literatura 12,G1201.4,1,A1;B4;D2,6,,,
26106,,0,ADVHS01,Advisory HS,ADVHS01.15,9,E3,26,,,
27059,,0,OA1318,AP Environmental Science,OA1318.1,1,A1;B4;D2,13,,,
27059,,0,I1208,AP Calculus BC,I1208.1,4,A4;C2;D5,44,,,
27059,,0,OI1303,Financial Math,OI1303.2,5,A5;C3;E1,4,,,
27059,,0,OH1306,Art of Fiction Higher Level,OH1306.2,7,B2;C5;E4,23,,,
27059,,0,L1301,AP Psychology,L1301.3,6,B1;C4;E2,33,,,
27059,,0,J1203,Tech. and Innovation for Social Change,J1203.2,2,A2;B5;D3,20,,,
27059,,0,G1201,Español & Literatura 12,G1201.2,8,B3;D1;E5,6,,,
27059,,0,E1201,Physical Education and Health 12,E1201.6,3,A3;C1;D4,30,,,
27059,,0,ADVHS01,Advisory HS,ADVHS01.21,9,E3,34,,,
30122,,0,I0903,Algebra I 9,I0903.1,6,B1;C4;E2,37,,,
30122,,0,J0901,Technology 9,J0901.3,5,A5;C3;E1,21,,,
30122,,0,C0904,Band Level I,C0904.3,3,A3;C1;D4,3,,,
30122,,0,E0901,Physical Education and Health 9,E0901.4,4,A4;C2;D5,9,,,
30122,,0,A0901,Biology 9,A0901.5,1,A1;B4;D2,49,,,
30122,,0,H0904,English 9,H0904.2,8,B3;D1;E5,29,,,
30122,,0,B0901,Social Studies 9,B0901.3,2,A2;B5;D3,32,,,
30122,,0,ADVHS01,Advisory HS,ADVHS01.32,9,E3,45,,,
27050,,0,OI1303,Financial Math,OI1303.1,4,A4;C2;D5,4,,,
27050,,0,OH1306,Art of Fiction Higher Level,OH1306.3,8,B3;D1;E5,23,,,
27050,,0,A1204,Environmental Science,A1204.2,6,B1;C4;E2,13,,,
27050,,0,L1304,Life Purpose,L1304.1,5,A5;C3;E1,24,,,
27050,,0,J1203,Tech. and Innovation for Social Change,J1203.5,1,A1;B4;D2,22,,,
27050,,0,OI1305,Calculus,OI1305.1,7,B2;C5;E4,35,,,
27050,,0,G1201,Español & Literatura 12,G1201.3,2,A2;B5;D3,6,,,
27050,,0,E1201,Physical Education and Health 12,E1201.6,3,A3;C1;D4,30,,,
27050,,0,ADVHS01,Advisory HS,ADVHS01.17,9,E3,29,,,
29032,,0,B1006,Cultural Studies,B1006.1,6,B1;C4;E2,32,,,
29032,,0,I1214,AP Seminar,I1214.1,1,A1;B4;D2,19,,,
29032,,0,E1001,Physical Education and Health 10,E1001.3,2,A2;B5;D3,12,,,
29032,,0,A1006,Chemistry 10,A1006.4,3,A3;C1;D4,38,,,
29032,,0,B1001,Social Sciences 10,B1001.4,8,B3;D1;E5,26,,,
29032,,0,I1003,Geometry,I1003.5,4,A4;C2;D5,42,,,
29032,,0,G1004,AP Spanish Language and Culture,G1004.4,7,B2;C5;E4,47,,,
29032,,0,ADVHS01,Advisory HS,ADVHS01.3,9,E3,5,,,
29032,,0,C0907,Band Level III,C0907.1,5,A5;C3;E1,3,,,
27169,,0,L1302,Introduction to Law,L1302.2,3,A3;C1;D4,24,,,
27169,,0,OI1303,Financial Math,OI1303.1,4,A4;C2;D5,4,,,
27169,,0,OH1306,Art of Fiction Higher Level,OH1306.2,7,B2;C5;E4,23,,,
27169,,0,A1204,Environmental Science,A1204.3,8,B3;D1;E5,13,,,
27169,,0,J1203,Tech. and Innovation for Social Change,J1203.5,1,A1;B4;D2,22,,,
27169,,0,G1201,Español & Literatura 12,G1201.3,2,A2;B5;D3,6,,,
27169,,0,E1201,Physical Education and Health 12,E1201.4,6,B1;C4;E2,30,,,
27169,,0,ADVHS01,Advisory HS,ADVHS01.5,9,E3,7,,,
30107,,0,J0901,Technology 9,J0901.2,3,A3;C1;D4,21,,,
30107,,0,OC1305,Painting I,OC1305.3,5,A5;C3;E1,5,,,
30107,,0,E0901,Physical Education and Health 9,E0901.3,1,A1;B4;D2,9,,,
30107,,0,A0901,Biology 9,A0901.4,6,B1;C4;E2,49,,,
30107,,0,H0904,English 9,H0904.1,7,B2;C5;E4,29,,,
30107,,0,B0901,Social Studies 9,B0901.5,8,B3;D1;E5,40,,,
30107,,0,I1003,Geometry,I1003.5,4,A4;C2;D5,42,,,
30107,,0,ADVHS01,Advisory HS,ADVHS01.8,9,E3,19,,,
30136,,0,J0903,FRC 9,J0903.2,1,A1;B4;D2,20,,,
30136,,0,OC1305,Painting I,OC1305.2,4,A4;C2;D5,5,,,
30136,,0,E0901,Physical Education and Health 9,E0901.1,5,A5;C3;E1,9,,,
30136,,0,A0901,Biology 9,A0901.2,3,A3;C1;D4,41,,,
30136,,0,H0904,English 9,H0904.4,2,A2;B5;D3,29,,,
30136,,0,B0901,Social Studies 9,B0901.6,6,B1;C4;E2,40,,,
30136,,0,G0901,Español & Literatura 9,G0901.7,8,B3;D1;E5,48,,,
30136,,0,ADVHS01,Advisory HS,ADVHS01.29,9,E3,43,,,
29008,,0,B1006,Cultural Studies,B1006.2,7,B2;C5;E4,32,,,
29008,,0,I1214,AP Seminar,I1214.3,6,B1;C4;E2,19,,,
29008,,0,OI1003,Algebra II,OI1003.3,4,A4;C2;D5,8,,,
29008,,0,E1001,Physical Education and Health 10,E1001.6,8,B3;D1;E5,12,,,
29008,,0,A1006,Chemistry 10,A1006.6,1,A1;B4;D2,38,,,
29008,,0,B1001,Social Sciences 10,B1001.7,5,A5;C3;E1,26,,,
29008,,0,G1004,AP Spanish Language and Culture,G1004.3,3,A3;C1;D4,47,,,
29008,,0,ADVHS01,Advisory HS,ADVHS01.18,9,E3,31,,,
30176,,0,J0901,Technology 9,J0901.1,6,B1;C4;E2,21,,,
30176,,0,I0903,Algebra I 9,I0903.3,4,A4;C2;D5,37,,,
30176,,0,C0904,Band Level I,C0904.4,7,B2;C5;E4,3,,,
30176,,0,E0901,Physical Education and Health 9,E0901.6,8,B3;D1;E5,9,,,
30176,,0,A0901,Biology 9,A0901.2,3,A3;C1;D4,41,,,
30176,,0,H0904,English 9,H0904.7,5,A5;C3;E1,15,,,
30176,,0,B0901,Social Studies 9,B0901.4,1,A1;B4;D2,34,,,
30176,,0,ADVHS01,Advisory HS,ADVHS01.13,9,E3,24,,,
27113,,0,I1208,AP Calculus BC,I1208.1,4,A4;C2;D5,44,,,
27113,,0,OB1532,AP Research,OB1532.1,2,A2;B5;D3,10,,,
27113,,0,H1201B,AP English Literature and Composition,H1201B.2,0,,23,,,
27113,,0,A1204,Environmental Science,A1204.2,6,B1;C4;E2,13,,,
27113,,0,L1301,AP Psychology,L1301.2,3,A3;C1;D4,33,,,
27113,,0,G1201,Español & Literatura 12,G1201.1,7,B2;C5;E4,6,,,
27113,,0,E1201,Physical Education and Health 12,E1201.5,8,B3;D1;E5,30,,,
27113,,0,ADVHS01,Advisory HS,ADVHS01.9,9,E3,20,,,
27113,,0,OZ1313,AP Computer Science A,OZ1313.1,1,A1;B4;D2,50,,,
29041,,0,B1006,Cultural Studies,B1006.1,6,B1;C4;E2,32,,,
29041,,0,H1206,AP English Language & Composition,H1206.1,3,A3;C1;D4,19,,,
29041,,0,E1001,Physical Education and Health 10,E1001.1,5,A5;C3;E1,12,,,
29041,,0,A1006,Chemistry 10,A1006.7,4,A4;C2;D5,38,,,
29041,,0,B1001,Social Sciences 10,B1001.5,1,A1;B4;D2,26,,,
29041,,0,I1003,Geometry,I1003.6,8,B3;D1;E5,42,,,
29041,,0,G1004,AP Spanish Language and Culture,G1004.4,7,B2;C5;E4,47,,,
29041,,0,ADVHS01,Advisory HS,ADVHS01.26,9,E3,40,,,
29041,,0,OZ1207,Anatomy and Physiology,OZ1207.2,2,A2;B5;D3,49,,,
27104,,0,I1204,AP Calculus AB,I1204.1,2,A2;B5;D3,44,,,
27104,,0,OH1501,Journalism Higher Level,OH1501.1,4,A4;C2;D5,43,,,
27104,,0,A1204,Environmental Science,A1204.3,8,B3;D1;E5,13,,,
27104,,0,L1304,Life Purpose,L1304.1,5,A5;C3;E1,24,,,
27104,,0,J1203,Tech. and Innovation for Social Change,J1203.3,7,B2;C5;E4,22,,,
27104,,0,G1201,Español & Literatura 12,G1201.4,1,A1;B4;D2,6,,,
27104,,0,E1201,Physical Education and Health 12,E1201.6,3,A3;C1;D4,30,,,
27104,,0,ADVHS01,Advisory HS,ADVHS01.14,9,E3,25,,,
30081,,0,J0903,FRC 9,J0903.1,8,B3;D1;E5,20,,,
30081,,0,OC1305,Painting I,OC1305.4,1,A1;B4;D2,46,,,
30081,,0,E0901,Physical Education and Health 9,E0901.2,3,A3;C1;D4,9,,,
30081,,0,A0901,Biology 9,A0901.6,4,A4;C2;D5,49,,,
30081,,0,H0904,English 9,H0904.7,5,A5;C3;E1,15,,,
30081,,0,B0901,Social Studies 9,B0901.7,7,B2;C5;E4,40,,,
30081,,0,I1003,Geometry,I1003.1,6,B1;C4;E2,35,,,
30081,,0,ADVHS01,Advisory HS,ADVHS01.7,9,E3,13,,,
28113,,0,OH1305,Art of Fiction Intermediate Level,OH1305.2,3,A3;C1;D4,40,,,
28113,,0,L1301,AP Psychology,L1301.1,5,A5;C3;E1,33,,,
28113,,0,G1203,Español & Literatura 11,G1203.1,2,A2;B5;D3,36,,,
28113,,0,I1212,AP Macroeconomics,I1212.3,8,B3;D1;E5,34,,,
28113,,0,I1213,AP Microeconomics,I1213.3,8,B3;D1;E5,34,,,
28113,,0,OI1305,Calculus,OI1305.1,7,B2;C5;E4,35,,,
28113,,0,A1105,Physics 11,A1105.3,6,B1;C4;E2,41,,,
28113,,0,E1101,Physical Education and Health 11,E1101.4,1,A1;B4;D2,27,,,
28113,,0,ADVHS01,Advisory HS,ADVHS01.23,9,E3,36,,,
28070,,0,I1211,AP Precalculus,I1211.2,6,B1;C4;E2,4,,,
28070,,0,H1206,AP English Language & Composition,H1206.1,3,A3;C1;D4,19,,,
28070,,0,G1203,Español & Literatura 11,G1203.2,1,A1;B4;D2,36,,,
28070,,0,I1212,AP Macroeconomics,I1212.3,8,B3;D1;E5,34,,,
28070,,0,I1213,AP Microeconomics,I1213.3,8,B3;D1;E5,34,,,
28070,,0,A1105,Physics 11,A1105.5,4,A4;C2;D5,41,,,
28070,,0,E1101,Physical Education and Health 11,E1101.2,7,B2;C5;E4,27,,,
28070,,0,ADVHS01,Advisory HS,ADVHS01.32,9,E3,45,,,
28070,,0,OC1307,Drawing I,OC1307.1,5,A5;C3;E1,46,,,
